date,symbol,close,ret_1d
2025-01-10,AAPL,236.85,
2025-01-13,AAPL,234.4,-0.010344099641123039
2025-01-14,AAPL,233.28,-0.004778156996587013
2025-01-15,AAPL,237.87,0.01967592592592604
2025-01-16,AAPL,228.26,-0.040400218606802096
2025-01-17,AAPL,229.98,0.00753526680101646
2025-01-21,AAPL,222.64,-0.031915818766849346
2025-01-22,AAPL,223.83,0.005344951491196737
2025-01-23,AAPL,223.66,-0.0007595049814592691
2025-01-24,AAPL,222.78,-0.003934543503532173
2025-01-27,AAPL,229.86,0.0317802316186373
2025-01-28,AAPL,238.26,0.03654398329417896
2025-01-29,AAPL,239.36,0.004616805170821969
2025-01-30,AAPL,237.59,-0.007394719251336945
2025-01-31,AAPL,236.0,-0.006692200850204166
2025-02-03,AAPL,228.01,-0.033855932203389894
2025-02-04,AAPL,232.8,0.021007850532871464
2025-02-05,AAPL,232.47,-0.0014175257731959823
2025-02-06,AAPL,233.22,0.003226222738417883
2025-02-07,AAPL,227.63,-0.023968784838350077
2025-02-10,AAPL,227.65,8.786188112286375e-05
2025-02-11,AAPL,232.62,0.021831759279595797
2025-02-12,AAPL,236.87,0.018270140142722102
2025-02-13,AAPL,241.53,0.01967323848524516
2025-02-14,AAPL,244.6,0.012710636359872352
2025-02-18,AAPL,244.47,-0.0005314799672935244
2025-02-19,AAPL,244.87,0.001636192579866691
2025-02-20,AAPL,245.83,0.0039204475844325515
2025-02-21,AAPL,245.55,-0.0011389984948948495
2025-02-24,AAPL,247.1,0.006312360008144946
2025-02-25,AAPL,247.04,-0.00024281667341163882
2025-02-26,AAPL,240.36,-0.027040155440414382
2025-02-27,AAPL,237.3,-0.01273090364453322
2025-02-28,AAPL,241.84,0.01913190054782965
2025-03-03,AAPL,238.03,-0.015754217664571635
2025-03-04,AAPL,235.93,-0.008822417342351785
2025-03-05,AAPL,235.74,-0.0008053236129360597
2025-03-06,AAPL,235.33,-0.0017392042080257575
2025-03-07,AAPL,239.07,0.01589257638210162
2025-03-10,AAPL,227.48,-0.048479524825364995
2025-03-11,AAPL,220.84,-0.029189379286091
2025-03-12,AAPL,216.98,-0.017478717623618967
2025-03-13,AAPL,209.68,-0.03364365379297618
2025-03-14,AAPL,213.49,0.018170545593285015
2025-03-17,AAPL,214.0,0.0023888706730994524
2025-03-18,AAPL,212.69,-0.006121495327102822
2025-03-19,AAPL,215.24,0.011989280173021921
2025-03-20,AAPL,214.1,-0.005296413306076997
2025-03-21,AAPL,218.27,0.019476879962634364
2025-03-24,AAPL,220.73,0.011270444861868123
2025-03-25,AAPL,223.75,0.013681873782449117
2025-03-26,AAPL,221.53,-0.009921787709497254
2025-03-27,AAPL,223.85,0.01047262221820966
2025-03-28,AAPL,217.9,-0.026580299307571997
2025-03-31,AAPL,222.13,0.01941257457549339
2025-04-01,AAPL,223.19,0.004771980371854223
2025-04-02,AAPL,223.89,0.003136341233926254
2025-04-03,AAPL,203.19,-0.09245611684309252
2025-04-04,AAPL,188.38,-0.07288744524828983
2025-04-07,AAPL,181.46,-0.03673426053721196
2025-04-08,AAPL,172.42,-0.049818141739226385
2025-04-09,AAPL,198.85,0.15328848161466202
2025-04-10,AAPL,190.42,-0.042393764143827006
2025-04-11,AAPL,198.15,0.040594475370234306
2025-04-14,AAPL,202.52,0.022053999495331933
2025-04-15,AAPL,202.14,-0.001876357890578828
2025-04-16,AAPL,194.27,-0.03893341248639548
2025-04-17,AAPL,196.98,0.013949657692901463
2025-04-21,AAPL,193.16,-0.019392831759569518
2025-04-22,AAPL,199.74,0.03406502381445442
2025-04-23,AAPL,204.6,0.024331631120456443
2025-04-24,AAPL,208.37,0.01842619745845564
2025-04-25,AAPL,209.28,0.004367231367279345
2025-04-28,AAPL,210.14,0.004109327217125314
2025-04-29,AAPL,211.21,0.005091843532882834
2025-04-30,AAPL,212.5,0.006107665356754
2025-05-01,AAPL,213.32,0.0038588235294116924
2025-05-02,AAPL,205.35,-0.03736171010688172
2025-05-05,AAPL,198.89,-0.0314584855125396
2025-05-06,AAPL,198.51,-0.0019106038513750923
2025-05-07,AAPL,196.25,-0.011384816885799176
2025-05-08,AAPL,197.49,0.006318471337579679
2025-05-09,AAPL,198.53,0.005266089422249154
2025-05-12,AAPL,210.79,0.06175389109958185
2025-05-13,AAPL,212.93,0.010152284263959421
2025-05-14,AAPL,212.33,-0.002817827455032118
2025-05-15,AAPL,211.45,-0.004144492064239724
2025-05-16,AAPL,211.26,-0.000898557578623782
2025-05-19,AAPL,208.78,-0.011739089273880454
2025-05-20,AAPL,206.86,-0.009196283168885877
2025-05-21,AAPL,202.09,-0.0230590737696994
2025-05-22,AAPL,201.36,-0.003612251966945368
2025-05-23,AAPL,195.27,-0.030244338498212175
2025-05-27,AAPL,200.21,0.025298304911148595
2025-05-28,AAPL,200.42,0.0010488986564105574
2025-05-29,AAPL,199.95,-0.002345075341782299
2025-05-30,AAPL,200.85,0.004501125281320295
2025-06-02,AAPL,201.7,0.004232013940751678
2025-06-03,AAPL,203.27,0.007783837382250969
2025-06-04,AAPL,202.82,-0.002213804299699973
2025-06-05,AAPL,200.63,-0.010797751701015712
2025-06-06,AAPL,203.92,0.016398345212580434
2025-06-09,AAPL,201.45,-0.012112593173793651
2025-06-10,AAPL,202.67,0.006056093323405287
2025-06-11,AAPL,198.78,-0.01919376326047262
2025-06-12,AAPL,199.2,0.0021128886205854513
2025-06-13,AAPL,196.45,-0.013805220883534086
2025-06-16,AAPL,198.42,0.01002799694578771
2025-06-17,AAPL,195.64,-0.014010684406813856
2025-06-18,AAPL,196.58,0.004804743406256584
2025-06-20,AAPL,201.0,0.02248448468816755
2025-06-23,AAPL,201.5,0.0024875621890547706
2025-06-24,AAPL,200.3,-0.005955334987593042
2025-06-25,AAPL,201.56,0.006290564153769385
2025-06-26,AAPL,201.0,-0.0027783290335383626
2025-06-27,AAPL,201.08,0.0003980099502487455
2025-06-30,AAPL,205.17,0.02034016311915643
2025-07-01,AAPL,207.82,0.012916118340888127
2025-07-02,AAPL,212.44,0.022230776633625382
2025-07-03,AAPL,213.55,0.005225004707211545
2025-07-07,AAPL,209.95,-0.016857878716928232
2025-07-08,AAPL,210.01,0.0002857823291260164
2025-07-09,AAPL,211.14,0.005380696157325726
2025-07-10,AAPL,212.41,0.006014966373022679
2025-07-11,AAPL,211.16,-0.005884845346264322
2025-07-14,AAPL,208.62,-0.012028793332070409
2025-07-15,AAPL,209.11,0.0023487680951010947
2025-07-16,AAPL,210.16,0.005021280665678196
2025-07-17,AAPL,210.02,-0.0006661591168632963
2025-07-18,AAPL,211.18,0.00552328349680975
2025-07-21,AAPL,212.48,0.006155885974050479
2025-07-22,AAPL,214.4,0.009036144578313365
2025-07-23,AAPL,214.15,-0.0011660447761193682
2025-07-24,AAPL,213.76,-0.0018211533971516092
2025-07-25,AAPL,213.88,0.0005613772455090871
2025-07-28,AAPL,214.05,0.000794838227043293
2025-07-29,AAPL,211.27,-0.012987619715019827
2025-07-30,AAPL,209.05,-0.010507880910682998
2025-07-31,AAPL,207.57,-0.0070796460176991705
2025-08-01,AAPL,202.38,-0.02500361323890732
2025-08-04,AAPL,203.35,0.004792963731593991
2025-08-05,AAPL,202.92,-0.002114580772067942
2025-08-06,AAPL,213.25,0.050906761285235635
2025-08-07,AAPL,220.03,0.03179366940211015
2025-08-08,AAPL,229.35,0.04235786029177846
2025-08-11,AAPL,227.18,-0.009461521691737418
2025-08-12,AAPL,229.65,0.01087243595386922
2025-08-13,AAPL,233.33,0.016024384933594593
2025-08-14,AAPL,232.78,-0.0023571765310933523
2025-08-15,AAPL,231.59,-0.005112123034624938
2025-08-18,AAPL,230.89,-0.0030225830130835574
2025-08-19,AAPL,230.56,-0.0014292520247736196
2025-08-20,AAPL,226.01,-0.019734559333795976
2025-08-21,AAPL,224.9,-0.0049112871111897105
2025-08-22,AAPL,227.76,0.012716763005780285
2025-08-25,AAPL,227.16,-0.0026343519494204104
2025-08-26,AAPL,229.31,0.009464694488466208
2025-08-27,AAPL,230.49,0.005145872399808127
2025-08-28,AAPL,232.56,0.008980866848887104
2025-08-29,AAPL,232.14,-0.001805985552115641
2025-09-02,AAPL,229.72,-0.010424743689153027
2025-09-03,AAPL,238.47,0.038089848511231095
2025-09-04,AAPL,239.78,0.005493353461651473
2025-09-05,AAPL,239.69,-0.00037534406539330156
2025-09-08,AAPL,237.88,-0.007551420584922197
2025-09-09,AAPL,234.35,-0.014839414831007258
2025-09-10,AAPL,226.79,-0.03225944100704081
2025-09-11,AAPL,230.03,0.014286344195070466
2025-09-12,AAPL,234.07,0.017562926574794524
2025-09-15,AAPL,236.7,0.011235955056179803
2025-09-16,AAPL,238.15,0.006125897760878907
2025-09-17,AAPL,238.99,0.0035271887465881946
2025-09-18,AAPL,237.88,-0.004644545796895327
2025-09-19,AAPL,245.5,0.03203295779384563
2025-09-22,AAPL,256.08,0.04309572301425657
2025-09-23,AAPL,254.43,-0.006443298969072031
2025-09-24,AAPL,252.31,-0.008332350744802097
2025-09-25,AAPL,256.87,0.01807300542982837
2025-09-26,AAPL,255.46,-0.00548915793981386
2025-09-29,AAPL,254.43,-0.0040319423784546116
2025-09-30,AAPL,254.63,0.0007860708249813886
2025-10-01,AAPL,255.45,0.0032203589522050713
2025-10-02,AAPL,257.13,0.0065766294773927925
2025-10-03,AAPL,258.02,0.0034612841753198786
2025-10-06,AAPL,256.69,-0.005154639175257714
2025-10-07,AAPL,256.48,-0.000818107444777616
2025-10-08,AAPL,258.06,0.006160324391765393
2025-10-09,AAPL,254.04,-0.01557777261102078
2025-10-10,AAPL,245.27,-0.03452212250039355
2025-10-13,AAPL,247.66,0.009744363354670327
2025-10-14,AAPL,247.77,0.0004441573124445153
2025-10-15,AAPL,249.34,0.006336521774226167
2025-10-16,AAPL,247.45,-0.007580011229646355
2025-10-17,AAPL,252.29,0.0195595069711052
2025-10-20,AAPL,262.24,0.03943874113123802
2025-10-21,AAPL,262.77,0.0020210494203782847
2025-10-22,AAPL,258.45,-0.016440232903299434
2025-10-23,AAPL,259.58,0.0043722189978718795
2025-10-24,AAPL,262.82,0.012481701209646312
2025-10-27,AAPL,268.81,0.02279126398295417
2025-10-28,AAPL,269.0,0.0007068189427477112
2025-10-29,AAPL,269.7,0.0026022304832713505
2025-10-30,AAPL,271.4,0.006303299962921782
2025-10-31,AAPL,270.37,-0.0037951363301399477
2025-11-03,AAPL,269.05,-0.004882198468765031
2025-11-04,AAPL,270.04,0.0036796134547483206
2025-11-05,AAPL,270.14,0.00037031550881327924
2025-11-06,AAPL,269.77,-0.0013696601762049898
2025-11-07,AAPL,268.47,-0.004818919820587686
2025-11-10,AAPL,269.43,0.003575818527209673
2025-11-11,AAPL,275.25,0.021601158000222664
2025-11-12,AAPL,273.47,-0.006466848319709229
2025-11-13,AAPL,272.95,-0.0019014882802502742
2025-11-14,AAPL,272.41,-0.0019783843194722817
2025-11-17,AAPL,267.46,-0.01817113909181034
2025-11-18,AAPL,267.44,-7.477753682783028e-05
2025-11-19,AAPL,268.56,0.004187855219862424
2025-11-20,AAPL,266.25,-0.008601429848078657
2025-11-21,AAPL,271.49,0.019680751173708932
2025-11-24,AAPL,275.92,0.01631735975542381
2025-11-25,AAPL,276.97,0.003805450855320469
2025-11-26,AAPL,277.55,0.002094089612593386
2025-11-28,AAPL,278.85,0.004683840749414525
2025-12-01,AAPL,283.1,0.01524116908732287
2025-12-02,AAPL,286.19,0.010914871070293097
2025-12-03,AAPL,284.15,-0.007128131660784853
2025-12-04,AAPL,280.7,-0.012141474573288735
2025-12-05,AAPL,278.78,-0.006840042750267283
2025-12-08,AAPL,277.89,-0.003192481526651747
2025-12-09,AAPL,277.18,-0.0025549677930115644
2025-12-10,AAPL,278.78,0.005772422252687592
2025-12-11,AAPL,278.03,-0.0026902934213358654
2025-12-12,AAPL,278.28,0.0008991835413445504
2025-12-15,AAPL,274.11,-0.014984907287623805
2025-12-16,AAPL,274.61,0.001824085221261429
2025-12-17,AAPL,271.84,-0.010087032518845018
2025-12-18,AAPL,272.19,0.0012875220718069347
2025-12-19,AAPL,273.67,0.0054373783019214805
2025-12-22,AAPL,270.97,-0.00986589688310735
2025-12-23,AAPL,272.36,0.005129719157102253
2025-12-24,AAPL,273.81,0.005323836099280221
2025-12-26,AAPL,273.4,-0.0014973887001936692
2025-12-29,AAPL,273.76,0.0013167520117045584
2025-12-30,AAPL,273.08,-0.002483927527761609
2025-12-31,AAPL,271.86,-0.004467555295151526
2026-01-02,AAPL,271.01,-0.003126609284190507
2026-01-05,AAPL,267.26,-0.01383712778126267
2026-01-06,AAPL,262.36,-0.018334206390780428
2026-01-07,AAPL,260.33,-0.007737459978655381
2026-01-08,AAPL,259.04,-0.004955249106902593
2026-01-09,AAPL,259.37,0.0012739345274861424
2026-01-12,AAPL,260.25,0.0033928364884141526
2026-01-13,AAPL,261.05,0.00307396733909715
2026-01-14,AAPL,259.96,-0.0041754453169892125
2026-01-15,AAPL,258.21,-0.006731804893060467
2026-01-16,AAPL,255.53,-0.010379148754889322
2026-01-20,AAPL,246.7,-0.03455562947599111
2026-01-21,AAPL,247.65,0.0038508309687881326
2026-01-22,AAPL,248.35,0.0028265697557035008
2026-01-23,AAPL,248.04,-0.0012482383732635993
2026-01-26,AAPL,255.41,0.029712949524270282
2026-01-27,AAPL,258.27,0.011197682158098576
2026-01-28,AAPL,256.44,-0.0070856080845626
2026-01-29,AAPL,258.28,0.007175167680548933
2026-01-30,AAPL,259.48,0.004646120489391503
2026-02-02,AAPL,270.01,0.040581162324649256
2026-02-03,AAPL,269.48,-0.0019628902633235246
2026-02-04,AAPL,276.49,0.026013062193854797
2026-02-05,AAPL,275.91,-0.0020977250533472658
2026-02-06,AAPL,278.12,0.00800985828712264
2026-02-09,AAPL,274.62,-0.01258449590104993
2026-02-10,AAPL,273.68,-0.0034229116597480624
2026-02-11,AAPL,275.5,0.006650102309266215
2026-02-12,AAPL,261.73,-0.04998185117967324
2026-02-13,AAPL,255.78,-0.022733351163412796
2026-02-17,AAPL,263.88,0.03166783954961283
2026-02-18,AAPL,264.35,0.0017811126269517974
2026-02-19,AAPL,260.58,-0.01426139587667874
2026-02-20,AAPL,264.58,0.015350372246526911
2026-02-23,AAPL,266.18,0.0060473202812005855
2026-02-24,AAPL,272.14,0.022390863325569166
2026-02-25,AAPL,274.23,0.007679870654810239
2026-02-26,AAPL,272.95,-0.00466761477591815
2026-02-27,AAPL,264.18,-0.03213042681809852
2026-03-02,AAPL,264.72,0.002044060867590458
2026-03-03,AAPL,263.75,-0.0036642490178302456
2026-03-04,AAPL,262.52,-0.004663507109004761
2026-03-05,AAPL,260.29,-0.00849459088831317
2026-03-06,AAPL,257.46,-0.010872488378347422
2026-03-09,AAPL,259.88,0.009399518371785875
2026-03-10,AAPL,260.83,0.003655533323072113
2026-03-11,AAPL,260.81,-7.66782962081658e-05
2026-03-12,AAPL,255.76,-0.01936275449560987
2026-03-13,AAPL,250.12,-0.02205192367844855
2026-03-16,AAPL,252.82,0.010794818487126046
2026-03-17,AAPL,254.23,0.005577090420061603
2026-03-18,AAPL,249.94,-0.016874483735200396
2026-03-19,AAPL,248.96,-0.00392094102584617
2026-03-20,AAPL,247.99,-0.003896208226221054
2026-03-23,AAPL,251.49,0.014113472317432096
2026-03-24,AAPL,251.64,0.0005964451866873333
2026-03-25,AAPL,252.62,0.003894452392306569
2026-03-26,AAPL,252.89,0.0010687989866200454
2026-03-27,AAPL,248.8,-0.016173039661512845
2026-03-30,AAPL,246.63,-0.008721864951768521
2026-03-31,AAPL,253.79,0.02903134249685757
2026-04-01,AAPL,255.63,0.0072500886559754285
2026-04-02,AAPL,255.92,0.0011344521378555683
2026-04-06,AAPL,258.86,0.01148796498905913
2026-04-07,AAPL,253.5,-0.020706173221046176
2026-04-08,AAPL,258.9,0.02130177514792897
2026-04-09,AAPL,260.49,0.006141367323291069
2026-04-10,AAPL,260.48,-3.838918960419324e-05
2026-04-13,AAPL,259.2,-0.004914004914005066
2026-04-14,AAPL,258.83,-0.001427469135802495
2026-04-15,AAPL,266.43,0.029362902291079074
2026-04-16,AAPL,263.4,-0.011372593176444235
2026-04-17,AAPL,270.23,0.025930144267274358
2026-04-20,AAPL,273.05,0.010435554897679777
2026-04-21,AAPL,266.17,-0.025196850393700787
2026-04-22,AAPL,273.17,0.026298981853702497
2026-04-23,AAPL,273.43,0.0009517882637184449
2026-04-24,AAPL,271.06,-0.008667666313133204
2026-04-27,AAPL,267.61,-0.01272780934110529
2026-04-28,AAPL,270.71,0.011584021523859178
2026-04-29,AAPL,270.17,-0.001994754534372478
2026-04-30,AAPL,271.35,0.004367620387163651
2026-05-01,AAPL,280.14,0.032393587617468134
2026-05-04,AAPL,276.83,-0.011815520811023106
2026-05-05,AAPL,284.18,0.02655059061517906
2026-05-06,AAPL,287.51,0.011717925258638795
2026-05-07,AAPL,287.44,-0.0002434697923550111
2026-05-08,AAPL,293.32,0.020456443083773923
2026-05-11,AAPL,292.68,-0.002181917359879937
2026-05-12,AAPL,294.8,0.007243405767391131
2026-05-13,AAPL,298.87,0.013805970149253666
2026-05-14,AAPL,298.21,-0.0022083179977917533
2026-05-15,AAPL,300.23,0.006773750041916937
2026-05-18,AAPL,297.84,-0.0079605635679314
2026-05-19,AAPL,298.97,0.0037939833467635076
2026-05-20,AAPL,302.25,0.010971000434826239
2026-05-21,AAPL,304.99,0.009065343258891634
2026-05-22,AAPL,308.82,0.012557788779959944
2025-01-10,BA,172.0,
2025-01-13,BA,170.57,-0.008313953488372161
2025-01-14,BA,167.02,-0.020812569619510946
2025-01-15,BA,166.2,-0.004909591665668955
2025-01-16,BA,168.93,0.016425992779783405
2025-01-17,BA,171.09,0.012786361214704334
2025-01-21,BA,175.56,0.02612660003506928
2025-01-22,BA,174.8,-0.0043290043290042934
2025-01-23,BA,178.5,0.021167048054919757
2025-01-24,BA,176.06,-0.013669467787114864
2025-01-27,BA,175.16,-0.005111893672611667
2025-01-28,BA,177.78,0.0149577529116236
2025-01-29,BA,173.66,-0.02317471031612106
2025-01-30,BA,179.53,0.03380168144650475
2025-01-31,BA,176.52,-0.016766000111401946
2025-02-03,BA,175.87,-0.003682302288692485
2025-02-04,BA,176.23,0.0020469665093534317
2025-02-05,BA,181.84,0.0318333995346991
2025-02-06,BA,184.8,0.01627804663440391
2025-02-07,BA,181.49,-0.017911255411255378
2025-02-10,BA,180.55,-0.0051793487244475855
2025-02-11,BA,180.44,-0.0006092495153697808
2025-02-12,BA,186.25,0.03219906894258484
2025-02-13,BA,185.44,-0.004348993288590619
2025-02-14,BA,184.42,-0.005500431406384898
2025-02-18,BA,184.97,0.002982322958464456
2025-02-19,BA,186.15,0.00637941287776389
2025-02-20,BA,180.88,-0.028310502283105055
2025-02-21,BA,177.15,-0.02062140645731969
2025-02-24,BA,179.91,0.015580016934801044
2025-02-25,BA,178.27,-0.0091156689455838
2025-02-26,BA,173.04,-0.029337521736691685
2025-02-27,BA,173.83,0.004565418400370058
2025-02-28,BA,174.63,0.004602197549329778
2025-03-03,BA,170.06,-0.026169615759033316
2025-03-04,BA,158.9,-0.06562389744795949
2025-03-05,BA,163.16,0.026809314033983567
2025-03-06,BA,158.43,-0.028989948516793262
2025-03-07,BA,154.18,-0.02682572745060907
2025-03-10,BA,148.15,-0.03911013101569594
2025-03-11,BA,154.06,0.03989200134998305
2025-03-12,BA,158.8,0.03076723354537192
2025-03-13,BA,159.32,0.003274559193954474
2025-03-14,BA,161.81,0.01562892292242024
2025-03-17,BA,161.85,0.00024720351028983956
2025-03-18,BA,161.57,-0.0017299969107198443
2025-03-19,BA,172.62,0.06839140929628029
2025-03-20,BA,172.83,0.0012165450121655041
2025-03-21,BA,178.11,0.030550251692414543
2025-03-24,BA,180.9,0.015664477008590083
2025-03-25,BA,182.59,0.009342177998894474
2025-03-26,BA,178.55,-0.022126074812421237
2025-03-27,BA,179.11,0.003136376365163729
2025-03-28,BA,173.31,-0.03238233487800801
2025-03-31,BA,170.55,-0.015925220702786902
2025-04-01,BA,168.17,-0.01395485194957502
2025-04-02,BA,168.56,0.0023190818814295966
2025-04-03,BA,150.91,-0.10471048884670153
2025-04-04,BA,136.59,-0.09489099463256245
2025-04-07,BA,138.86,0.016619078995534053
2025-04-08,BA,139.39,0.0038167938931295
2025-04-09,BA,160.82,0.1537413013846045
2025-04-10,BA,155.52,-0.03295609998756366
2025-04-11,BA,156.84,0.008487654320987525
2025-04-14,BA,159.28,0.01555725580209133
2025-04-15,BA,155.52,-0.02360622802611745
2025-04-16,BA,156.47,0.006108539094650034
2025-04-17,BA,161.9,0.034703137981721754
2025-04-21,BA,159.34,-0.015812229771463904
2025-04-22,BA,162.52,0.019957323961340645
2025-04-23,BA,172.37,0.06060792517843949
2025-04-24,BA,176.26,0.022567732203979673
2025-04-25,BA,177.95,0.00958810847611491
2025-04-28,BA,182.3,0.02444506883956188
2025-04-29,BA,182.0,-0.001645639056500392
2025-04-30,BA,183.24,0.006813186813186878
2025-05-01,BA,182.89,-0.0019100633049553561
2025-05-02,BA,185.46,0.014052162502050436
2025-05-05,BA,186.46,0.005391998274560494
2025-05-06,BA,185.96,-0.0026815402767349505
2025-05-07,BA,185.56,-0.002151000215100063
2025-05-08,BA,191.7,0.033089027807717164
2025-05-09,BA,194.85,0.016431924882629234
2025-05-12,BA,198.53,0.018886322812419865
2025-05-13,BA,203.42,0.024631038130257243
2025-05-14,BA,204.72,0.00639071871005803
2025-05-15,BA,206.24,0.007424775302852682
2025-05-16,BA,205.82,-0.002036462373933401
2025-05-19,BA,205.25,-0.0027694101642211644
2025-05-20,BA,207.67,0.01179049939098653
2025-05-21,BA,203.21,-0.021476380796455863
2025-05-22,BA,203.41,0.0009842035332905397
2025-05-23,BA,202.36,-0.005161988102846404
2025-05-27,BA,201.03,-0.006572445147262407
2025-05-28,BA,201.5,0.0023379595085311067
2025-05-29,BA,208.18,0.033151364764268054
2025-05-30,BA,207.32,-0.004131040445768175
2025-06-02,BA,211.47,0.020017364460737097
2025-06-03,BA,213.43,0.009268454154253591
2025-06-04,BA,211.98,-0.006793796560933374
2025-06-05,BA,209.02,-0.013963581469949915
2025-06-06,BA,210.8,0.008515931489809558
2025-06-09,BA,217.51,0.031831119544591946
2025-06-10,BA,215.73,-0.008183531791641774
2025-06-11,BA,214.0,-0.00801928336346358
2025-06-12,BA,203.75,-0.04789719626168221
2025-06-13,BA,200.32,-0.016834355828220904
2025-06-16,BA,201.7,0.006888977635782778
2025-06-17,BA,200.26,-0.007139315815567704
2025-06-18,BA,197.68,-0.012883251772695448
2025-06-20,BA,198.75,0.005412788344799635
2025-06-23,BA,201.31,0.012880503144654165
2025-06-24,BA,200.94,-0.0018379613531369632
2025-06-25,BA,198.9,-0.01015228426395931
2025-06-26,BA,202.58,0.0185017596782302
2025-06-27,BA,214.55,0.059087767795438895
2025-06-30,BA,209.53,-0.0233978093684456
2025-07-01,BA,209.79,0.0012408724287691353
2025-07-02,BA,212.03,0.010677344010677325
2025-07-03,BA,215.92,0.018346460406546194
2025-07-07,BA,218.63,0.012550944794368357
2025-07-08,BA,218.52,-0.0005031331473264178
2025-07-09,BA,226.6,0.036976020501555906
2025-07-10,BA,226.09,-0.0022506619593998245
2025-07-11,BA,226.84,0.003317263036843654
2025-07-14,BA,230.51,0.0161788044436606
2025-07-15,BA,230.0,-0.002212485358552785
2025-07-16,BA,229.9,-0.00043478260869567187
2025-07-17,BA,231.0,0.004784688995215225
2025-07-18,BA,229.34,-0.007186147186147185
2025-07-21,BA,229.32,-8.720676724516263e-05
2025-07-22,BA,228.48,-0.00366300366300365
2025-07-23,BA,233.88,0.02363445378151252
2025-07-24,BA,231.27,-0.011159569009748571
2025-07-25,BA,233.06,0.007739871146279276
2025-07-28,BA,236.41,0.014373980949111687
2025-07-29,BA,226.08,-0.043695275157565217
2025-07-30,BA,225.84,-0.0010615711252653925
2025-07-31,BA,221.84,-0.017711654268508625
2025-08-01,BA,221.9,0.0002704652001441765
2025-08-04,BA,222.34,0.0019828751689949797
2025-08-05,BA,224.86,0.011333992983718622
2025-08-06,BA,225.04,0.0008004980876989976
2025-08-07,BA,227.33,0.0101759687166727
2025-08-08,BA,229.12,0.007874015748031482
2025-08-11,BA,225.96,-0.013791899441340738
2025-08-12,BA,232.61,0.0294299876084263
2025-08-13,BA,233.37,0.0032672713984780444
2025-08-14,BA,233.19,-0.0007713073659854075
2025-08-15,BA,235.26,0.008876881512929424
2025-08-18,BA,232.41,-0.01211425656720222
2025-08-19,BA,225.0,-0.0318833096682587
2025-08-20,BA,225.62,0.002755555555555622
2025-08-21,BA,224.46,-0.005141388174807138
2025-08-22,BA,230.12,0.02521607413347593
2025-08-25,BA,226.87,-0.01412306622631665
2025-08-26,BA,234.83,0.035086172698020945
2025-08-27,BA,235.62,0.0033641357577822717
2025-08-28,BA,236.16,0.0022918258212376585
2025-08-29,BA,234.68,-0.006266937669376693
2025-09-02,BA,237.38,0.011505028123401928
2025-09-03,BA,232.38,-0.02106327407532227
2025-09-04,BA,230.75,-0.007014373009725405
2025-09-05,BA,229.61,-0.004940411700975034
2025-09-08,BA,230.95,0.005835982753364277
2025-09-09,BA,229.52,-0.00619181641047839
2025-09-10,BA,227.52,-0.008713837574067629
2025-09-11,BA,219.99,-0.03309599156118148
2025-09-12,BA,215.94,-0.01840992772398753
2025-09-15,BA,215.75,-0.0008798740390849602
2025-09-16,BA,215.02,-0.003383545770567764
2025-09-17,BA,214.63,-0.0018137847642080152
2025-09-18,BA,215.66,0.004798956343474714
2025-09-19,BA,215.65,-4.636928498558124e-05
2025-09-22,BA,212.09,-0.016508230929747292
2025-09-23,BA,216.34,0.020038662831816767
2025-09-24,BA,215.1,-0.00573171859110666
2025-09-25,BA,213.53,-0.007298930729893072
2025-09-26,BA,221.26,0.0362010022010959
2025-09-29,BA,217.08,-0.018891801500497074
2025-09-30,BA,215.83,-0.005758245807996998
2025-10-01,BA,215.2,-0.002918963999444135
2025-10-02,BA,217.43,0.010362453531598703
2025-10-03,BA,216.3,-0.005197074920664124
2025-10-06,BA,219.73,0.015857605177993506
2025-10-07,BA,221.82,0.00951167341737591
2025-10-08,BA,225.32,0.015778559192137775
2025-10-09,BA,216.0,-0.041363394283685406
2025-10-10,BA,210.73,-0.024398148148148224
2025-10-13,BA,215.56,0.022920324585963048
2025-10-14,BA,214.3,-0.00584524030432354
2025-10-15,BA,214.0,-0.0013999066728884735
2025-10-16,BA,211.89,-0.009859813084112212
2025-10-17,BA,212.94,0.0049554013875123815
2025-10-20,BA,216.82,0.01822109514417214
2025-10-21,BA,217.26,0.0020293330873535353
2025-10-22,BA,216.59,-0.0030838626530423907
2025-10-23,BA,217.77,0.005448081628883994
2025-10-24,BA,221.35,0.016439362630297882
2025-10-27,BA,223.0,0.007454257962502764
2025-10-28,BA,223.33,0.0014798206278028303
2025-10-29,BA,213.58,-0.0436573680204182
2025-10-30,BA,200.08,-0.06320816555857289
2025-10-31,BA,201.02,0.004698120751699397
2025-11-03,BA,204.55,0.017560441747089817
2025-11-04,BA,198.05,-0.031777071620630704
2025-11-05,BA,197.62,-0.002171168896743292
2025-11-06,BA,196.5,-0.005667442566541836
2025-11-07,BA,194.61,-0.009618320610686903
2025-11-10,BA,194.81,0.0010276964184778858
2025-11-11,BA,195.21,0.0020532826856938247
2025-11-12,BA,195.5,0.0014855796321908699
2025-11-13,BA,194.58,-0.004705882352941115
2025-11-14,BA,194.52,-0.0003083564600678823
2025-11-17,BA,191.81,-0.013931729385153191
2025-11-18,BA,189.63,-0.011365413690631376
2025-11-19,BA,185.7,-0.020724568897326434
2025-11-20,BA,179.38,-0.03403338718362947
2025-11-21,BA,179.7,0.001783922399375637
2025-11-24,BA,179.12,-0.003227601558152382
2025-11-25,BA,182.44,0.018535060294774475
2025-11-26,BA,186.92,0.024556018417013714
2025-11-28,BA,189.0,0.011127755189385802
2025-12-01,BA,186.46,-0.013439153439153362
2025-12-02,BA,205.38,0.1014694840716508
2025-12-03,BA,202.54,-0.01382802609796474
2025-12-04,BA,201.87,-0.003307988545472429
2025-12-05,BA,201.89,9.907366126715722e-05
2025-12-08,BA,206.27,0.021694982416167408
2025-12-09,BA,200.37,-0.02860328695399239
2025-12-10,BA,198.72,-0.008234765683485579
2025-12-11,BA,200.71,0.010014090177133728
2025-12-12,BA,204.38,0.018285087937820688
2025-12-15,BA,205.5,0.005479988257168111
2025-12-16,BA,206.71,0.005888077858880791
2025-12-17,BA,206.33,-0.0018383242223404261
2025-12-18,BA,208.27,0.009402413609266747
2025-12-19,BA,214.08,0.027896480530081202
2025-12-22,BA,216.84,0.012892376681614248
2025-12-23,BA,216.85,4.611695259182369e-05
2025-12-24,BA,218.16,0.006041042195065627
2025-12-26,BA,216.44,-0.0078841217455079
2025-12-29,BA,217.25,0.003742376640177403
2025-12-30,BA,218.5,0.005753739930955071
2025-12-31,BA,217.12,-0.0063157894736841635
2026-01-02,BA,227.77,0.049051215917464974
2026-01-05,BA,228.13,0.0015805417745970995
2026-01-06,BA,229.84,0.0074957261210713
2026-01-07,BA,228.12,-0.007483466759484858
2026-01-08,BA,227.38,-0.003243906715763689
2026-01-09,BA,234.53,0.03144515788547797
2026-01-12,BA,239.81,0.022513111329041102
2026-01-13,BA,244.55,0.019765647804511843
2026-01-14,BA,242.61,-0.007932938049478588
2026-01-15,BA,247.74,0.021145047607270984
2026-01-16,BA,247.68,-0.0002421893921046303
2026-01-20,BA,249.0,0.005329457364340984
2026-01-21,BA,250.07,0.004297188755020054
2026-01-22,BA,251.41,0.005358499620106372
2026-01-23,BA,252.15,0.0029433992283520727
2026-01-26,BA,248.43,-0.014753123140987534
2026-01-27,BA,244.56,-0.015577828764641977
2026-01-28,BA,241.59,-0.012144259077527031
2026-01-29,BA,234.04,-0.0312512935138044
2026-01-30,BA,233.72,-0.001367287643137871
2026-02-02,BA,233.02,-0.002995036796166306
2026-02-03,BA,233.15,0.0005578920264355247
2026-02-04,BA,235.95,0.012009435985417038
2026-02-05,BA,236.95,0.004238186056367832
2026-02-06,BA,243.03,0.025659421818949202
2026-02-09,BA,244.71,0.006912726823848914
2026-02-10,BA,242.59,-0.00866331576151369
2026-02-11,BA,236.26,-0.02609340863184806
2026-02-12,BA,239.35,0.013078811478879127
2026-02-13,BA,242.96,0.015082515145184994
2026-02-17,BA,244.04,0.004445176160684738
2026-02-18,BA,238.93,-0.020939190296672572
2026-02-19,BA,233.71,-0.02184740300506427
2026-02-20,BA,232.03,-0.007188395875230014
2026-02-23,BA,230.44,-0.006852562168685128
2026-02-24,BA,233.39,0.012801596944974847
2026-02-25,BA,230.36,-0.012982561377950952
2026-02-26,BA,229.41,-0.004123979857614257
2026-02-27,BA,227.53,-0.008194934832832068
2026-03-02,BA,229.74,0.009713004878477705
2026-03-03,BA,224.12,-0.024462435796987925
2026-03-04,BA,227.31,0.014233446368017155
2026-03-05,BA,222.06,-0.023096212221195733
2026-03-06,BA,231.11,0.04075475096820691
2026-03-09,BA,225.0,-0.02643762710397657
2026-03-10,BA,217.76,-0.03217777777777786
2026-03-11,BA,214.1,-0.016807494489346042
2026-03-12,BA,204.76,-0.043624474544605385
2026-03-13,BA,209.89,0.02505372142996687
2026-03-16,BA,213.47,0.017056553432750476
2026-03-17,BA,210.82,-0.012413922331006688
2026-03-18,BA,205.99,-0.022910539796983098
2026-03-19,BA,201.18,-0.0233506480897131
2026-03-20,BA,195.12,-0.030122278556516613
2026-03-23,BA,198.41,0.016861418614185997
2026-03-24,BA,196.42,-0.01002973640441518
2026-03-25,BA,199.61,0.016240708685470118
2026-03-26,BA,194.36,-0.026301287510645754
2026-03-27,BA,190.52,-0.019757151677299856
2026-03-30,BA,189.21,-0.006875918538736148
2026-03-31,BA,199.03,0.05190000528513283
2026-04-01,BA,207.32,0.04165201225945836
2026-04-02,BA,208.22,0.004341115184256283
2026-04-06,BA,212.3,0.019594659494765132
2026-04-07,BA,210.0,-0.010833725859632604
2026-04-08,BA,217.8,0.037142857142857144
2026-04-09,BA,220.06,0.01037649219467407
2026-04-10,BA,217.63,-0.011042442970099042
2026-04-13,BA,222.14,0.02072324587602803
2026-04-14,BA,223.77,0.007337714954533281
2026-04-15,BA,223.93,0.0007150198864904755
2026-04-16,BA,218.88,-0.02255169026034931
2026-04-17,BA,223.38,0.020559210526315708
2026-04-20,BA,225.08,0.007610350076103556
2026-04-21,BA,219.16,-0.026301759374444678
2026-04-22,BA,231.28,0.05530206242014968
2026-04-23,BA,234.15,0.012409200968523049
2026-04-24,BA,232.44,-0.00730301089045482
2026-04-27,BA,231.33,-0.004775425916365483
2026-04-28,BA,230.72,-0.0026369256041154365
2026-04-29,BA,224.11,-0.02864944521497914
2026-04-30,BA,229.03,0.021953504975235294
2026-05-01,BA,227.38,-0.007204296380386888
2026-05-04,BA,221.3,-0.026739379013105746
2026-05-05,BA,224.38,0.013917758698599014
2026-05-06,BA,229.93,0.024734824850699777
2026-05-07,BA,231.03,0.004784064715348091
2026-05-08,BA,237.36,0.027399039085832966
2026-05-11,BA,238.21,0.0035810583080553293
2026-05-12,BA,236.87,-0.005625288610889512
2026-05-13,BA,240.6,0.015747034238189572
2026-05-14,BA,229.21,-0.04733998337489609
2026-05-15,BA,220.49,-0.03804371537018458
2026-05-18,BA,220.61,0.0005442423692685328
2026-05-19,BA,215.01,-0.02538416209600658
2026-05-20,BA,222.2,0.033440305102088175
2026-05-21,BA,219.61,-0.011656165616561576
2026-05-22,BA,219.02,-0.0026865807567961753
2025-01-10,BTC-USD,94701.18,
2025-01-11,BTC-USD,94565.02,-0.0014377856748984952
2025-01-12,BTC-USD,94509.62,-0.0005858403033173198
2025-01-13,BTC-USD,94506.45,-3.354155904977674e-05
2025-01-14,BTC-USD,96534.96,0.02146424926552637
2025-01-15,BTC-USD,100510.23,0.0411795892389657
2025-01-16,BTC-USD,99981.78,-0.0052576737711176325
2025-01-17,BTC-USD,104107.0,0.04125971752053226
2025-01-18,BTC-USD,104435.0,0.003150604666352974
2025-01-19,BTC-USD,101211.13,-0.03086963182840996
2025-01-20,BTC-USD,102145.43,0.009231198189368905
2025-01-21,BTC-USD,106159.26,0.03929524796165618
2025-01-22,BTC-USD,103667.11,-0.023475578107835293
2025-01-23,BTC-USD,103926.36,0.0025007931638105774
2025-01-24,BTC-USD,104850.27,0.008890044835593303
2025-01-25,BTC-USD,104733.56,-0.0011131111059610177
2025-01-26,BTC-USD,102563.0,-0.020724589138381266
2025-01-27,BTC-USD,102062.42,-0.004880707467605272
2025-01-28,BTC-USD,101290.0,-0.007568113709237934
2025-01-29,BTC-USD,103747.25,0.024259551782012112
2025-01-30,BTC-USD,104742.64,0.009594374790657056
2025-01-31,BTC-USD,102411.26,-0.022258174894197902
2025-02-01,BTC-USD,100623.85,-0.017453256604791245
2025-02-02,BTC-USD,97676.52,-0.029290570774225033
2025-02-03,BTC-USD,101460.2,0.03873684279497258
2025-02-04,BTC-USD,97795.05,-0.03612401710227253
2025-02-05,BTC-USD,96638.33,-0.01182800151950436
2025-02-06,BTC-USD,96564.62,-0.000762740829648112
2025-02-07,BTC-USD,96537.08,-0.0002851976220690222
2025-02-08,BTC-USD,96476.25,-0.000630120571287196
2025-02-09,BTC-USD,96475.82,-4.457055492901318e-06
2025-02-10,BTC-USD,97444.41,0.010039717724088737
2025-02-11,BTC-USD,95774.08,-0.017141362957608375
2025-02-12,BTC-USD,97862.53,0.02180600429677848
2025-02-13,BTC-USD,96625.29,-0.01264263247639319
2025-02-14,BTC-USD,97509.03,0.00914605275699576
2025-02-15,BTC-USD,97596.94,0.0009015575275439502
2025-02-16,BTC-USD,96119.88,-0.015134285972490558
2025-02-17,BTC-USD,95781.8,-0.003517274470172027
2025-02-18,BTC-USD,95607.4,-0.0018208052051643664
2025-02-19,BTC-USD,96632.03,0.010717057466263169
2025-02-20,BTC-USD,98347.2,0.017749497759697253
2025-02-21,BTC-USD,96157.03,-0.02226977483853121
2025-02-22,BTC-USD,96582.12,0.004420789618814203
2025-02-23,BTC-USD,96265.98,-0.0032732766686007775
2025-02-24,BTC-USD,91510.82,-0.04939605871149899
2025-02-25,BTC-USD,88583.74,-0.031986162947725716
2025-02-26,BTC-USD,84111.78,-0.050482853851056664
2025-02-27,BTC-USD,84625.19,0.0061039012609174215
2025-02-28,BTC-USD,84297.73,-0.0038695334096148226
2025-03-01,BTC-USD,86018.76,0.020416089496122947
2025-03-02,BTC-USD,94265.48,0.09587117972870107
2025-03-03,BTC-USD,86161.1,-0.08597399599514044
2025-03-04,BTC-USD,87249.96,0.012637489539943259
2025-03-05,BTC-USD,90603.73,0.03843864226413385
2025-03-06,BTC-USD,89921.85,-0.007525959472087895
2025-03-07,BTC-USD,86756.98,-0.03519578389457079
2025-03-08,BTC-USD,86206.69,-0.006342890220475517
2025-03-09,BTC-USD,80699.17,-0.06388738507417469
2025-03-10,BTC-USD,78544.71,-0.026697424521218593
2025-03-11,BTC-USD,82914.51,0.05563455514699833
2025-03-12,BTC-USD,83659.43,0.008984193478318803
2025-03-13,BTC-USD,81073.43,-0.030911040154110503
2025-03-14,BTC-USD,83980.49,0.03585712359770654
2025-03-15,BTC-USD,84351.46,0.004417335502567399
2025-03-16,BTC-USD,82562.57,-0.02120757601587453
2025-03-17,BTC-USD,84011.4,0.01754826672667753
2025-03-18,BTC-USD,82698.76,-0.0156245461925405
2025-03-19,BTC-USD,86877.96,0.050535219633281114
2025-03-20,BTC-USD,84183.42,-0.031015231020617984
2025-03-21,BTC-USD,84061.96,-0.0014428019199028697
2025-03-22,BTC-USD,83852.03,-0.002497324592479311
2025-03-23,BTC-USD,86092.94,0.02672457661430494
2025-03-24,BTC-USD,87523.62,0.016617855076153765
2025-03-25,BTC-USD,87427.88,-0.001093876144519501
2025-03-26,BTC-USD,86926.01,-0.00574038853509895
2025-03-27,BTC-USD,87217.48,0.0033530815460183216
2025-03-28,BTC-USD,84381.8,-0.03251274859122266
2025-03-29,BTC-USD,82616.83,-0.020916477249833476
2025-03-30,BTC-USD,82379.98,-0.002866849284824946
2025-03-31,BTC-USD,82534.32,0.0018735134434362255
2025-04-01,BTC-USD,85170.37,0.031938834656903836
2025-04-02,BTC-USD,82490.08,-0.031469747049355234
2025-04-03,BTC-USD,83174.33,0.008294936797248909
2025-04-04,BTC-USD,83860.16,0.008245693112286068
2025-04-05,BTC-USD,83498.25,-0.004315636888839736
2025-04-06,BTC-USD,78370.75,-0.061408472632659916
2025-04-07,BTC-USD,79140.01,0.0098156518854291
2025-04-08,BTC-USD,76251.64,-0.036496962787848974
2025-04-09,BTC-USD,82594.75,0.08318653867641412
2025-04-10,BTC-USD,79552.34,-0.03683539208000508
2025-04-11,BTC-USD,83380.47,0.048120897512254235
2025-04-12,BTC-USD,85271.01,0.022673654873857085
2025-04-13,BTC-USD,83733.07,-0.018035906927805656
2025-04-14,BTC-USD,84590.36,0.010238368185950808
2025-04-15,BTC-USD,83629.78,-0.011355667477949027
2025-04-16,BTC-USD,84028.72,0.0047703102889904425
2025-04-17,BTC-USD,84961.97,0.011106321743327818
2025-04-18,BTC-USD,84466.47,-0.0058320210795488325
2025-04-19,BTC-USD,85074.99,0.007204278810278186
2025-04-20,BTC-USD,85177.34,0.0012030562683580381
2025-04-21,BTC-USD,87522.07,0.027527626479061373
2025-04-22,BTC-USD,93489.1,0.0681774322750821
2025-04-23,BTC-USD,93740.92,0.002693576042554602
2025-04-24,BTC-USD,94021.96,0.0029980503711719564
2025-04-25,BTC-USD,94708.79,0.007304995556357108
2025-04-26,BTC-USD,94666.64,-0.0004450484479845418
2025-04-27,BTC-USD,93780.57,-0.009359897002787831
2025-04-28,BTC-USD,95042.57,0.013456945292612321
2025-04-29,BTC-USD,94271.09,-0.00811720474309574
2025-04-30,BTC-USD,94182.54,-0.0009393123597064568
2025-05-01,BTC-USD,96524.98,0.024871276565698874
2025-05-02,BTC-USD,96929.81,0.004194043863049668
2025-05-03,BTC-USD,95861.33,-0.011023234235164603
2025-05-04,BTC-USD,94272.55,-0.016573732077366343
2025-05-05,BTC-USD,94733.99,0.004894744016153085
2025-05-06,BTC-USD,96839.17,0.022222013450504896
2025-05-07,BTC-USD,97058.32,0.002263030548485867
2025-05-08,BTC-USD,103253.49,0.06382935538138312
2025-05-09,BTC-USD,102986.96,-0.0025813171060852236
2025-05-10,BTC-USD,104821.19,0.017810313072645245
2025-05-11,BTC-USD,104137.62,-0.006521295932625848
2025-05-12,BTC-USD,102800.21,-0.012842717165996165
2025-05-13,BTC-USD,104131.06,0.012945985227072798
2025-05-14,BTC-USD,103545.38,-0.005624450572192297
2025-05-15,BTC-USD,103786.43,0.002327964801519755
2025-05-16,BTC-USD,103500.03,-0.002759512972938749
2025-05-17,BTC-USD,103161.07,-0.0032749748961424796
2025-05-18,BTC-USD,106473.46,0.03210891472917066
2025-05-19,BTC-USD,105616.18,-0.008051583934625683
2025-05-20,BTC-USD,106883.24,0.011996836090834018
2025-05-21,BTC-USD,109699.54,0.026349313512576744
2025-05-22,BTC-USD,111722.53,0.018441189452572004
2025-05-23,BTC-USD,107329.61,-0.039319911570208754
2025-05-24,BTC-USD,107794.01,0.004326858170825343
2025-05-25,BTC-USD,109048.68,0.01163951503427696
2025-05-26,BTC-USD,109464.32,0.0038115087683776583
2025-05-27,BTC-USD,108978.46,-0.004438523895274771
2025-05-28,BTC-USD,107819.29,-0.01063668912186877
2025-05-29,BTC-USD,105572.58,-0.020837736920730876
2025-05-30,BTC-USD,104033.26,-0.014580679945493502
2025-05-31,BTC-USD,104645.87,0.005888597550437247
2025-06-01,BTC-USD,105697.94,0.01005362180084135
2025-06-02,BTC-USD,105904.94,0.001958410920780418
2025-06-03,BTC-USD,105447.82,-0.004316323676685885
2025-06-04,BTC-USD,104753.38,-0.006585626900584618
2025-06-05,BTC-USD,101570.2,-0.030387372703391646
2025-06-06,BTC-USD,104397.99,0.027840744627853464
2025-06-07,BTC-USD,105619.02,0.011695914835141874
2025-06-08,BTC-USD,105784.4,0.0015658164599519075
2025-06-09,BTC-USD,110301.15,0.042697694556097066
2025-06-10,BTC-USD,110300.24,-8.25014063754459e-06
2025-06-11,BTC-USD,108669.37,-0.01478573392043403
2025-06-12,BTC-USD,105721.05,-0.027131104192469224
2025-06-13,BTC-USD,106118.7,0.0037613133808260812
2025-06-14,BTC-USD,105465.42,-0.006156125169268001
2025-06-15,BTC-USD,105599.25,0.0012689467315447622
2025-06-16,BTC-USD,106853.38,0.011876315409437233
2025-06-17,BTC-USD,104590.44,-0.02117799174906776
2025-06-18,BTC-USD,104915.6,0.0031088883458183503
2025-06-19,BTC-USD,104671.9,-0.002322819485376937
2025-06-20,BTC-USD,103317.8,-0.01293661431578097
2025-06-21,BTC-USD,102160.03,-0.011205910307807598
2025-06-22,BTC-USD,100996.87,-0.011385666194498989
2025-06-23,BTC-USD,105419.39,0.043788683748318125
2025-06-24,BTC-USD,106141.0,0.006845135415790127
2025-06-25,BTC-USD,107400.22,0.01186365306526227
2025-06-26,BTC-USD,107029.64,-0.0034504584813699335
2025-06-27,BTC-USD,107113.38,0.0007824000902927342
2025-06-28,BTC-USD,107352.2,0.002229600074239002
2025-06-29,BTC-USD,108386.44,0.009634082953120737
2025-06-30,BTC-USD,107173.21,-0.011193558899065148
2025-07-01,BTC-USD,105711.78,-0.01363615030286025
2025-07-02,BTC-USD,108888.32,0.030049063595372294
2025-07-03,BTC-USD,109628.83,0.006800637570677948
2025-07-04,BTC-USD,108028.6,-0.014596799035436203
2025-07-05,BTC-USD,108246.65,0.00201844696682163
2025-07-06,BTC-USD,109217.98,0.00897330309991129
2025-07-07,BTC-USD,108269.84,-0.008681171360246709
2025-07-08,BTC-USD,108958.04,0.006356340787055714
2025-07-09,BTC-USD,111282.85,0.02133674577846678
2025-07-10,BTC-USD,116031.3,0.042670096964626536
2025-07-11,BTC-USD,117582.16,0.013365876276487443
2025-07-12,BTC-USD,117472.65,-0.0009313487692351741
2025-07-13,BTC-USD,119130.81,0.014115285557957602
2025-07-14,BTC-USD,119863.71,0.0061520609152243555
2025-07-15,BTC-USD,117781.64,-0.017370311664806737
2025-07-16,BTC-USD,118681.68,0.007641598469846356
2025-07-17,BTC-USD,119273.69,0.004988217221057356
2025-07-18,BTC-USD,118023.05,-0.010485464145529533
2025-07-19,BTC-USD,117914.17,-0.0009225316580109277
2025-07-20,BTC-USD,117312.7,-0.005100913656094108
2025-07-21,BTC-USD,117428.79,0.0009895774285306747
2025-07-22,BTC-USD,120026.42,0.022120895565729715
2025-07-23,BTC-USD,118810.44,-0.010130936172219385
2025-07-24,BTC-USD,118397.04,-0.003479492206240553
2025-07-25,BTC-USD,117633.27,-0.006450921408170274
2025-07-26,BTC-USD,117969.63,0.0028593951354067837
2025-07-27,BTC-USD,119465.52,0.01268029746299959
2025-07-28,BTC-USD,118070.59,-0.011676423456743024
2025-07-29,BTC-USD,117933.39,-0.0011620167223691524
2025-07-30,BTC-USD,117830.15,-0.0008754094154336256
2025-07-31,BTC-USD,115761.13,-0.017559342833731395
2025-08-01,BTC-USD,113248.73,-0.021703312674988595
2025-08-02,BTC-USD,112542.74,-0.006233977193386586
2025-08-03,BTC-USD,114215.73,0.014865374701202416
2025-08-04,BTC-USD,115051.85,0.007320532819778958
2025-08-05,BTC-USD,114112.95,-0.008160668429060491
2025-08-06,BTC-USD,115028.83,0.008026082929238232
2025-08-07,BTC-USD,117515.49,0.021617710968632853
2025-08-08,BTC-USD,116683.79,-0.007077364864836233
2025-08-09,BTC-USD,116492.51,-0.001639302254409114
2025-08-10,BTC-USD,119309.37,0.02418061041005992
2025-08-11,BTC-USD,118701.84,-0.005092056055614025
2025-08-12,BTC-USD,120113.18,0.011889790419423951
2025-08-13,BTC-USD,123365.63,0.027078210734242658
2025-08-14,BTC-USD,118389.79,-0.04033408656852
2025-08-15,BTC-USD,117436.96,-0.008048244700830987
2025-08-16,BTC-USD,117455.68,0.00015940467123787272
2025-08-17,BTC-USD,117488.6,0.00028027593046164867
2025-08-18,BTC-USD,116286.76,-0.010229418003108504
2025-08-19,BTC-USD,112856.19,-0.029500950925109515
2025-08-20,BTC-USD,114276.0,0.01258070115604637
2025-08-21,BTC-USD,112480.3,-0.0157137106654065
2025-08-22,BTC-USD,116908.68,0.03937027194984366
2025-08-23,BTC-USD,115383.87,-0.01304274413157347
2025-08-24,BTC-USD,113478.0,-0.01651764670399769
2025-08-25,BTC-USD,110127.74,-0.029523431854632576
2025-08-26,BTC-USD,111788.01,0.015075856455421643
2025-08-27,BTC-USD,111253.21,-0.004784055105730878
2025-08-28,BTC-USD,112574.85,0.011879567340124408
2025-08-29,BTC-USD,108378.32,-0.037277686801270415
2025-08-30,BTC-USD,108827.93,0.004148523431623419
2025-08-31,BTC-USD,108247.95,-0.005329330439345803
2025-09-01,BTC-USD,109240.55,0.009169688663849929
2025-09-02,BTC-USD,111247.94,0.018375868667816153
2025-09-03,BTC-USD,111756.41,0.0045706014870927625
2025-09-04,BTC-USD,110720.79,-0.009266761521777633
2025-09-05,BTC-USD,110670.02,-0.000458540803402796
2025-09-06,BTC-USD,110212.6,-0.0041331880124355624
2025-09-07,BTC-USD,111129.61,0.008320373532608727
2025-09-08,BTC-USD,112072.57,0.008485227294507736
2025-09-09,BTC-USD,111549.32,-0.004668849835423594
2025-09-10,BTC-USD,113983.97,0.021825771775211056
2025-09-11,BTC-USD,115540.0,0.013651305530067104
2025-09-12,BTC-USD,116106.03,0.004898996018694923
2025-09-13,BTC-USD,115968.35,-0.0011858126576198558
2025-09-14,BTC-USD,115314.13,-0.00564136680395988
2025-09-15,BTC-USD,115381.08,0.0005805879990596896
2025-09-16,BTC-USD,116832.56,0.01257987878081912
2025-09-17,BTC-USD,116484.4,-0.0029799911942356427
2025-09-18,BTC-USD,117117.99,0.005439269121015444
2025-09-19,BTC-USD,115690.55,-0.01218805069998219
2025-09-20,BTC-USD,115752.4,0.0005346158350876262
2025-09-21,BTC-USD,115282.27,-0.004061514059319649
2025-09-22,BTC-USD,112736.59,-0.022082146716923656
2025-09-23,BTC-USD,112017.21,-0.00638106935822691
2025-09-24,BTC-USD,113348.17,0.011881745671044497
2025-09-25,BTC-USD,109035.72,-0.03804604873638451
2025-09-26,BTC-USD,109697.29,0.00606746119528534
2025-09-27,BTC-USD,109681.16,-0.0001470410071204853
2025-09-28,BTC-USD,112197.67,0.02294386747915489
2025-09-29,BTC-USD,114365.07,0.019317691713205853
2025-09-30,BTC-USD,114067.71,-0.00260009459181898
2025-10-01,BTC-USD,118659.97,0.0402590706870507
2025-10-02,BTC-USD,120621.32,0.01652916312046937
2025-10-03,BTC-USD,122318.4,0.014069486223496686
2025-10-04,BTC-USD,122458.56,0.001145861947180471
2025-10-05,BTC-USD,123520.79,0.008674199663951665
2025-10-06,BTC-USD,124720.09,0.009709296710294746
2025-10-07,BTC-USD,121393.95,-0.026668838997790933
2025-10-08,BTC-USD,123343.25,0.016057637139247793
2025-10-09,BTC-USD,121714.51,-0.013204938251586529
2025-10-10,BTC-USD,112980.28,-0.07175997340004903
2025-10-11,BTC-USD,110768.89,-0.019573238798841652
2025-10-12,BTC-USD,115067.98,0.038811348565468196
2025-10-13,BTC-USD,115274.03,0.0017906806046303902
2025-10-14,BTC-USD,113068.0,-0.019137267951853554
2025-10-15,BTC-USD,110804.12,-0.020022287473025147
2025-10-16,BTC-USD,108198.0,-0.023520064055379875
2025-10-17,BTC-USD,106463.3,-0.016032643856633166
2025-10-18,BTC-USD,107208.91,0.007003446258006196
2025-10-19,BTC-USD,108676.78,0.013691679171068838
2025-10-20,BTC-USD,110568.06,0.017402797543320636
2025-10-21,BTC-USD,108362.27,-0.01994961293523634
2025-10-22,BTC-USD,107585.98,-0.007163840329295512
2025-10-23,BTC-USD,110116.03,0.023516539980395157
2025-10-24,BTC-USD,111042.13,0.008410219656484141
2025-10-25,BTC-USD,111666.21,0.005620209194474146
2025-10-26,BTC-USD,114548.09,0.025807986140122363
2025-10-27,BTC-USD,114087.06,-0.004024772477655425
2025-10-28,BTC-USD,112906.75,-0.010345695646815645
2025-10-29,BTC-USD,110032.13,-0.025460125280375112
2025-10-30,BTC-USD,108308.18,-0.01566769633560683
2025-10-31,BTC-USD,109555.27,0.011514273437149614
2025-11-01,BTC-USD,110052.25,0.004536340424335483
2025-11-02,BTC-USD,110536.01,0.004395730209968418
2025-11-03,BTC-USD,106557.98,-0.03598854346199032
2025-11-04,BTC-USD,101468.15,-0.04776582664198403
2025-11-05,BTC-USD,103869.0,0.023661119277329945
2025-11-06,BTC-USD,101290.5,-0.024824538601507684
2025-11-07,BTC-USD,103284.27,0.01968368208272242
2025-11-08,BTC-USD,102285.57,-0.009669429817338093
2025-11-09,BTC-USD,104694.95,0.023555424289076088
2025-11-10,BTC-USD,105979.38,0.012268309025411428
2025-11-11,BTC-USD,103009.35,-0.028024602521735775
2025-11-12,BTC-USD,101639.01,-0.01330306423640193
2025-11-13,BTC-USD,99614.54,-0.019918238085947504
2025-11-14,BTC-USD,94503.96,-0.05130355468187664
2025-11-15,BTC-USD,95544.94,0.011015199786337027
2025-11-16,BTC-USD,94183.97,-0.014244291743759518
2025-11-17,BTC-USD,92100.6,-0.022120218546744175
2025-11-18,BTC-USD,92914.46,0.008836641672258283
2025-11-19,BTC-USD,91461.6,-0.015636532785101465
2025-11-20,BTC-USD,86536.88,-0.05384467361165779
2025-11-21,BTC-USD,85068.88,-0.01696386557962337
2025-11-22,BTC-USD,84684.0,-0.004524333692885185
2025-11-23,BTC-USD,86808.28,0.025084785791885222
2025-11-24,BTC-USD,88266.2,0.016794711287909436
2025-11-25,BTC-USD,87325.01,-0.010663085076733858
2025-11-26,BTC-USD,90468.84,0.036001484568968234
2025-11-27,BTC-USD,91316.7,0.009371845598993067
2025-11-28,BTC-USD,90902.7,-0.004533672373180364
2025-11-29,BTC-USD,90828.06,-0.0008210977231699612
2025-11-30,BTC-USD,90369.51,-0.0050485499745343
2025-12-01,BTC-USD,86282.36,-0.045227090420209115
2025-12-02,BTC-USD,91308.05,0.05824701596015691
2025-12-03,BTC-USD,93453.84,0.02350055663219175
2025-12-04,BTC-USD,92093.54,-0.014555849176449032
2025-12-05,BTC-USD,89345.29,-0.029841941139411077
2025-12-06,BTC-USD,89267.97,-0.0008654065592040849
2025-12-07,BTC-USD,90402.29,0.012706909320330695
2025-12-08,BTC-USD,90653.86,0.0027827834892235614
2025-12-09,BTC-USD,92690.0,0.022460599030201145
2025-12-10,BTC-USD,92035.99,-0.007055885208760326
2025-12-11,BTC-USD,92542.0,0.005497957918418672
2025-12-12,BTC-USD,90278.0,-0.024464567439648977
2025-12-13,BTC-USD,90255.32,-0.0002512239969869601
2025-12-14,BTC-USD,88171.61,-0.023086838537606513
2025-12-15,BTC-USD,86417.5,-0.019894272090528964
2025-12-16,BTC-USD,87854.01,0.01662290624005558
2025-12-17,BTC-USD,86209.77,-0.01871559419996871
2025-12-18,BTC-USD,85460.02,-0.008696810117925113
2025-12-19,BTC-USD,88092.65,0.03080539882859834
2025-12-20,BTC-USD,88324.0,0.0026262122889935124
2025-12-21,BTC-USD,88639.95,0.0035771704180063146
2025-12-22,BTC-USD,88556.77,-0.0009384030564095758
2025-12-23,BTC-USD,87429.32,-0.012731381237143125
2025-12-24,BTC-USD,87609.03,0.0020554889366632967
2025-12-25,BTC-USD,87171.68,-0.0049920653156416694
2025-12-26,BTC-USD,87296.01,0.0014262659616059992
2025-12-27,BTC-USD,87808.0,0.005864987414659684
2025-12-28,BTC-USD,87877.29,0.0007891080539357276
2025-12-29,BTC-USD,87110.78,-0.008722503845987939
2025-12-30,BTC-USD,88397.5,0.014771076553326656
2025-12-31,BTC-USD,87497.94,-0.010176305891003712
2026-01-01,BTC-USD,88738.34,0.01417633375140026
2026-01-02,BTC-USD,89957.99,0.013744340946652889
2026-01-03,BTC-USD,90598.02,0.00711476545885481
2026-01-04,BTC-USD,91494.0,0.009889620104280405
2026-01-05,BTC-USD,93870.06,0.02596957177519843
2026-01-06,BTC-USD,93722.01,-0.001577180199948791
2026-01-07,BTC-USD,91279.73,-0.026058766772074082
2026-01-08,BTC-USD,91026.0,-0.0027796970915667796
2026-01-09,BTC-USD,90515.45,-0.005608837035572245
2026-01-10,BTC-USD,90385.54,-0.0014352245942543806
2026-01-11,BTC-USD,90872.01,0.005382166218180551
2026-01-12,BTC-USD,91188.09,0.00347829876328265
2026-01-13,BTC-USD,95384.23,0.046016316385177
2026-01-14,BTC-USD,96955.16,0.016469493961423165
2026-01-15,BTC-USD,95587.65,-0.01410456132504978
2026-01-16,BTC-USD,95504.0,-0.0008751130506922111
2026-01-17,BTC-USD,95109.99,-0.004125586362874745
2026-01-18,BTC-USD,93633.53,-0.015523711021313336
2026-01-19,BTC-USD,92559.66,-0.011468861635356431
2026-01-20,BTC-USD,88310.6,-0.04590617554126708
2026-01-21,BTC-USD,89363.71,0.011925069017762358
2026-01-22,BTC-USD,89463.5,0.0011166725284792456
2026-01-23,BTC-USD,89474.93,0.00012776160109972956
2026-01-24,BTC-USD,89082.17,-0.004389609469378719
2026-01-25,BTC-USD,86561.94,-0.02829107104148898
2026-01-26,BTC-USD,88250.01,0.019501295835097965
2026-01-27,BTC-USD,89116.96,0.009823794920816642
2026-01-28,BTC-USD,89162.4,0.000509891719825184
2026-01-29,BTC-USD,84513.2,-0.05214305581725032
2026-01-30,BTC-USD,84110.99,-0.004759138217461767
2026-01-31,BTC-USD,78648.0,-0.06494977647986311
2026-02-01,BTC-USD,76895.53,-0.022282448377581088
2026-02-02,BTC-USD,78666.85,0.023035409210392377
2026-02-03,BTC-USD,75661.49,-0.03820363977965302
2026-02-04,BTC-USD,72998.0,-0.03520271673211839
2026-02-05,BTC-USD,62791.0,-0.139825748650648
2026-02-06,BTC-USD,70527.7,0.12321351786083978
2026-02-07,BTC-USD,69244.74,-0.01819086685089677
2026-02-08,BTC-USD,70279.33,0.014941062671330663
2026-02-09,BTC-USD,70101.99,-0.002523359286435989
2026-02-10,BTC-USD,68803.65,-0.018520729582712447
2026-02-11,BTC-USD,67024.93,-0.02585211685717259
2026-02-12,BTC-USD,66208.0,-0.012188449879768526
2026-02-13,BTC-USD,68812.0,0.03933059449009191
2026-02-14,BTC-USD,69786.96,0.014168458989711086
2026-02-15,BTC-USD,68792.0,-0.014257104765704187
2026-02-16,BTC-USD,68858.13,0.0009613036399582775
2026-02-17,BTC-USD,67466.7,-0.020207199934125564
2026-02-18,BTC-USD,66419.79,-0.01551743304474662
2026-02-19,BTC-USD,66972.5,0.008321465635467984
2026-02-20,BTC-USD,67984.42,0.015109485236477704
2026-02-21,BTC-USD,67955.78,-0.0004212729916648339
2026-02-22,BTC-USD,67617.98,-0.004970879592582134
2026-02-23,BTC-USD,64625.78,-0.04425154374620477
2026-02-24,BTC-USD,64068.33,-0.008625814651676111
2026-02-25,BTC-USD,67992.68,0.06125257205861301
2026-02-26,BTC-USD,67490.51,-0.007385647984459509
2026-02-27,BTC-USD,65859.94,-0.02415998930812635
2026-02-28,BTC-USD,66967.85,0.016822213928527674
2026-03-01,BTC-USD,65769.0,-0.017901873809596736
2026-03-02,BTC-USD,68832.01,0.04657224528273196
2026-03-03,BTC-USD,68335.99,-0.007206240236192318
2026-03-04,BTC-USD,72683.26,0.0636161120955443
2026-03-05,BTC-USD,70887.6,-0.024705276015412503
2026-03-06,BTC-USD,68108.24,-0.03920798559973815
2026-03-07,BTC-USD,67259.62,-0.012459872696754637
2026-03-08,BTC-USD,65970.56,-0.019165436854980733
2026-03-09,BTC-USD,68432.17,0.03731376541293563
2026-03-10,BTC-USD,69960.83,0.022338324212135996
2026-03-11,BTC-USD,70208.0,0.0035329769529606203
2026-03-12,BTC-USD,70531.56,0.004608591613491253
2026-03-13,BTC-USD,70944.33,0.005852273790626583
2026-03-14,BTC-USD,71232.02,0.0040551514123821075
2026-03-15,BTC-USD,72830.01,0.022433590960918792
2026-03-16,BTC-USD,74886.47,0.02823643715001567
2026-03-17,BTC-USD,73934.11,-0.012717384061500026
2026-03-18,BTC-USD,71245.02,-0.036371439380280535
2026-03-19,BTC-USD,69918.3,-0.018621933154064685
2026-03-20,BTC-USD,70497.01,0.008276946092796722
2026-03-21,BTC-USD,68912.02,-0.022483081197344212
2026-03-22,BTC-USD,67844.94,-0.015484671614618195
2026-03-23,BTC-USD,70874.23,0.04465019793664782
2026-03-24,BTC-USD,70533.49,-0.004807671279109305
2026-03-25,BTC-USD,71301.53,0.010889011730455866
2026-03-26,BTC-USD,68769.02,-0.03551831215964085
2026-03-27,BTC-USD,66353.34,-0.03512744546890456
2026-03-28,BTC-USD,66320.15,-0.0005002008941825675
2026-03-29,BTC-USD,65956.94,-0.005476616081236174
2026-03-30,BTC-USD,66737.18,0.01182953605791881
2026-03-31,BTC-USD,68221.85,0.0222465198559485
2026-04-01,BTC-USD,68112.35,-0.0016050576171710018
2026-04-02,BTC-USD,66894.48,-0.01788031098618692
2026-04-03,BTC-USD,66959.99,0.0009793035239979986
2026-04-04,BTC-USD,67291.73,0.004954301815158546
2026-04-05,BTC-USD,69005.0,0.025460335170458537
2026-04-06,BTC-USD,68853.61,-0.002193898992826626
2026-04-07,BTC-USD,71910.2,0.04439258885627062
2026-04-08,BTC-USD,71085.99,-0.011461656343606186
2026-04-09,BTC-USD,71798.01,0.010016319671428686
2026-04-10,BTC-USD,72997.88,0.016711744517710292
2026-04-11,BTC-USD,73086.0,0.0012071583448725054
2026-04-12,BTC-USD,70755.35,-0.03188914429576106
2026-04-13,BTC-USD,74446.0,0.05216072000209171
2026-04-14,BTC-USD,74179.04,-0.0035859549203450802
2026-04-15,BTC-USD,74836.31,0.008860589190693213
2026-04-16,BTC-USD,75163.09,0.004366596909975984
2026-04-17,BTC-USD,77098.01,0.02574295442084673
2026-04-18,BTC-USD,75736.82,-0.017655319508246503
2026-04-19,BTC-USD,73823.14,-0.025267498688220646
2026-04-20,BTC-USD,75864.86,0.027656910827688952
2026-04-21,BTC-USD,76348.58,0.006376074509331531
2026-04-22,BTC-USD,78208.52,0.02436116035163982
2026-04-23,BTC-USD,78281.32,0.0009308448747016307
2026-04-24,BTC-USD,77461.8,-0.010468908802253263
2026-04-25,BTC-USD,77650.72,0.0024388795509528993
2026-04-26,BTC-USD,78673.83,0.013175795407949886
2026-04-27,BTC-USD,77364.42,-0.016643526824612453
2026-04-28,BTC-USD,76317.99,-0.013525985200948831
2026-04-29,BTC-USD,75752.88,-0.007404676145165823
2026-04-30,BTC-USD,76305.78,0.0072987324046291935
2026-05-01,BTC-USD,78234.05,0.02527030062467106
2026-05-02,BTC-USD,78682.31,0.00572973021337897
2026-05-03,BTC-USD,78558.89,-0.001568586382377446
2026-05-04,BTC-USD,79852.37,0.01646510025790837
2026-05-05,BTC-USD,80907.72,0.013216263963111041
2026-05-06,BTC-USD,81438.1,0.006555369499968711
2026-05-07,BTC-USD,80005.38,-0.01759274835734137
2026-05-08,BTC-USD,80188.82,0.002292845806119548
2026-05-09,BTC-USD,80655.96,0.005825500362768743
2026-05-10,BTC-USD,82199.99,0.019143408621012048
2026-05-11,BTC-USD,81727.06,-0.005753407025962054
2026-05-12,BTC-USD,80484.72,-0.015201085173013662
2026-05-13,BTC-USD,79288.26,-0.014865678851836761
2026-05-14,BTC-USD,81079.39,0.02259010350334334
2026-05-15,BTC-USD,79058.51,-0.02492470651296219
2026-05-16,BTC-USD,78105.45,-0.012055122212649816
2026-05-17,BTC-USD,77407.59,-0.008934843855326391
2026-05-18,BTC-USD,76943.98,-0.005989205968045308
2026-05-19,BTC-USD,76767.48,-0.002293876661955907
2026-05-20,BTC-USD,77475.99,0.009229298656149743
2026-05-21,BTC-USD,77547.62,0.000924544494365076
2026-05-22,BTC-USD,75443.91,-0.027127976332477877
2026-05-23,BTC-USD,76650.0,0.015986578638355287
2026-05-24,BTC-USD,76975.99,0.004252968036529747
2026-05-25,BTC-USD,77507.98,0.0069111160506021285
2025-01-10,FXI,28.65,
2025-01-13,FXI,28.79,0.00488656195462478
2025-01-14,FXI,29.42,0.021882598124348895
2025-01-15,FXI,29.82,0.013596193065941398
2025-01-16,FXI,29.83,0.0003353454057679617
2025-01-17,FXI,30.41,0.019443513241703014
2025-01-21,FXI,30.75,0.011180532719500258
2025-01-22,FXI,30.53,-0.0071544715447153795
2025-01-23,FXI,30.56,0.0009826400262036294
2025-01-24,FXI,31.32,0.02486910994764413
2025-01-27,FXI,31.6,0.008939974457215838
2025-01-28,FXI,31.96,0.0113924050632912
2025-01-29,FXI,31.83,-0.00406758448060085
2025-01-30,FXI,32.59,0.023876845743009856
2025-01-31,FXI,31.89,-0.02147898128260206
2025-02-03,FXI,31.72,-0.005330824709940507
2025-02-04,FXI,32.47,0.023644388398486704
2025-02-05,FXI,31.93,-0.01663073606405907
2025-02-06,FXI,32.28,0.010961478233636024
2025-02-07,FXI,32.73,0.013940520446096505
2025-02-10,FXI,33.62,0.027192178429575442
2025-02-11,FXI,33.34,-0.008328375966686341
2025-02-12,FXI,34.17,0.024895020995800765
2025-02-13,FXI,34.16,-0.0002926543751831101
2025-02-14,FXI,35.04,0.025761124121779888
2025-02-18,FXI,35.3,0.00742009132420085
2025-02-19,FXI,35.05,-0.007082152974504208
2025-02-20,FXI,35.73,0.0194008559201142
2025-02-21,FXI,36.24,0.014273719563392184
2025-02-24,FXI,35.03,-0.033388520971302404
2025-02-25,FXI,35.38,0.009991435912075408
2025-02-26,FXI,36.44,0.02996042962125478
2025-02-27,FXI,36.05,-0.01070252469813393
2025-02-28,FXI,35.23,-0.022746185852981937
2025-03-03,FXI,34.51,-0.02043712744819748
2025-03-04,FXI,35.04,0.015357867284845117
2025-03-05,FXI,36.79,0.04994292237442921
2025-03-06,FXI,36.97,0.0048926338678989545
2025-03-07,FXI,36.96,-0.00027048958615083496
2025-03-10,FXI,35.97,-0.0267857142857143
2025-03-11,FXI,36.39,0.011676396997498006
2025-03-12,FXI,36.35,-0.0010992030777685624
2025-03-13,FXI,36.59,0.006602475928473295
2025-03-14,FXI,37.66,0.02924296255807568
2025-03-17,FXI,38.55,0.023632501327668587
2025-03-18,FXI,38.49,-0.0015564202334629185
2025-03-19,FXI,38.33,-0.0041569238763315974
2025-03-20,FXI,37.23,-0.02869814766501444
2025-03-21,FXI,36.56,-0.017996239591726915
2025-03-24,FXI,36.67,0.003008752735229825
2025-03-25,FXI,36.3,-0.01008999181892567
2025-03-26,FXI,36.27,-0.0008264462809915996
2025-03-27,FXI,36.68,0.011304108078301622
2025-03-28,FXI,35.84,-0.022900763358778553
2025-03-31,FXI,35.84,0.0
2025-04-01,FXI,35.76,-0.0022321428571430157
2025-04-02,FXI,35.54,-0.00615212527964204
2025-04-03,FXI,35.22,-0.009003939223410251
2025-04-04,FXI,32.74,-0.07041453719477564
2025-04-07,FXI,30.0,-0.08368967623701895
2025-04-08,FXI,29.59,-0.013666666666666716
2025-04-09,FXI,31.68,0.07063197026022294
2025-04-10,FXI,31.56,-0.0037878787878787845
2025-04-11,FXI,32.94,0.04372623574144474
2025-04-14,FXI,33.37,0.013054037644201655
2025-04-15,FXI,33.18,-0.005693736889421541
2025-04-16,FXI,32.42,-0.02290536467751647
2025-04-17,FXI,32.4,-0.0006169031462061048
2025-04-21,FXI,32.43,0.0009259259259259967
2025-04-22,FXI,33.46,0.03176071538698744
2025-04-23,FXI,33.83,0.011057979677226548
2025-04-24,FXI,34.11,0.008276677505173025
2025-04-25,FXI,33.98,-0.003811199061858783
2025-04-28,FXI,34.0,0.0005885815185404653
2025-04-29,FXI,33.8,-0.005882352941176561
2025-04-30,FXI,33.86,0.0017751479289942473
2025-05-01,FXI,33.79,-0.0020673360897814907
2025-05-02,FXI,34.91,0.033145901154187474
2025-05-05,FXI,34.87,-0.0011458034947006146
2025-05-06,FXI,35.27,0.011471178663607917
2025-05-07,FXI,34.47,-0.022682166146867133
2025-05-08,FXI,35.0,0.015375689004931914
2025-05-09,FXI,34.83,-0.004857142857142893
2025-05-12,FXI,36.04,0.03474016652311218
2025-05-13,FXI,35.74,-0.008324084350721295
2025-05-14,FXI,36.31,0.015948517067711165
2025-05-15,FXI,35.75,-0.015422748554117405
2025-05-16,FXI,35.64,-0.003076923076923088
2025-05-19,FXI,35.86,0.006172839506172867
2025-05-20,FXI,36.26,0.01115448968209698
2025-05-21,FXI,36.09,-0.00468836183121879
2025-05-22,FXI,35.91,-0.004987531172069959
2025-05-23,FXI,35.97,0.001670843776107045
2025-05-27,FXI,35.6,-0.010286349735890932
2025-05-28,FXI,35.24,-0.010112359550561778
2025-05-29,FXI,35.62,0.010783200908058843
2025-05-30,FXI,35.0,-0.017405951712521017
2025-06-02,FXI,35.35,0.010000000000000009
2025-06-03,FXI,35.7,0.00990099009900991
2025-06-04,FXI,36.37,0.018767507002801054
2025-06-05,FXI,36.63,0.007148748968930585
2025-06-06,FXI,36.59,-0.001092001092001027
2025-06-09,FXI,37.06,0.012845039628313737
2025-06-10,FXI,37.22,0.004317323259579009
2025-06-11,FXI,37.41,0.005104782375067174
2025-06-12,FXI,37.26,-0.00400962309542896
2025-06-13,FXI,36.58,-0.018250134192163148
2025-06-16,FXI,36.67,0.002460360852925225
2025-06-17,FXI,36.24,-0.011726206708481013
2025-06-18,FXI,35.75,-0.013520971302428353
2025-06-20,FXI,35.52,-0.006433566433566296
2025-06-23,FXI,36.08,0.015765765765765716
2025-06-24,FXI,37.1,0.028270509977827096
2025-06-25,FXI,37.06,-0.0010781671159029171
2025-06-26,FXI,37.16,0.002698327037236714
2025-06-27,FXI,36.81,-0.00941872981700742
2025-06-30,FXI,36.76,-0.0013583265417007606
2025-07-01,FXI,36.83,0.0019042437431990855
2025-07-02,FXI,36.69,-0.003801248981808336
2025-07-03,FXI,36.27,-0.011447260834014594
2025-07-07,FXI,36.31,0.0011028398125172423
2025-07-08,FXI,36.69,0.010465436518865223
2025-07-09,FXI,36.18,-0.013900245298446356
2025-07-10,FXI,36.52,0.009397457158651257
2025-07-11,FXI,36.48,-0.0010952902519169028
2025-07-14,FXI,36.91,0.011787280701754277
2025-07-15,FXI,37.64,0.019777837984286117
2025-07-16,FXI,37.47,-0.0045164718384697045
2025-07-17,FXI,37.59,0.0032025620496398677
2025-07-18,FXI,38.06,0.012503325352487327
2025-07-21,FXI,38.21,0.003941145559642534
2025-07-22,FXI,38.74,0.013870714472651091
2025-07-23,FXI,39.08,0.008776458440887813
2025-07-24,FXI,38.9,-0.004605936540429845
2025-07-25,FXI,38.65,-0.006426735218509005
2025-07-28,FXI,38.48,-0.0043984476067270295
2025-07-29,FXI,38.22,-0.006756756756756688
2025-07-30,FXI,37.78,-0.011512297226582868
2025-07-31,FXI,37.44,-0.00899947061937545
2025-08-01,FXI,36.83,-0.016292735042734985
2025-08-04,FXI,37.47,0.017377138202552267
2025-08-05,FXI,37.64,0.004536962903656239
2025-08-06,FXI,37.79,0.00398512221041436
2025-08-07,FXI,37.74,-0.0013231013495632604
2025-08-08,FXI,37.67,-0.0018547959724430907
2025-08-11,FXI,37.33,-0.009025749933634253
2025-08-12,FXI,37.94,0.016340744709349098
2025-08-13,FXI,39.09,0.030311017395888484
2025-08-14,FXI,38.34,-0.019186492709132752
2025-08-15,FXI,38.34,0.0
2025-08-18,FXI,38.58,0.0062597809076681
2025-08-19,FXI,38.22,-0.009331259720062213
2025-08-20,FXI,38.43,0.005494505494505475
2025-08-21,FXI,38.37,-0.0015612802498049527
2025-08-22,FXI,39.24,0.022673964034402028
2025-08-25,FXI,39.14,-0.0025484199796126372
2025-08-26,FXI,39.22,0.0020439448134899063
2025-08-27,FXI,38.22,-0.02549719530851602
2025-08-28,FXI,38.56,0.008895866038723277
2025-08-29,FXI,38.91,0.009076763485476924
2025-09-02,FXI,39.26,0.008995116936520109
2025-09-03,FXI,38.91,-0.008914926133469225
2025-09-04,FXI,38.33,-0.01490619378051905
2025-09-05,FXI,38.9,0.014870858335507497
2025-09-08,FXI,39.44,0.013881748071979505
2025-09-09,FXI,39.97,0.01343813387423931
2025-09-10,FXI,39.72,-0.006254691018263703
2025-09-11,FXI,40.74,0.025679758308157163
2025-09-12,FXI,40.49,-0.006136475208640135
2025-09-15,FXI,40.78,0.0071622622869844665
2025-09-16,FXI,41.05,0.0066208925944089
2025-09-17,FXI,41.62,0.013885505481120664
2025-09-18,FXI,41.08,-0.012974531475252293
2025-09-19,FXI,40.93,-0.0036514118792599914
2025-09-22,FXI,40.65,-0.00684094795993162
2025-09-23,FXI,40.1,-0.013530135301352941
2025-09-24,FXI,40.57,0.01172069825436406
2025-09-25,FXI,40.67,0.0024648755237861586
2025-09-26,FXI,40.33,-0.00835997049422188
2025-09-29,FXI,40.98,0.016117034465658264
2025-09-30,FXI,41.14,0.003904343582235237
2025-10-01,FXI,41.38,0.005833738454059434
2025-10-02,FXI,41.75,0.00894151764137252
2025-10-03,FXI,41.42,-0.007904191616766476
2025-10-06,FXI,41.4,-0.0004828585224530002
2025-10-07,FXI,40.93,-0.011352657004830902
2025-10-08,FXI,41.05,0.002931834839970726
2025-10-09,FXI,40.51,-0.013154689403166886
2025-10-10,FXI,38.33,-0.053813873117748656
2025-10-13,FXI,39.53,0.03130707018001577
2025-10-14,FXI,39.4,-0.003288641538072401
2025-10-15,FXI,39.8,0.010152284263959421
2025-10-16,FXI,39.99,0.00477386934673385
2025-10-17,FXI,40.0,0.00025006251562875725
2025-10-20,FXI,40.49,0.012250000000000094
2025-10-21,FXI,39.94,-0.013583600889108483
2025-10-22,FXI,39.74,-0.005007511266900244
2025-10-23,FXI,40.41,0.016859587317564095
2025-10-24,FXI,40.55,0.0034644889878743257
2025-10-27,FXI,41.08,0.013070283600493227
2025-10-28,FXI,40.86,-0.005355404089581239
2025-10-29,FXI,40.97,0.002692119432207596
2025-10-30,FXI,40.15,-0.020014644862094255
2025-10-31,FXI,39.71,-0.010958904109588996
2025-11-03,FXI,39.83,0.003021908839083265
2025-11-04,FXI,39.37,-0.011549083605322696
2025-11-05,FXI,39.77,0.010160020320040708
2025-11-06,FXI,40.14,0.009303495096806502
2025-11-07,FXI,39.94,-0.004982561036372735
2025-11-10,FXI,40.76,0.020530796194291545
2025-11-11,FXI,40.76,0.0
2025-11-12,FXI,40.91,0.003680078508341511
2025-11-13,FXI,40.65,-0.0063554143241261185
2025-11-14,FXI,40.12,-0.013038130381303858
2025-11-17,FXI,39.67,-0.011216350947158449
2025-11-18,FXI,39.51,-0.004033274514746776
2025-11-19,FXI,39.11,-0.01012401923563655
2025-11-20,FXI,38.58,-0.013551521350038342
2025-11-21,FXI,38.72,0.003628823224468558
2025-11-24,FXI,39.35,0.016270661157024913
2025-11-25,FXI,39.6,0.006353240152477735
2025-11-26,FXI,39.37,-0.005808080808080929
2025-11-28,FXI,39.53,0.004064008128016328
2025-12-01,FXI,39.64,0.0027826966860611257
2025-12-02,FXI,39.49,-0.0037840565085771605
2025-12-03,FXI,39.21,-0.0070904026335781856
2025-12-04,FXI,39.31,0.002550369803621555
2025-12-05,FXI,39.89,0.014754515390485778
2025-12-08,FXI,39.47,-0.010528954625219411
2025-12-09,FXI,38.82,-0.01646820369901192
2025-12-10,FXI,39.09,0.006955177743431351
2025-12-11,FXI,39.19,0.0025581990278842337
2025-12-12,FXI,39.08,-0.0028068384792038215
2025-12-15,FXI,38.74,-0.0087001023541452
2025-12-16,FXI,37.96,-0.020134228187919545
2025-12-17,FXI,37.85,-0.002897787144362507
2025-12-18,FXI,38.21,0.009511228533685578
2025-12-19,FXI,38.6,0.010206752159120702
2025-12-22,FXI,38.63,0.0007772020725389517
2025-12-23,FXI,38.53,-0.0025886616619208436
2025-12-24,FXI,38.55,0.0005190760446405207
2025-12-26,FXI,38.93,0.009857328145265853
2025-12-29,FXI,38.47,-0.01181608014384794
2025-12-30,FXI,38.67,0.0051988562516247505
2025-12-31,FXI,38.29,-0.009826739074217827
2026-01-02,FXI,39.82,0.039958213632802275
2026-01-05,FXI,39.93,0.0027624309392264568
2026-01-06,FXI,39.91,-0.0005008765339344912
2026-01-07,FXI,39.28,-0.01578551741418177
2026-01-08,FXI,39.4,0.003054989816700493
2026-01-09,FXI,39.35,-0.0012690355329948444
2026-01-12,FXI,40.64,0.032782719186785325
2026-01-13,FXI,40.25,-0.009596456692913424
2026-01-14,FXI,40.04,-0.00521739130434784
2026-01-15,FXI,40.0,-0.0009990009990009652
2026-01-16,FXI,39.3,-0.01750000000000007
2026-01-20,FXI,38.87,-0.010941475826972025
2026-01-21,FXI,39.34,0.01209158734242366
2026-01-22,FXI,39.48,0.003558718861209842
2026-01-23,FXI,39.44,-0.0010131712259371373
2026-01-26,FXI,39.45,0.0002535496957405403
2026-01-27,FXI,39.94,0.012420785804816203
2026-01-28,FXI,40.5,0.014021031547321039
2026-01-29,FXI,40.78,0.006913580246913575
2026-01-30,FXI,39.61,-0.02869053457577253
2026-02-02,FXI,39.17,-0.011108305983337452
2026-02-03,FXI,38.72,-0.011488383967321991
2026-02-04,FXI,38.27,-0.011621900826446208
2026-02-05,FXI,38.2,-0.0018291089626338852
2026-02-06,FXI,39.22,0.026701570680628173
2026-02-09,FXI,39.4,0.004589495155532974
2026-02-10,FXI,39.53,0.003299492385786973
2026-02-11,FXI,39.47,-0.0015178345560334927
2026-02-12,FXI,38.66,-0.020521915378768796
2026-02-13,FXI,38.33,-0.008535954474909402
2026-02-17,FXI,38.52,0.004956952778502499
2026-02-18,FXI,38.72,0.005192107995846129
2026-02-19,FXI,38.61,-0.0028409090909090606
2026-02-20,FXI,38.81,0.005180005180005276
2026-02-23,FXI,38.68,-0.0033496521515073985
2026-02-24,FXI,38.37,-0.008014477766287498
2026-02-25,FXI,38.42,0.0013031013812876413
2026-02-26,FXI,37.39,-0.02680895366996361
2026-02-27,FXI,37.28,-0.0029419630917357775
2026-03-02,FXI,36.9,-0.010193133047210368
2026-03-03,FXI,36.06,-0.02276422764227637
2026-03-04,FXI,36.21,0.004159733777038266
2026-03-05,FXI,35.58,-0.01739850869925441
2026-03-06,FXI,35.82,0.006745362563237878
2026-03-09,FXI,36.48,0.018425460636515734
2026-03-10,FXI,36.59,0.003015350877193068
2026-03-11,FXI,36.4,-0.005192675594424823
2026-03-12,FXI,36.16,-0.006593406593406681
2026-03-13,FXI,36.24,0.0022123893805310324
2026-03-16,FXI,36.88,0.017660044150110465
2026-03-17,FXI,36.89,0.00027114967462038564
2026-03-18,FXI,36.2,-0.01870425589590674
2026-03-19,FXI,36.19,-0.0002762430939228233
2026-03-20,FXI,35.16,-0.02846090080132635
2026-03-23,FXI,35.38,0.006257110352673623
2026-03-24,FXI,35.34,-0.0011305822498586249
2026-03-25,FXI,36.0,0.018675721561969283
2026-03-26,FXI,34.93,-0.029722222222222205
2026-03-27,FXI,34.85,-0.002290294875465171
2026-03-30,FXI,35.0,0.00430416068866557
2026-03-31,FXI,35.9,0.02571428571428558
2026-04-01,FXI,35.56,-0.009470752089136392
2026-04-02,FXI,35.56,0.0
2026-04-06,FXI,35.55,-0.0002812148481441401
2026-04-07,FXI,35.48,-0.001969057665260232
2026-04-08,FXI,36.35,0.02452085682074423
2026-04-09,FXI,36.29,-0.0016506189821183792
2026-04-10,FXI,36.25,-0.0011022320198401658
2026-04-13,FXI,36.46,0.0057931034482758825
2026-04-14,FXI,36.89,0.011793746571585384
2026-04-15,FXI,36.88,-0.0002710761724044053
2026-04-16,FXI,37.23,0.009490238611713497
2026-04-17,FXI,37.6,0.009938221864088215
2026-04-20,FXI,37.6,0.0
2026-04-21,FXI,37.11,-0.013031914893617103
2026-04-22,FXI,36.97,-0.0037725680409593787
2026-04-23,FXI,36.49,-0.012983500135244741
2026-04-24,FXI,36.86,0.010139764318991329
2026-04-27,FXI,36.45,-0.01112316874660868
2026-04-28,FXI,36.25,-0.005486968449931462
2026-04-29,FXI,36.34,0.0024827586206896957
2026-04-30,FXI,36.79,0.012383048981838174
2026-05-01,FXI,36.81,0.0005436259853222047
2026-05-04,FXI,36.55,-0.007063298016843356
2026-05-05,FXI,36.49,-0.0016415868673049783
2026-05-06,FXI,37.49,0.02740476842970674
2026-05-07,FXI,37.19,-0.008002133902374031
2026-05-08,FXI,37.24,0.0013444474321056
2026-05-11,FXI,37.47,0.006176154672395295
2026-05-12,FXI,37.33,-0.0037363223912463273
2026-05-13,FXI,38.26,0.024912938655237138
2026-05-14,FXI,37.24,-0.0266596968112911
2026-05-15,FXI,36.2,-0.027926960257787292
2026-05-18,FXI,36.16,-0.0011049723756907381
2026-05-19,FXI,36.28,0.0033185840707965486
2026-05-20,FXI,36.24,-0.0011025358324144863
2026-05-21,FXI,35.89,-0.009657836644591633
2026-05-22,FXI,35.52,-0.010309278350515427
2025-01-10,GLD,248.21,
2025-01-13,GLD,245.74,-0.00995125095685101
2025-01-14,GLD,247.03,0.005249450638886488
2025-01-15,GLD,248.88,0.007488968951139485
2025-01-16,GLD,250.6,0.006910961105753843
2025-01-17,GLD,249.27,-0.005307262569832383
2025-01-21,GLD,253.13,0.015485216833152737
2025-01-22,GLD,254.43,0.005135701023189609
2025-01-23,GLD,254.07,-0.0014149274849664106
2025-01-24,GLD,255.65,0.006218758609831898
2025-01-27,GLD,252.99,-0.010404850381380726
2025-01-28,GLD,255.18,0.008656468635123815
2025-01-29,GLD,254.2,-0.0038404263657026982
2025-01-30,GLD,258.05,0.015145554681353257
2025-01-31,GLD,258.56,0.0019763611703158546
2025-02-03,GLD,259.94,0.0053372524752475226
2025-02-04,GLD,262.5,0.00984842655997542
2025-02-05,GLD,264.13,0.006209523809523887
2025-02-06,GLD,263.43,-0.002650210123802621
2025-02-07,GLD,263.9,0.001784155183540026
2025-02-10,GLD,268.37,0.016938234179613598
2025-02-11,GLD,267.39,-0.003651674926407611
2025-02-12,GLD,267.67,0.001047159579640411
2025-02-13,GLD,270.31,0.009862890873090002
2025-02-14,GLD,266.29,-0.014871813843365
2025-02-18,GLD,270.7,0.01656089226031754
2025-02-19,GLD,270.85,0.0005541189508682098
2025-02-20,GLD,270.99,0.0005168912682296245
2025-02-21,GLD,270.74,-0.0009225432672792522
2025-02-24,GLD,272.21,0.005429563418777983
2025-02-25,GLD,268.62,-0.01318834723191642
2025-02-26,GLD,269.03,0.0015263197081378799
2025-02-27,GLD,264.93,-0.01523993606660956
2025-02-28,GLD,263.27,-0.006265806061978685
2025-03-03,GLD,266.74,0.01318038515592379
2025-03-04,GLD,269.06,0.008697608157756553
2025-03-05,GLD,269.62,0.0020813201516389768
2025-03-06,GLD,268.25,-0.005081225428380742
2025-03-07,GLD,268.39,0.0005219012115562638
2025-03-10,GLD,266.04,-0.008755914899958861
2025-03-11,GLD,269.16,0.011727559765448925
2025-03-12,GLD,270.33,0.004346856888096218
2025-03-13,GLD,275.13,0.01775607590722461
2025-03-14,GLD,275.24,0.0003998109984371112
2025-03-17,GLD,276.73,0.005413457346316042
2025-03-18,GLD,279.96,0.01167202688541158
2025-03-19,GLD,281.11,0.00410772967566797
2025-03-20,GLD,280.75,-0.0012806374728754344
2025-03-21,GLD,278.49,-0.008049866429207464
2025-03-24,GLD,277.25,-0.004452583575711877
2025-03-25,GLD,278.47,0.0044003606853022514
2025-03-26,GLD,278.24,-0.0008259417531512048
2025-03-27,GLD,281.97,0.013405692926969692
2025-03-28,GLD,284.06,0.007412136042841411
2025-03-31,GLD,288.14,0.014363162712103028
2025-04-01,GLD,287.57,-0.0019782050392169737
2025-04-02,GLD,288.16,0.0020516743749348088
2025-04-03,GLD,286.42,-0.006038312048861738
2025-04-04,GLD,279.72,-0.023392221213602404
2025-04-07,GLD,273.71,-0.021485771485771687
2025-04-08,GLD,275.2,0.005443717803514714
2025-04-09,GLD,285.38,0.03699127906976751
2025-04-10,GLD,292.35,0.024423575583432777
2025-04-11,GLD,297.93,0.019086711133914802
2025-04-14,GLD,296.23,-0.005706038331151575
2025-04-15,GLD,297.78,0.005232420754143652
2025-04-16,GLD,307.47,0.03254080193431408
2025-04-17,GLD,306.12,-0.004390672260708439
2025-04-21,GLD,315.59,0.03093558081797987
2025-04-22,GLD,311.11,-0.014195633575208255
2025-04-23,GLD,303.65,-0.02397865706663249
2025-04-24,GLD,308.07,0.01455623250452831
2025-04-25,GLD,304.73,-0.01084169182328687
2025-04-28,GLD,309.07,0.01424211597151559
2025-04-29,GLD,306.06,-0.009738894101659734
2025-04-30,GLD,303.77,-0.0074821930340456255
2025-05-01,GLD,297.46,-0.0207722948283241
2025-05-02,GLD,297.98,0.0017481342029181945
2025-05-05,GLD,306.88,0.02986777636082949
2025-05-06,GLD,315.48,0.028023983315954126
2025-05-07,GLD,310.75,-0.014993026499302675
2025-05-08,GLD,304.63,-0.019694288012872097
2025-05-09,GLD,306.84,0.007254702425893544
2025-05-12,GLD,298.19,-0.028190587928561994
2025-05-13,GLD,299.46,0.0042590294778497295
2025-05-14,GLD,293.16,-0.021037868162692708
2025-05-15,GLD,297.84,0.015963978714694793
2025-05-16,GLD,294.24,-0.012087026591458438
2025-05-19,GLD,298.03,0.012880641653072233
2025-05-20,GLD,303.58,0.018622286347012018
2025-05-21,GLD,305.82,0.007378615192041638
2025-05-22,GLD,303.11,-0.008861421751356957
2025-05-23,GLD,309.75,0.02190623865923258
2025-05-27,GLD,304.5,-0.016949152542372836
2025-05-28,GLD,303.81,-0.0022660098522166994
2025-05-29,GLD,305.61,0.005924755603831322
2025-05-30,GLD,303.6,-0.006577009914596976
2025-06-02,GLD,311.67,0.026581027667984092
2025-06-03,GLD,308.91,-0.008855520261815353
2025-06-04,GLD,310.9,0.00644200576219589
2025-06-05,GLD,309.33,-0.005049855258925651
2025-06-06,GLD,305.18,-0.01341609284582801
2025-06-09,GLD,306.62,0.0047185267710858625
2025-06-10,GLD,306.71,0.00029352292740192354
2025-06-11,GLD,308.37,0.005412278699749029
2025-06-12,GLD,312.2,0.012420144631449137
2025-06-13,GLD,316.29,0.013100576553491505
2025-06-16,GLD,311.78,-0.01425906604698235
2025-06-17,GLD,311.94,0.0005131823721855611
2025-06-18,GLD,310.26,-0.005385651086747489
2025-06-20,GLD,310.13,-0.0004190034164893719
2025-06-23,GLD,311.08,0.003063231548060541
2025-06-24,GLD,306.19,-0.015719429085765624
2025-06-25,GLD,307.12,0.003037329762565655
2025-06-26,GLD,306.78,-0.00110705912998188
2025-06-27,GLD,301.22,-0.018123736879848584
2025-06-30,GLD,304.83,0.0119845959763627
2025-07-01,GLD,307.55,0.00892300626578768
2025-07-02,GLD,309.25,0.005527556494878905
2025-07-03,GLD,307.14,-0.006822958771220744
2025-07-07,GLD,307.37,0.0007488441752947494
2025-07-08,GLD,304.16,-0.010443439502879182
2025-07-09,GLD,305.52,0.004471330878484947
2025-07-10,GLD,306.2,0.002225713537575391
2025-07-11,GLD,309.14,0.009601567602874006
2025-07-14,GLD,308.01,-0.0036553018050073938
2025-07-15,GLD,306.73,-0.004155709230219684
2025-07-16,GLD,308.26,0.004988100283636943
2025-07-17,GLD,307.59,-0.0021734899111141015
2025-07-18,GLD,308.39,0.0026008647875419566
2025-07-21,GLD,313.13,0.015370148188981414
2025-07-22,GLD,316.1,0.009484878484974368
2025-07-23,GLD,312.18,-0.012401138880101303
2025-07-24,GLD,310.27,-0.006118265103466025
2025-07-25,GLD,307.4,-0.009250008057498316
2025-07-28,GLD,305.41,-0.0064736499674689085
2025-07-29,GLD,306.25,0.002750401100160449
2025-07-30,GLD,300.96,-0.017273469387755203
2025-07-31,GLD,302.96,0.006645401382243454
2025-08-01,GLD,309.11,0.02029970953261162
2025-08-04,GLD,310.91,0.0058231697453980935
2025-08-05,GLD,311.16,0.000804091216107583
2025-08-06,GLD,310.5,-0.0021210952564597596
2025-08-07,GLD,313.12,0.008438003220611945
2025-08-08,GLD,313.05,-0.00022355646397542728
2025-08-11,GLD,308.55,-0.014374700527072348
2025-08-12,GLD,308.27,-0.0009074704261871069
2025-08-13,GLD,309.21,0.003049274986213435
2025-08-14,GLD,307.25,-0.006338734193590101
2025-08-15,GLD,307.43,0.0005858421480879894
2025-08-18,GLD,306.95,-0.0015613310347071252
2025-08-19,GLD,305.27,-0.005473204104903151
2025-08-20,GLD,308.36,0.010122186916500242
2025-08-21,GLD,307.29,-0.0034699701647424863
2025-08-22,GLD,310.58,0.010706498747111715
2025-08-25,GLD,309.83,-0.0024148367570352436
2025-08-26,GLD,312.08,0.007262046928961041
2025-08-27,GLD,312.71,0.002018713150474305
2025-08-28,GLD,315.03,0.007419014422308079
2025-08-29,GLD,318.07,0.009649874615116127
2025-09-02,GLD,325.59,0.023642594397459638
2025-09-03,GLD,328.14,0.007831935870266316
2025-09-04,GLD,326.69,-0.0044188456146766475
2025-09-05,GLD,331.05,0.013345985490832435
2025-09-08,GLD,334.82,0.011388007853798454
2025-09-09,GLD,334.06,-0.0022698763514723552
2025-09-10,GLD,335.26,0.003592169071424234
2025-09-11,GLD,334.76,-0.001491379824613781
2025-09-12,GLD,335.42,0.001971561715856218
2025-09-15,GLD,338.91,0.01040486554170883
2025-09-16,GLD,339.59,0.0020064323861790356
2025-09-17,GLD,336.97,-0.007715185959539239
2025-09-18,GLD,335.62,-0.004006291361248859
2025-09-19,GLD,339.18,0.010607234372206564
2025-09-22,GLD,345.05,0.01730644495548095
2025-09-23,GLD,346.46,0.00408636429502951
2025-09-24,GLD,343.32,-0.009063095306817481
2025-09-25,GLD,344.75,0.004165210299429178
2025-09-26,GLD,346.74,0.005772298767222628
2025-09-29,GLD,352.46,0.01649651035357902
2025-09-30,GLD,355.47,0.008539976167508456
2025-10-01,GLD,356.03,0.001575379075589911
2025-10-02,GLD,354.79,-0.0034828525686035894
2025-10-03,GLD,357.64,0.00803292088277563
2025-10-06,GLD,364.38,0.01884576669276372
2025-10-07,GLD,366.26,0.005159448926944421
2025-10-08,GLD,372.3,0.016491017310107603
2025-10-09,GLD,365.43,-0.018452860596293363
2025-10-10,GLD,369.12,0.010097693128642948
2025-10-13,GLD,378.09,0.02430104031209357
2025-10-14,GLD,380.79,0.007141156867412679
2025-10-15,GLD,387.39,0.017332387930355297
2025-10-16,GLD,396.45,0.02338728413226976
2025-10-17,GLD,388.99,-0.01881700088283511
2025-10-20,GLD,403.15,0.036401964060772674
2025-10-21,GLD,377.24,-0.06426888254991936
2025-10-22,GLD,377.28,0.00010603329445446619
2025-10-23,GLD,378.79,0.004002332485157023
2025-10-24,GLD,377.52,-0.003352781224425283
2025-10-27,GLD,367.01,-0.02783958465776648
2025-10-28,GLD,364.38,-0.007166017274733649
2025-10-29,GLD,363.0,-0.0037872550633953894
2025-10-30,GLD,370.13,0.019641873278236854
2025-10-31,GLD,368.12,-0.005430524410342308
2025-11-03,GLD,368.78,0.0017928936216449198
2025-11-04,GLD,362.32,-0.017517218938120194
2025-11-05,GLD,366.51,0.011564362994038513
2025-11-06,GLD,366.07,-0.001200512946440746
2025-11-07,GLD,368.31,0.0061190482694566395
2025-11-10,GLD,378.38,0.02734109853112865
2025-11-11,GLD,379.87,0.003937840266398984
2025-11-12,GLD,385.99,0.016110774738726352
2025-11-13,GLD,382.87,-0.00808311096142389
2025-11-14,GLD,375.96,-0.018047901376446407
2025-11-17,GLD,371.65,-0.011463985530375531
2025-11-18,GLD,374.35,0.007264899771290301
2025-11-19,GLD,374.96,0.0016294911179377536
2025-11-20,GLD,374.85,-0.00029336462555995535
2025-11-21,GLD,374.27,-0.001547285580899116
2025-11-24,GLD,380.2,0.015844176663905696
2025-11-25,GLD,380.08,-0.00031562335612833614
2025-11-26,GLD,383.12,0.007998316143969841
2025-11-28,GLD,387.88,0.012424305700563743
2025-12-01,GLD,389.75,0.004821078684129176
2025-12-02,GLD,387.24,-0.006440025657472703
2025-12-03,GLD,386.88,-0.0009296560272699095
2025-12-04,GLD,387.13,0.0006461952026468598
2025-12-05,GLD,386.44,-0.0017823470152145138
2025-12-08,GLD,385.42,-0.0026394783148742107
2025-12-09,GLD,387.4,0.005137252867002173
2025-12-10,GLD,389.05,0.004259163655136788
2025-12-11,GLD,393.24,0.010769823930086186
2025-12-12,GLD,395.44,0.00559454785881397
2025-12-15,GLD,395.8,0.0009103783127655252
2025-12-16,GLD,395.89,0.00022738756947937588
2025-12-17,GLD,399.29,0.008588244209250195
2025-12-18,GLD,398.57,-0.001803200681209205
2025-12-19,GLD,399.02,0.0011290363047895546
2025-12-22,GLD,408.23,0.02308154979700272
2025-12-23,GLD,413.64,0.013252333243514602
2025-12-24,GLD,411.93,-0.004134029590948551
2025-12-26,GLD,416.74,0.011676741193892282
2025-12-29,GLD,398.6,-0.04352833901233377
2025-12-30,GLD,398.89,0.0007275464124434361
2025-12-31,GLD,396.31,-0.006467948557246306
2026-01-02,GLD,398.28,0.004970856147964886
2026-01-05,GLD,408.76,0.026313146530079434
2026-01-06,GLD,413.18,0.010813191114590559
2026-01-07,GLD,409.23,-0.009559998063797814
2026-01-08,GLD,411.49,0.00552256677174201
2026-01-09,GLD,414.47,0.007241974288561215
2026-01-12,GLD,422.23,0.01872270610659399
2026-01-13,GLD,421.63,-0.001421026454775931
2026-01-14,GLD,425.94,0.010222232763323236
2026-01-15,GLD,423.33,-0.006127623608959021
2026-01-16,GLD,421.29,-0.0048189355821698365
2026-01-20,GLD,437.23,0.037836169859241764
2026-01-21,GLD,443.6,0.014568991148823374
2026-01-22,GLD,451.79,0.018462578899909765
2026-01-23,GLD,458.0,0.013745324155027827
2026-01-26,GLD,464.7,0.014628820960698619
2026-01-27,GLD,476.1,0.02453195610071024
2026-01-28,GLD,494.56,0.038773366939718557
2026-01-29,GLD,495.9,0.002709479132966708
2026-01-30,GLD,444.95,-0.10274248840492028
2026-02-02,GLD,427.13,-0.04004944375772557
2026-02-03,GLD,454.29,0.0635871982768712
2026-02-04,GLD,453.97,-0.000704395870479213
2026-02-05,GLD,441.88,-0.026631715752142293
2026-02-06,GLD,455.46,0.030732325518240122
2026-02-09,GLD,467.03,0.025402889386554328
2026-02-10,GLD,462.4,-0.009913710040040269
2026-02-11,GLD,467.63,0.01131055363321809
2026-02-12,GLD,451.39,-0.034728310844043375
2026-02-13,GLD,462.62,0.024878707990872773
2026-02-17,GLD,448.2,-0.031170290951536894
2026-02-18,GLD,458.28,0.02248995983935731
2026-02-19,GLD,459.56,0.002793052282447528
2026-02-20,GLD,468.62,0.019714509530855517
2026-02-23,GLD,481.28,0.02701549229653022
2026-02-24,GLD,474.61,-0.013858876329787106
2026-02-25,GLD,473.42,-0.002507321801057727
2026-02-26,GLD,477.48,0.008575894554518237
2026-02-27,GLD,483.75,0.013131440060316635
2026-03-02,GLD,490.0,0.012919896640826822
2026-03-03,GLD,468.14,-0.04461224489795923
2026-03-04,GLD,471.8,0.007818174050497673
2026-03-05,GLD,466.13,-0.012017804154302758
2026-03-06,GLD,473.51,0.01583249308132917
2026-03-09,GLD,472.53,-0.002069650060188888
2026-03-10,GLD,477.86,0.011279707108543535
2026-03-11,GLD,476.24,-0.003390114259406496
2026-03-12,GLD,466.88,-0.01965395598857722
2026-03-13,GLD,460.84,-0.012936943111720445
2026-03-16,GLD,460.43,-0.000889679715302405
2026-03-17,GLD,459.27,-0.002519384054036511
2026-03-18,GLD,444.74,-0.031637163324406026
2026-03-19,GLD,426.41,-0.041215091963843986
2026-03-20,GLD,413.38,-0.03055744471283517
2026-03-23,GLD,404.04,-0.022594223232860755
2026-03-24,GLD,404.13,0.00022275022275008993
2026-03-25,GLD,416.29,0.030089327691584344
2026-03-26,GLD,400.64,-0.03759398496240607
2026-03-27,GLD,414.7,0.03509384984025554
2026-03-30,GLD,414.58,-0.00028936580660721134
2026-03-31,GLD,430.29,0.037893772010227256
2026-04-01,GLD,437.82,0.017499825698947147
2026-04-02,GLD,429.41,-0.019208807272394934
2026-04-06,GLD,427.65,-0.0040986469807411385
2026-04-07,GLD,431.81,0.00972758096574311
2026-04-08,GLD,434.53,0.006299066719158919
2026-04-09,GLD,437.91,0.0077785193197248415
2026-04-10,GLD,437.13,-0.001781187915325111
2026-04-13,GLD,435.36,-0.004049138700157773
2026-04-14,GLD,445.09,0.022349320102903247
2026-04-15,GLD,440.46,-0.010402390527758376
2026-04-16,GLD,440.08,-0.0008627344140217375
2026-04-17,GLD,445.93,0.013293037629521942
2026-04-20,GLD,445.93,0.0
2026-04-21,GLD,429.57,-0.036687372457560596
2026-04-22,GLD,435.26,0.013245803943478407
2026-04-23,GLD,431.04,-0.009695354500758091
2026-04-24,GLD,433.25,0.005127134372679976
2026-04-27,GLD,429.89,-0.007755337564916309
2026-04-28,GLD,421.91,-0.01856288818069729
2026-04-29,GLD,417.41,-0.010665781801806107
2026-04-30,GLD,423.66,0.014973287654823864
2026-05-01,GLD,423.18,-0.0011329839966011113
2026-05-04,GLD,414.71,-0.020015123588071337
2026-05-05,GLD,418.27,0.008584311928817812
2026-05-06,GLD,430.96,0.030339254548497285
2026-05-07,GLD,431.68,0.001670688695006639
2026-05-08,GLD,433.77,0.0048415492957745165
2026-05-11,GLD,434.65,0.002028724900292822
2026-05-12,GLD,432.93,-0.003957206948119074
2026-05-13,GLD,430.5,-0.005612916637793619
2026-05-14,GLD,427.21,-0.0076422764227642714
2026-05-15,GLD,417.29,-0.02322043023337461
2026-05-18,GLD,418.43,0.002731913058065194
2026-05-19,GLD,411.5,-0.01656190999689311
2026-05-20,GLD,417.4,0.014337788578371757
2026-05-21,GLD,416.99,-0.000982271202683238
2026-05-22,GLD,413.82,-0.007602100769802722
2025-01-10,INTC,19.15,
2025-01-13,INTC,19.2,0.0026109660574413773
2025-01-14,INTC,19.2,0.0
2025-01-15,INTC,19.72,0.027083333333333348
2025-01-16,INTC,19.67,-0.0025354969574035158
2025-01-17,INTC,21.49,0.092526690391459
2025-01-21,INTC,21.77,0.013029315960912058
2025-01-22,INTC,21.86,0.00413412953605885
2025-01-23,INTC,21.57,-0.013266239707227734
2025-01-24,INTC,20.83,-0.03430690774223466
2025-01-27,INTC,20.29,-0.025924147863658153
2025-01-28,INTC,19.8,-0.02414982750123207
2025-01-29,INTC,19.75,-0.002525252525252597
2025-01-30,INTC,20.01,0.013164556962025342
2025-01-31,INTC,19.43,-0.02898550724637694
2025-02-03,INTC,19.38,-0.00257334019557387
2025-02-04,INTC,19.29,-0.004643962848297156
2025-02-05,INTC,19.65,0.018662519440124425
2025-02-06,INTC,19.38,-0.013740458015267132
2025-02-07,INTC,19.1,-0.014447884416924572
2025-02-10,INTC,19.77,0.03507853403141348
2025-02-11,INTC,20.97,0.060698027314112224
2025-02-12,INTC,22.48,0.07200762994754428
2025-02-13,INTC,24.13,0.0733985765124554
2025-02-14,INTC,23.6,-0.021964359718192994
2025-02-18,INTC,27.39,0.16059322033898304
2025-02-19,INTC,25.72,-0.06097115735669956
2025-02-20,INTC,26.09,0.014385692068429323
2025-02-21,INTC,24.87,-0.046761211192027585
2025-02-24,INTC,24.27,-0.024125452352231624
2025-02-25,INTC,22.99,-0.0527400082406263
2025-02-26,INTC,23.52,0.023053501522401154
2025-02-27,INTC,23.09,-0.01828231292517002
2025-02-28,INTC,23.73,0.027717626678215757
2025-03-03,INTC,22.74,-0.04171934260429844
2025-03-04,INTC,21.33,-0.06200527704485492
2025-03-05,INTC,20.81,-0.024378809188935757
2025-03-06,INTC,20.75,-0.0028832292167226825
2025-03-07,INTC,20.64,-0.005301204819277094
2025-03-10,INTC,19.93,-0.03439922480620161
2025-03-11,INTC,19.78,-0.007526342197691882
2025-03-12,INTC,20.68,0.0455005055611728
2025-03-13,INTC,23.7,0.1460348162475822
2025-03-14,INTC,24.05,0.01476793248945163
2025-03-17,INTC,25.69,0.0681912681912682
2025-03-18,INTC,25.92,0.008952899961074401
2025-03-19,INTC,24.12,-0.06944444444444442
2025-03-20,INTC,23.96,-0.0066334991708125735
2025-03-21,INTC,24.26,0.012520868113522488
2025-03-24,INTC,24.22,-0.0016488046166530657
2025-03-25,INTC,24.2,-0.0008257638315442017
2025-03-26,INTC,23.42,-0.0322314049586776
2025-03-27,INTC,23.62,0.00853970964987183
2025-03-28,INTC,22.71,-0.03852667231160034
2025-03-31,INTC,22.71,0.0
2025-04-01,INTC,22.05,-0.029062087186261576
2025-04-02,INTC,21.98,-0.0031746031746031633
2025-04-03,INTC,22.43,0.020473157415832555
2025-04-04,INTC,19.85,-0.11502452073116354
2025-04-07,INTC,19.57,-0.014105793450881698
2025-04-08,INTC,18.13,-0.0735820132856414
2025-04-09,INTC,21.53,0.18753447324875916
2025-04-10,INTC,19.88,-0.07663725034835123
2025-04-11,INTC,19.74,-0.007042253521126751
2025-04-14,INTC,20.31,0.028875379939209633
2025-04-15,INTC,19.85,-0.022648941408173195
2025-04-16,INTC,19.23,-0.031234256926952142
2025-04-17,INTC,18.93,-0.015600624024960985
2025-04-21,INTC,18.84,-0.004754358161648153
2025-04-22,INTC,19.51,0.035562632696390706
2025-04-23,INTC,20.59,0.0553562275756021
2025-04-24,INTC,21.49,0.04371053909664879
2025-04-25,INTC,20.05,-0.067007910656119
2025-04-28,INTC,20.51,0.02294264339152119
2025-04-29,INTC,20.34,-0.008288639687957122
2025-04-30,INTC,20.1,-0.01179941002949847
2025-05-01,INTC,19.98,-0.005970149253731405
2025-05-02,INTC,20.62,0.032032032032031976
2025-05-05,INTC,20.27,-0.016973811833171704
2025-05-06,INTC,19.94,-0.016280217069560843
2025-05-07,INTC,20.31,0.018555667001002973
2025-05-08,INTC,21.0,0.033973412112260126
2025-05-09,INTC,21.42,0.020000000000000018
2025-05-12,INTC,22.18,0.03548085901027065
2025-05-13,INTC,22.56,0.017132551848512145
2025-05-14,INTC,21.52,-0.046099290780141855
2025-05-15,INTC,21.55,0.0013940520446096283
2025-05-16,INTC,21.66,0.005104408352668122
2025-05-19,INTC,21.38,-0.012927054478301114
2025-05-20,INTC,21.27,-0.005144995322731494
2025-05-21,INTC,20.69,-0.027268453220498312
2025-05-22,INTC,20.55,-0.006766553890768523
2025-05-23,INTC,20.05,-0.024330900243308973
2025-05-27,INTC,20.55,0.02493765586034913
2025-05-28,INTC,20.37,-0.008759124087591275
2025-05-29,INTC,20.25,-0.005891016200294641
2025-05-30,INTC,19.55,-0.03456790123456788
2025-06-02,INTC,19.74,0.009718670076726221
2025-06-03,INTC,20.29,0.027862208713272496
2025-06-04,INTC,20.25,-0.0019714144898964614
2025-06-05,INTC,19.99,-0.012839506172839577
2025-06-06,INTC,20.06,0.0035017508754378035
2025-06-09,INTC,20.48,0.020937188434696052
2025-06-10,INTC,22.08,0.078125
2025-06-11,INTC,20.68,-0.06340579710144922
2025-06-12,INTC,20.77,0.004352030947775587
2025-06-13,INTC,20.14,-0.03033220991815111
2025-06-16,INTC,20.74,0.029791459781529195
2025-06-17,INTC,20.8,0.002892960462873795
2025-06-18,INTC,21.49,0.033173076923076916
2025-06-20,INTC,21.08,-0.019078641228478355
2025-06-23,INTC,21.19,0.005218216318785718
2025-06-24,INTC,22.55,0.06418121755545059
2025-06-25,INTC,22.2,-0.015521064301552201
2025-06-26,INTC,22.5,0.013513513513513598
2025-06-27,INTC,22.69,0.008444444444444477
2025-06-30,INTC,22.4,-0.012780960775672257
2025-07-01,INTC,22.85,0.02008928571428581
2025-07-02,INTC,21.88,-0.04245076586433272
2025-07-03,INTC,22.49,0.027879341864716523
2025-07-07,INTC,22.0,-0.02178746109381946
2025-07-08,INTC,23.59,0.07227272727272727
2025-07-09,INTC,23.44,-0.006358626536667966
2025-07-10,INTC,23.82,0.016211604095563104
2025-07-11,INTC,23.43,-0.016372795969773368
2025-07-14,INTC,23.3,-0.005548442168160417
2025-07-15,INTC,22.92,-0.016309012875536433
2025-07-16,INTC,22.69,-0.010034904013961676
2025-07-17,INTC,22.8,0.004847950639047971
2025-07-18,INTC,23.1,0.013157894736842035
2025-07-21,INTC,23.26,0.006926406926407003
2025-07-22,INTC,23.24,-0.0008598452278590907
2025-07-23,INTC,23.49,0.01075731497418242
2025-07-24,INTC,22.63,-0.03661132396764577
2025-07-25,INTC,20.7,-0.08528501988510828
2025-07-28,INTC,20.68,-0.0009661835748792091
2025-07-29,INTC,20.41,-0.013056092843326872
2025-07-30,INTC,20.34,-0.003429691327780482
2025-07-31,INTC,19.8,-0.02654867256637161
2025-08-01,INTC,19.31,-0.02474747474747485
2025-08-04,INTC,19.5,0.009839461418954087
2025-08-05,INTC,20.19,0.03538461538461535
2025-08-06,INTC,20.41,0.0108964834076275
2025-08-07,INTC,19.77,-0.03135717785399317
2025-08-08,INTC,19.95,0.009104704097116834
2025-08-11,INTC,20.65,0.0350877192982455
2025-08-12,INTC,21.81,0.05617433414043593
2025-08-13,INTC,22.22,0.018798716185236097
2025-08-14,INTC,23.86,0.07380738073807391
2025-08-15,INTC,24.56,0.029337803855825628
2025-08-18,INTC,23.66,-0.03664495114006505
2025-08-19,INTC,25.31,0.06973795435333896
2025-08-20,INTC,23.54,-0.06993283287238239
2025-08-21,INTC,23.5,-0.001699235344095107
2025-08-22,INTC,24.8,0.05531914893617018
2025-08-25,INTC,24.55,-0.01008064516129037
2025-08-26,INTC,24.35,-0.008146639511201648
2025-08-27,INTC,24.85,0.02053388090349073
2025-08-28,INTC,24.93,0.0032193158953721657
2025-08-29,INTC,24.35,-0.023265142398716354
2025-09-02,INTC,24.21,-0.005749486652977476
2025-09-03,INTC,24.0,-0.00867410161090465
2025-09-04,INTC,24.61,0.025416666666666643
2025-09-05,INTC,24.49,-0.004876066639577403
2025-09-08,INTC,24.48,-0.0004083299305838173
2025-09-09,INTC,24.44,-0.0016339869281045694
2025-09-10,INTC,24.77,0.01350245499181657
2025-09-11,INTC,24.61,-0.00645942672587807
2025-09-12,INTC,24.08,-0.02153596099146693
2025-09-15,INTC,24.77,0.028654485049834033
2025-09-16,INTC,25.27,0.020185708518368983
2025-09-17,INTC,24.9,-0.014641867827463462
2025-09-18,INTC,30.57,0.227710843373494
2025-09-19,INTC,29.58,-0.03238469087340534
2025-09-22,INTC,28.76,-0.02772143340094646
2025-09-23,INTC,29.34,0.02016689847009734
2025-09-24,INTC,31.22,0.06407634628493519
2025-09-25,INTC,33.99,0.08872517616912257
2025-09-26,INTC,35.5,0.04442483083259785
2025-09-29,INTC,34.48,-0.028732394366197234
2025-09-30,INTC,33.55,-0.026972157772621852
2025-10-01,INTC,35.94,0.07123695976154987
2025-10-02,INTC,37.3,0.037840845854201444
2025-10-03,INTC,36.83,-0.012600536193029477
2025-10-06,INTC,36.59,-0.006516426825956989
2025-10-07,INTC,37.17,0.015851325498769997
2025-10-08,INTC,37.43,0.006994888350820405
2025-10-09,INTC,37.8,0.009885118888592004
2025-10-10,INTC,36.37,-0.03783068783068788
2025-10-13,INTC,37.22,0.02337091009073422
2025-10-14,INTC,35.63,-0.04271896829661459
2025-10-15,INTC,37.15,0.042660679202918717
2025-10-16,INTC,36.84,-0.008344549125168133
2025-10-17,INTC,37.01,0.0046145494028229095
2025-10-20,INTC,38.1,0.029451499594704167
2025-10-21,INTC,38.12,0.0005249343832018916
2025-10-22,INTC,36.92,-0.03147953830010486
2025-10-23,INTC,38.16,0.03358613217768136
2025-10-24,INTC,38.28,0.003144654088050425
2025-10-27,INTC,39.54,0.03291536050156729
2025-10-28,INTC,41.53,0.050328780981284904
2025-10-29,INTC,41.34,-0.0045750060197446984
2025-10-30,INTC,40.16,-0.028543783260764566
2025-10-31,INTC,39.99,-0.004233067729083495
2025-11-03,INTC,39.5,-0.012253063265816544
2025-11-04,INTC,37.03,-0.06253164556962021
2025-11-05,INTC,38.38,0.036456926816095026
2025-11-06,INTC,37.24,-0.02970297029702973
2025-11-07,INTC,38.13,0.023899033297529515
2025-11-10,INTC,38.45,0.008392341987935925
2025-11-11,INTC,37.88,-0.014824447334200297
2025-11-12,INTC,37.89,0.000263991552270193
2025-11-13,INTC,35.91,-0.05225653206650838
2025-11-14,INTC,35.52,-0.010860484544694904
2025-11-17,INTC,34.71,-0.022804054054054168
2025-11-18,INTC,34.33,-0.010947853644482919
2025-11-19,INTC,35.11,0.02272065249053301
2025-11-20,INTC,33.62,-0.04243805183708349
2025-11-21,INTC,34.5,0.02617489589530053
2025-11-24,INTC,35.79,0.037391304347826004
2025-11-25,INTC,35.83,0.0011176306230791244
2025-11-26,INTC,36.81,0.02735138152386285
2025-11-28,INTC,40.56,0.10187449062754683
2025-12-01,INTC,40.01,-0.013560157790927119
2025-12-02,INTC,43.47,0.08647838040489875
2025-12-03,INTC,43.76,0.006671267540832693
2025-12-04,INTC,40.5,-0.07449725776965266
2025-12-05,INTC,41.41,0.02246913580246912
2025-12-08,INTC,40.3,-0.026805119536343902
2025-12-09,INTC,40.5,0.00496277915632759
2025-12-10,INTC,40.78,0.006913580246913575
2025-12-11,INTC,39.51,-0.031142717018146193
2025-12-12,INTC,37.81,-0.0430270817514552
2025-12-15,INTC,37.51,-0.007934408886538069
2025-12-16,INTC,37.31,-0.005331911490269126
2025-12-17,INTC,36.05,-0.033771106941838824
2025-12-18,INTC,36.28,0.006380027739251171
2025-12-19,INTC,36.82,0.014884233737596508
2025-12-22,INTC,36.37,-0.012221618685497093
2025-12-23,INTC,36.35,-0.0005499037668407203
2025-12-24,INTC,36.16,-0.005226960110041423
2025-12-26,INTC,36.2,0.0011061946902657382
2025-12-29,INTC,36.68,0.013259668508287303
2025-12-30,INTC,37.3,0.01690294438386042
2025-12-31,INTC,36.9,-0.01072386058981234
2026-01-02,INTC,39.38,0.06720867208672088
2026-01-05,INTC,39.37,-0.00025393600812606554
2026-01-06,INTC,40.04,0.017018034036068164
2026-01-07,INTC,42.63,0.0646853146853148
2026-01-08,INTC,41.11,-0.03565564156697165
2026-01-09,INTC,45.55,0.10800291899781067
2026-01-12,INTC,44.06,-0.03271130625686047
2026-01-13,INTC,47.29,0.07330912392192457
2026-01-14,INTC,48.72,0.030238951152463445
2026-01-15,INTC,48.32,-0.008210180623973717
2026-01-16,INTC,46.96,-0.028145695364238388
2026-01-20,INTC,48.56,0.03407155025553665
2026-01-21,INTC,54.25,0.11717462932454681
2026-01-22,INTC,54.32,0.001290322580645098
2026-01-23,INTC,45.07,-0.1702871870397643
2026-01-26,INTC,42.49,-0.05724428666518744
2026-01-27,INTC,43.93,0.03389032713579665
2026-01-28,INTC,48.78,0.11040291372638289
2026-01-29,INTC,48.66,-0.00246002460024608
2026-01-30,INTC,46.47,-0.045006165228113404
2026-02-02,INTC,48.81,0.05035506778566834
2026-02-03,INTC,49.25,0.009014546199549223
2026-02-04,INTC,48.6,-0.013197969543147225
2026-02-05,INTC,48.24,-0.007407407407407418
2026-02-06,INTC,50.59,0.04871475953565518
2026-02-09,INTC,50.24,-0.006918363312907738
2026-02-10,INTC,47.13,-0.061902866242038224
2026-02-11,INTC,48.29,0.024612773180564318
2026-02-12,INTC,46.48,-0.037481880306481696
2026-02-13,INTC,46.79,0.0066695352839931665
2026-02-17,INTC,46.18,-0.013036973712331701
2026-02-18,INTC,45.46,-0.015591165006496266
2026-02-19,INTC,44.62,-0.018477782666080134
2026-02-20,INTC,44.11,-0.011429852084267056
2026-02-23,INTC,43.63,-0.01088188619360686
2026-02-24,INTC,46.12,0.05707082282832898
2026-02-25,INTC,46.88,0.01647875108412844
2026-02-26,INTC,45.46,-0.030290102389078588
2026-02-27,INTC,45.61,0.003299604047514171
2026-03-02,INTC,45.5,-0.0024117518088138112
2026-03-03,INTC,43.1,-0.05274725274725267
2026-03-04,INTC,45.58,0.057540603248259714
2026-03-05,INTC,45.95,0.008117595436595071
2026-03-06,INTC,43.42,-0.05505984766050054
2026-03-09,INTC,45.58,0.04974666052510357
2026-03-10,INTC,46.78,0.026327336551118963
2026-03-11,INTC,47.98,0.025651988029072204
2026-03-12,INTC,45.25,-0.05689870779491446
2026-03-13,INTC,45.77,0.0114917127071823
2026-03-16,INTC,45.76,-0.00021848372296273677
2026-03-17,INTC,44.06,-0.03715034965034958
2026-03-18,INTC,45.03,0.022015433499773085
2026-03-19,INTC,46.18,0.025538529868976312
2026-03-20,INTC,43.87,-0.050021654395842385
2026-03-23,INTC,44.01,0.003191246865739794
2026-03-24,INTC,44.06,0.0011361054305840668
2026-03-25,INTC,47.18,0.07081252837040397
2026-03-26,INTC,44.1,-0.06528189910979221
2026-03-27,INTC,43.13,-0.021995464852607727
2026-03-30,INTC,41.19,-0.044980292140041844
2026-03-31,INTC,44.13,0.07137654770575397
2026-04-01,INTC,48.03,0.08837525492861986
2026-04-02,INTC,50.38,0.04892775348740375
2026-04-06,INTC,50.78,0.007939658594680488
2026-04-07,INTC,52.91,0.04194564789287103
2026-04-08,INTC,58.95,0.11415611415611426
2026-04-09,INTC,61.72,0.04698897370653099
2026-04-10,INTC,62.38,0.010693454309786299
2026-04-13,INTC,65.18,0.044886181468419384
2026-04-14,INTC,63.81,-0.021018717397974895
2026-04-15,INTC,64.94,0.017708823068484536
2026-04-16,INTC,68.5,0.05481983369263932
2026-04-17,INTC,68.5,0.0
2026-04-20,INTC,65.7,-0.040875912408759096
2026-04-21,INTC,66.26,0.00852359208523601
2026-04-22,INTC,65.27,-0.014941140959855215
2026-04-23,INTC,66.78,0.023134671365098836
2026-04-24,INTC,82.54,0.235998802036538
2026-04-27,INTC,84.99,0.02968257814393005
2026-04-28,INTC,84.52,-0.005530062360277643
2026-04-29,INTC,94.75,0.12103644107903455
2026-04-30,INTC,94.48,-0.0028496042216358264
2026-05-01,INTC,99.62,0.05440304826418285
2026-05-04,INTC,95.78,-0.038546476611122316
2026-05-05,INTC,108.15,0.1291501357277094
2026-05-06,INTC,113.01,0.04493758668515957
2026-05-07,INTC,109.62,-0.029997345367666628
2026-05-08,INTC,124.92,0.1395730706075533
2026-05-11,INTC,129.44,0.036183157220621265
2026-05-12,INTC,120.61,-0.06821693448702104
2026-05-13,INTC,120.29,-0.0026531796700107746
2026-05-14,INTC,115.93,-0.0362457394629645
2026-05-15,INTC,108.77,-0.061761407746053765
2026-05-18,INTC,108.17,-0.005516226900799781
2026-05-19,INTC,110.8,0.024313580475177954
2026-05-20,INTC,118.96,0.07364620938628152
2026-05-21,INTC,118.5,-0.003866845998654944
2026-05-22,INTC,119.84,0.011308016877637161
2025-01-10,ITA,145.08,
2025-01-13,ITA,146.13,0.007237386269644208
2025-01-14,ITA,148.08,0.013344282488195525
2025-01-15,ITA,148.89,0.005470016207455242
2025-01-16,ITA,150.35,0.00980589697091827
2025-01-17,ITA,151.62,0.008446957100099795
2025-01-21,ITA,156.5,0.03218572747658621
2025-01-22,ITA,155.58,-0.00587859424920123
2025-01-23,ITA,158.5,0.01876847923897662
2025-01-24,ITA,156.72,-0.011230283911671912
2025-01-27,ITA,155.02,-0.010847371107707948
2025-01-28,ITA,154.93,-0.0005805702490001563
2025-01-29,ITA,153.96,-0.006260892015749087
2025-01-30,ITA,157.22,0.021174330995063606
2025-01-31,ITA,156.58,-0.004070728914896238
2025-02-03,ITA,156.79,0.0013411674543362118
2025-02-04,ITA,155.83,-0.006122839466802588
2025-02-05,ITA,157.32,0.009561701854585047
2025-02-06,ITA,157.03,-0.0018433765573353522
2025-02-07,ITA,156.45,-0.0036935617397950704
2025-02-10,ITA,157.18,0.00466602748481959
2025-02-11,ITA,157.48,0.0019086397760528229
2025-02-12,ITA,156.41,-0.006794513589027162
2025-02-13,ITA,155.05,-0.008695096221469134
2025-02-14,ITA,153.55,-0.009674298613350563
2025-02-18,ITA,154.74,0.007749918593292104
2025-02-19,ITA,154.37,-0.002391107664469483
2025-02-20,ITA,152.92,-0.00939301677787141
2025-02-21,ITA,149.35,-0.023345540151713307
2025-02-24,ITA,149.59,0.0016069635085369516
2025-02-25,ITA,150.45,0.005749047396216289
2025-02-26,ITA,151.14,0.0045862412761714655
2025-02-27,ITA,152.3,0.007675003308191153
2025-02-28,ITA,154.79,0.016349310571240894
2025-03-03,ITA,153.05,-0.011241036242651159
2025-03-04,ITA,149.35,-0.024175106174452954
2025-03-05,ITA,152.52,0.021225309675259485
2025-03-06,ITA,149.43,-0.020259638080251774
2025-03-07,ITA,149.74,0.002074549956501359
2025-03-10,ITA,148.12,-0.010818752504340834
2025-03-11,ITA,148.33,0.0014177693761814325
2025-03-12,ITA,149.33,0.006741724533135596
2025-03-13,ITA,148.93,-0.002678631219446892
2025-03-14,ITA,151.24,0.015510642583764112
2025-03-17,ITA,153.43,0.014480296217931787
2025-03-18,ITA,152.73,-0.004562341132764214
2025-03-19,ITA,156.38,0.023898382766974535
2025-03-20,ITA,155.13,-0.00799334953318842
2025-03-21,ITA,154.74,-0.0025140204989363424
2025-03-24,ITA,158.12,0.021843091637585577
2025-03-25,ITA,159.5,0.008727548697192056
2025-03-26,ITA,157.13,-0.01485893416927897
2025-03-27,ITA,156.37,-0.004836759371221189
2025-03-28,ITA,153.23,-0.020080578116007053
2025-03-31,ITA,153.1,-0.0008483978333224673
2025-04-01,ITA,154.21,0.00725016329196615
2025-04-02,ITA,154.78,0.0036962583490045553
2025-04-03,ITA,147.78,-0.045225481328337036
2025-04-04,ITA,135.31,-0.08438218974150768
2025-04-07,ITA,135.8,0.0036213140196585947
2025-04-08,ITA,137.4,0.01178203240058906
2025-04-09,ITA,149.83,0.09046579330422122
2025-04-10,ITA,147.08,-0.018354134685977463
2025-04-11,ITA,149.11,0.013802012510198525
2025-04-14,ITA,150.87,0.011803366642076263
2025-04-15,ITA,150.31,-0.0037118048651156865
2025-04-16,ITA,149.66,-0.004324396247754714
2025-04-17,ITA,149.55,-0.0007349993318186421
2025-04-21,ITA,146.46,-0.020661985957873608
2025-04-22,ITA,146.16,-0.002048340843916474
2025-04-23,ITA,150.24,0.02791461412151075
2025-04-24,ITA,152.86,0.01743876464323746
2025-04-25,ITA,154.73,0.012233416197827918
2025-04-28,ITA,155.72,0.0063982420991404165
2025-04-29,ITA,156.43,0.004559465707680399
2025-04-30,ITA,156.91,0.003068465128172271
2025-05-01,ITA,158.55,0.010451851379772004
2025-05-02,ITA,161.36,0.017723115736360873
2025-05-05,ITA,161.25,-0.0006817055032226627
2025-05-06,ITA,160.13,-0.0069457364341085626
2025-05-07,ITA,160.31,0.0011240866795729776
2025-05-08,ITA,163.44,0.019524670950034295
2025-05-09,ITA,163.33,-0.0006730298580518435
2025-05-12,ITA,165.64,0.014143145778485078
2025-05-13,ITA,166.94,0.007848345810190782
2025-05-14,ITA,167.12,0.0010782317000119779
2025-05-15,ITA,170.67,0.02124222115844887
2025-05-16,ITA,171.94,0.0074412609128728935
2025-05-19,ITA,173.3,0.007909735954402697
2025-05-20,ITA,173.41,0.0006347374495094815
2025-05-21,ITA,170.79,-0.015108701920304557
2025-05-22,ITA,170.2,-0.0034545348088296235
2025-05-23,ITA,171.05,0.004994124559342117
2025-05-27,ITA,175.28,0.024729611224788117
2025-05-28,ITA,175.5,0.0012551346417160048
2025-05-29,ITA,176.31,0.004615384615384688
2025-05-30,ITA,177.24,0.005274800068062024
2025-06-02,ITA,178.24,0.005642067253441629
2025-06-03,ITA,179.35,0.006227558348294249
2025-06-04,ITA,180.14,0.004404795093392755
2025-06-05,ITA,180.24,0.000555123792605805
2025-06-06,ITA,181.96,0.009542831779849159
2025-06-09,ITA,182.64,0.0037370850736424543
2025-06-10,ITA,179.13,-0.0192181340341655
2025-06-11,ITA,180.69,0.008708759001842203
2025-06-12,ITA,179.47,-0.006751895511649786
2025-06-13,ITA,180.22,0.004178971415835564
2025-06-16,ITA,179.16,-0.005881700144268143
2025-06-17,ITA,179.98,0.004576914489841544
2025-06-18,ITA,178.78,-0.006667407489721056
2025-06-20,ITA,180.44,0.009285154939031148
2025-06-23,ITA,183.01,0.014242961649301611
2025-06-24,ITA,181.75,-0.006884869679252503
2025-06-25,ITA,182.04,0.0015955983493809445
2025-06-26,ITA,184.5,0.013513513513513598
2025-06-27,ITA,187.55,0.016531165311653107
2025-06-30,ITA,188.64,0.005811783524393377
2025-07-01,ITA,185.01,-0.019243002544529264
2025-07-02,ITA,184.73,-0.001513431706394286
2025-07-03,ITA,186.86,0.011530341579602865
2025-07-07,ITA,188.07,0.006475436155410463
2025-07-08,ITA,186.76,-0.006965491572286875
2025-07-09,ITA,188.91,0.011512101092310933
2025-07-10,ITA,188.65,-0.0013763167645968188
2025-07-11,ITA,189.78,0.005989928438907999
2025-07-14,ITA,193.64,0.02033934028875528
2025-07-15,ITA,193.22,-0.002168973352613013
2025-07-16,ITA,194.43,0.006262291688231114
2025-07-17,ITA,195.86,0.007354832073239725
2025-07-18,ITA,196.11,0.001276421934034433
2025-07-21,ITA,194.65,-0.007444801386976785
2025-07-22,ITA,192.18,-0.012689442589262745
2025-07-23,ITA,196.89,0.02450827349359974
2025-07-24,ITA,196.84,-0.00025394890548013915
2025-07-25,ITA,198.27,0.007264783580573031
2025-07-28,ITA,198.05,-0.0011095980228981173
2025-07-29,ITA,197.23,-0.004140368593789523
2025-07-30,ITA,198.64,0.00714901384170763
2025-07-31,ITA,196.6,-0.010269834877164707
2025-08-01,ITA,195.78,-0.004170905391658208
2025-08-04,ITA,197.91,0.010879558688323687
2025-08-05,ITA,197.54,-0.0018695366580768757
2025-08-06,ITA,197.41,-0.0006580945631264878
2025-08-07,ITA,196.96,-0.0022795197811660284
2025-08-08,ITA,196.45,-0.002589358245329132
2025-08-11,ITA,196.26,-0.0009671672181216229
2025-08-12,ITA,198.24,0.010088657902782128
2025-08-13,ITA,196.81,-0.007213478611783786
2025-08-14,ITA,195.99,-0.004166454956557097
2025-08-15,ITA,195.08,-0.004643094035409967
2025-08-18,ITA,195.93,0.004357186795160839
2025-08-19,ITA,193.24,-0.013729393150615055
2025-08-20,ITA,194.31,0.00553715586835013
2025-08-21,ITA,194.96,0.0033451700890330116
2025-08-22,ITA,195.81,0.004359868691013569
2025-08-25,ITA,195.36,-0.002298146162095893
2025-08-26,ITA,199.98,0.023648648648648463
2025-08-27,ITA,199.24,-0.0037003700370036308
2025-08-28,ITA,200.16,0.004617546677373907
2025-08-29,ITA,198.42,-0.008693045563549218
2025-09-02,ITA,198.5,0.000403185162786146
2025-09-03,ITA,196.94,-0.007858942065491203
2025-09-04,ITA,198.52,0.008022748045089845
2025-09-05,ITA,198.13,-0.0019645375780777963
2025-09-08,ITA,197.65,-0.002422651794276476
2025-09-09,ITA,196.23,-0.007184416898558088
2025-09-10,ITA,198.9,0.013606482189267854
2025-09-11,ITA,200.07,0.00588235294117645
2025-09-12,ITA,199.42,-0.0032488628979857603
2025-09-15,ITA,201.82,0.012034901213519245
2025-09-16,ITA,201.89,0.00034684372212856474
2025-09-17,ITA,200.52,-0.006785873495467665
2025-09-18,ITA,202.97,0.012218232595252232
2025-09-19,ITA,203.4,0.002118539685667775
2025-09-22,ITA,204.29,0.004375614552605711
2025-09-23,ITA,206.16,0.009153654119144372
2025-09-24,ITA,203.67,-0.01207799767171136
2025-09-25,ITA,203.11,-0.0027495458339469314
2025-09-26,ITA,205.7,0.012751710895573698
2025-09-29,ITA,205.44,-0.0012639766650461848
2025-09-30,ITA,209.26,0.018594236760124616
2025-10-01,ITA,209.25,-4.77874414603896e-05
2025-10-02,ITA,209.38,0.0006212664277180924
2025-10-03,ITA,209.55,0.00081192090935156
2025-10-06,ITA,212.55,0.01431639226914827
2025-10-07,ITA,212.96,0.0019289578922605521
2025-10-08,ITA,215.16,0.010330578512396604
2025-10-09,ITA,211.24,-0.018218999814091807
2025-10-10,ITA,206.04,-0.024616549895853157
2025-10-13,ITA,209.12,0.014948553678897358
2025-10-14,ITA,210.75,0.0077945677123183454
2025-10-15,ITA,207.68,-0.014567022538552798
2025-10-16,ITA,206.25,-0.0068855932203389925
2025-10-17,ITA,205.93,-0.0015515151515150816
2025-10-20,ITA,209.61,0.01787015005098813
2025-10-21,ITA,213.36,0.01789036782596254
2025-10-22,ITA,210.54,-0.013217097862767258
2025-10-23,ITA,215.72,0.02460340077894929
2025-10-24,ITA,216.86,0.0052846282217691165
2025-10-27,ITA,218.9,0.009406990685234762
2025-10-28,ITA,217.54,-0.006212882594792246
2025-10-29,ITA,217.45,-0.00041371701755998913
2025-10-30,ITA,215.31,-0.009841342837433875
2025-10-31,ITA,215.79,0.0022293437369373947
2025-11-03,ITA,214.98,-0.0037536493813430383
2025-11-04,ITA,211.76,-0.014978137501162947
2025-11-05,ITA,209.47,-0.01081412920287117
2025-11-06,ITA,207.57,-0.009070511290399597
2025-11-07,ITA,209.04,0.007081948258418791
2025-11-10,ITA,210.97,0.009232682740145437
2025-11-11,ITA,210.51,-0.0021804047968906337
2025-11-12,ITA,209.64,-0.004132820293572759
2025-11-13,ITA,205.04,-0.021942377408891378
2025-11-14,ITA,205.94,0.004389387436597669
2025-11-17,ITA,203.81,-0.010342818296591227
2025-11-18,ITA,202.76,-0.005151857121829195
2025-11-19,ITA,203.13,0.0018248175182482562
2025-11-20,ITA,198.77,-0.021464087037857404
2025-11-21,ITA,198.23,-0.0027167077526790706
2025-11-24,ITA,200.69,0.012409826968672766
2025-11-25,ITA,202.4,0.008520603916488234
2025-11-26,ITA,203.7,0.006422924901185789
2025-11-28,ITA,205.1,0.0068728522336769515
2025-12-01,ITA,199.24,-0.02857142857142847
2025-12-02,ITA,201.31,0.010389480024091569
2025-12-03,ITA,201.62,0.001539913566141804
2025-12-04,ITA,204.67,0.015127467513143422
2025-12-05,ITA,202.41,-0.011042165437044948
2025-12-08,ITA,204.35,0.009584506694333195
2025-12-09,ITA,202.63,-0.008416931734768762
2025-12-10,ITA,204.44,0.008932537136653096
2025-12-11,ITA,208.27,0.01873410291528077
2025-12-12,ITA,209.41,0.005473663993853961
2025-12-15,ITA,209.64,0.0010983238622797042
2025-12-16,ITA,207.95,-0.008061438656744913
2025-12-17,ITA,204.8,-0.015147872084635639
2025-12-18,ITA,208.25,0.016845703125
2025-12-19,ITA,213.91,0.02717887154861942
2025-12-22,ITA,219.36,0.025478004768360707
2025-12-23,ITA,219.69,0.0015043763676148014
2025-12-24,ITA,220.2,0.0023214529564385966
2025-12-26,ITA,218.07,-0.009673024523160767
2025-12-29,ITA,217.0,-0.0049066813408538135
2025-12-30,ITA,216.34,-0.0030414746543778737
2025-12-31,ITA,214.69,-0.007626883609133772
2026-01-02,ITA,222.01,0.034095672830593005
2026-01-05,ITA,226.48,0.020134228187919545
2026-01-06,ITA,230.21,0.016469445425644658
2026-01-07,ITA,226.41,-0.01650666782502941
2026-01-08,ITA,227.43,0.0045051013647807725
2026-01-09,ITA,232.97,0.024359143472716838
2026-01-12,ITA,236.55,0.01536678542301595
2026-01-13,ITA,237.54,0.004185161699429285
2026-01-14,ITA,239.16,0.006819904016165612
2026-01-15,ITA,241.21,0.008571667502927038
2026-01-16,ITA,243.77,0.010613158658430377
2026-01-20,ITA,237.9,-0.02408007548098623
2026-01-21,ITA,240.27,0.009962168978562502
2026-01-22,ITA,235.82,-0.018520830732093096
2026-01-23,ITA,235.07,-0.003180391824272766
2026-01-26,ITA,233.38,-0.007189347853830741
2026-01-27,ITA,237.02,0.01559688062387532
2026-01-28,ITA,233.69,-0.01404944730402502
2026-01-29,ITA,232.78,-0.0038940476699901305
2026-01-30,ITA,232.38,-0.001718360683907627
2026-02-02,ITA,231.16,-0.005250021516481573
2026-02-03,ITA,234.49,0.01440560650631606
2026-02-04,ITA,228.0,-0.027677086442918664
2026-02-05,ITA,226.18,-0.007982456140350869
2026-02-06,ITA,233.93,0.03426474489344766
2026-02-09,ITA,234.84,0.003890052579831549
2026-02-10,ITA,233.21,-0.006940895929143265
2026-02-11,ITA,230.95,-0.00969083658505221
2026-02-12,ITA,232.53,0.0068413076423468056
2026-02-13,ITA,234.87,0.010063217649335598
2026-02-17,ITA,238.17,0.014050325712096079
2026-02-18,ITA,240.32,0.009027165470042453
2026-02-19,ITA,243.49,0.013190745672436721
2026-02-20,ITA,243.65,0.0006571111749968939
2026-02-23,ITA,241.26,-0.009809152472809446
2026-02-24,ITA,243.11,0.007668075934676333
2026-02-25,ITA,241.22,-0.007774258566081271
2026-02-26,ITA,242.82,0.006632949175026992
2026-02-27,ITA,243.72,0.003706449221645647
2026-03-02,ITA,250.58,0.028147053996389282
2026-03-03,ITA,244.98,-0.022348152286694956
2026-03-04,ITA,246.97,0.00812311209078298
2026-03-05,ITA,240.04,-0.02806008826983042
2026-03-06,ITA,242.2,0.008998500249958408
2026-03-09,ITA,241.99,-0.0008670520231213175
2026-03-10,ITA,239.72,-0.009380552915409734
2026-03-11,ITA,238.68,-0.00433839479392617
2026-03-12,ITA,231.49,-0.030124015418133032
2026-03-13,ITA,229.34,-0.009287658214177763
2026-03-16,ITA,232.81,0.015130374117031442
2026-03-17,ITA,232.9,0.0003865813324170908
2026-03-18,ITA,231.43,-0.006311721768999523
2026-03-19,ITA,227.32,-0.0177591496348789
2026-03-20,ITA,222.56,-0.020939644553932713
2026-03-23,ITA,223.35,0.0035496046010063953
2026-03-24,ITA,222.64,-0.0031788672487128578
2026-03-25,ITA,225.86,0.014462809917355601
2026-03-26,ITA,220.12,-0.025413973257770284
2026-03-27,ITA,216.04,-0.018535344357623162
2026-03-30,ITA,210.79,-0.024301055360118506
2026-03-31,ITA,218.75,0.037762702215475175
2026-04-01,ITA,223.64,0.02235428571428555
2026-04-02,ITA,221.91,-0.007735646574852373
2026-04-06,ITA,225.2,0.014825830291559594
2026-04-07,ITA,223.3,-0.00843694493783298
2026-04-08,ITA,232.17,0.039722346618898285
2026-04-09,ITA,231.76,-0.001765947366154097
2026-04-10,ITA,229.64,-0.009147393855712838
2026-04-13,ITA,232.81,0.013804215293502953
2026-04-14,ITA,235.43,0.011253812121472473
2026-04-15,ITA,234.0,-0.006073992269464368
2026-04-16,ITA,229.03,-0.021239316239316186
2026-04-17,ITA,231.94,0.012705759070864131
2026-04-20,ITA,231.85,-0.00038803138742782295
2026-04-21,ITA,223.09,-0.037783049385378464
2026-04-22,ITA,219.15,-0.01766103366354388
2026-04-23,ITA,219.11,-0.00018252338580881933
2026-04-24,ITA,215.8,-0.015106567477522703
2026-04-27,ITA,216.04,0.0011121408711769476
2026-04-28,ITA,216.21,0.0007868913164230662
2026-04-29,ITA,213.14,-0.014199158225799091
2026-04-30,ITA,218.56,0.025429295298864618
2026-05-01,ITA,216.27,-0.010477672035139052
2026-05-04,ITA,214.33,-0.008970268645674406
2026-05-05,ITA,215.37,0.004852330518359427
2026-05-06,ITA,223.42,0.03737753633282259
2026-05-07,ITA,222.51,-0.004073046280547832
2026-05-08,ITA,223.49,0.004404296436115285
2026-05-11,ITA,225.99,0.011186182826972146
2026-05-12,ITA,225.39,-0.0026549847338378507
2026-05-13,ITA,225.71,0.0014197613026309952
2026-05-14,ITA,224.46,-0.005538079836958976
2026-05-15,ITA,217.27,-0.03203243339570527
2026-05-18,ITA,220.23,0.013623601969899202
2026-05-19,ITA,218.32,-0.008672751214639174
2026-05-20,ITA,223.28,0.02271894466837665
2026-05-21,ITA,223.15,-0.0005822285919024894
2026-05-22,ITA,225.37,0.009948465157965547
2025-01-10,IWM,216.83,
2025-01-13,IWM,217.25,0.0019370013374533368
2025-01-14,IWM,219.72,0.011369390103567412
2025-01-15,IWM,224.04,0.01966138722009836
2025-01-16,IWM,224.49,0.002008569898232615
2025-01-17,IWM,225.46,0.004320905162813471
2025-01-21,IWM,229.79,0.019205180519826115
2025-01-22,IWM,228.29,-0.006527699203620729
2025-01-23,IWM,229.33,0.0045556090936966775
2025-01-24,IWM,228.69,-0.002790738237474444
2025-01-27,IWM,226.5,-0.009576282303555006
2025-01-28,IWM,226.75,0.001103752759381793
2025-01-29,IWM,226.23,-0.0022932745314223624
2025-01-30,IWM,228.53,0.010166644565265504
2025-01-31,IWM,226.48,-0.008970375880628434
2025-02-03,IWM,223.83,-0.011700812433768859
2025-02-04,IWM,226.93,0.013849796720725616
2025-02-05,IWM,229.4,0.010884413695853246
2025-02-06,IWM,228.65,-0.0032693984306887414
2025-02-07,IWM,226.0,-0.01158976601793138
2025-02-10,IWM,227.02,0.004513274336283235
2025-02-11,IWM,225.7,-0.005814465685842762
2025-02-12,IWM,223.62,-0.00921577315019928
2025-02-13,IWM,226.14,0.011269117252481697
2025-02-14,IWM,225.97,-0.000751746705580536
2025-02-18,IWM,227.21,0.005487454086825716
2025-02-19,IWM,226.43,-0.0034329474935081983
2025-02-20,IWM,224.26,-0.009583535750563144
2025-02-21,IWM,217.8,-0.02880585035226957
2025-02-24,IWM,216.23,-0.007208448117539179
2025-02-25,IWM,215.41,-0.0037922582435369057
2025-02-26,IWM,215.68,0.0012534237036350149
2025-02-27,IWM,212.39,-0.015254080118694446
2025-02-28,IWM,214.65,0.010640802297660068
2025-03-03,IWM,208.78,-0.027346843699044943
2025-03-04,IWM,206.42,-0.011303764728422316
2025-03-05,IWM,208.47,0.009931208216258147
2025-03-06,IWM,205.28,-0.015301961912985051
2025-03-07,IWM,205.95,0.0032638347622757635
2025-03-10,IWM,200.77,-0.02515173585821795
2025-03-11,IWM,200.75,-9.96164765653118e-05
2025-03-12,IWM,201.1,0.0017434620174345827
2025-03-13,IWM,198.1,-0.014917951268025864
2025-03-14,IWM,202.89,0.02417970721857654
2025-03-17,IWM,205.45,0.012617674602001028
2025-03-18,IWM,203.21,-0.01090289608177164
2025-03-19,IWM,206.37,0.015550415825992703
2025-03-20,IWM,205.06,-0.0063478218733342695
2025-03-21,IWM,203.79,-0.0061933092753341246
2025-03-24,IWM,208.86,0.024878551450022268
2025-03-25,IWM,207.7,-0.005553959590156254
2025-03-26,IWM,205.59,-0.010158883004333097
2025-03-27,IWM,204.61,-0.004766768811712563
2025-03-28,IWM,200.45,-0.02033136210351416
2025-03-31,IWM,199.49,-0.0047892242454475875
2025-04-01,IWM,199.51,0.00010025565191229546
2025-04-02,IWM,202.66,0.01578868227156538
2025-04-03,IWM,189.65,-0.06419619066416649
2025-04-04,IWM,181.19,-0.04460848932243611
2025-04-07,IWM,179.55,-0.009051272145261802
2025-04-08,IWM,174.82,-0.02634363686995278
2025-04-09,IWM,189.68,0.0850017160507952
2025-04-10,IWM,181.71,-0.042018135807676105
2025-04-11,IWM,184.36,0.014583677287986374
2025-04-14,IWM,186.53,0.011770449121284443
2025-04-15,IWM,186.76,0.0012330456226878894
2025-04-16,IWM,184.97,-0.009584493467551858
2025-04-17,IWM,186.48,0.008163485970697826
2025-04-21,IWM,182.74,-0.020055770055769973
2025-04-22,IWM,187.47,0.025883769289701153
2025-04-23,IWM,190.25,0.014829039312956649
2025-04-24,IWM,194.06,0.02002628120893557
2025-04-25,IWM,194.12,0.0003091827269916525
2025-04-28,IWM,194.94,0.0042241912219245226
2025-04-29,IWM,196.09,0.005899251051605603
2025-04-30,IWM,194.86,-0.006272629914835015
2025-05-01,IWM,196.07,0.006209586369701148
2025-05-02,IWM,200.48,0.022491967154587567
2025-05-05,IWM,198.94,-0.007681564245810013
2025-05-06,IWM,196.77,-0.010907811400422185
2025-05-07,IWM,197.42,0.0033033490877674154
2025-05-08,IWM,201.18,0.019045689393172083
2025-05-09,IWM,200.81,-0.0018391490207774197
2025-05-12,IWM,207.87,0.035157611672725464
2025-05-13,IWM,208.63,0.0036561312358684983
2025-05-14,IWM,206.78,-0.008867372861045886
2025-05-15,IWM,208.13,0.006528677821839635
2025-05-16,IWM,209.85,0.008264065728150749
2025-05-19,IWM,208.97,-0.004193471527281334
2025-05-20,IWM,209.08,0.0005263913480404447
2025-05-21,IWM,203.21,-0.02807537784580072
2025-05-22,IWM,203.2,-4.92101766645936e-05
2025-05-23,IWM,202.56,-0.0031496062992125706
2025-05-27,IWM,207.7,0.025375197472353728
2025-05-28,IWM,205.51,-0.010544053923928765
2025-05-29,IWM,206.12,0.0029682253904919076
2025-05-30,IWM,205.07,-0.005094119930137864
2025-06-02,IWM,205.71,0.00312088555127521
2025-06-03,IWM,209.03,0.016139225122745682
2025-06-04,IWM,208.44,-0.0028225613548295003
2025-06-05,IWM,208.53,0.00043177892918833116
2025-06-06,IWM,211.9,0.016160744257420978
2025-06-09,IWM,213.36,0.0068900424728646215
2025-06-10,IWM,214.51,0.005389951256092873
2025-06-11,IWM,213.63,-0.0041023728497505685
2025-06-12,IWM,212.78,-0.003978841922950838
2025-06-13,IWM,208.89,-0.018281793401635604
2025-06-16,IWM,210.77,0.008999952127914268
2025-06-17,IWM,208.55,-0.010532808274422378
2025-06-18,IWM,209.65,0.005274514504914896
2025-06-20,IWM,209.21,-0.0020987359885523693
2025-06-23,IWM,211.77,0.01223650877109117
2025-06-24,IWM,214.47,0.012749681257968604
2025-06-25,IWM,211.97,-0.011656641954585711
2025-06-26,IWM,215.41,0.016228711610133395
2025-06-27,IWM,215.48,0.0003249617009424277
2025-06-30,IWM,215.79,0.0014386485984778652
2025-07-01,IWM,218.01,0.010287779785902895
2025-07-02,IWM,221.03,0.013852575569928138
2025-07-03,IWM,223.08,0.009274759082477546
2025-07-07,IWM,219.73,-0.01501703424780354
2025-07-08,IWM,221.25,0.006917580667182399
2025-07-09,IWM,223.65,0.010847457627118695
2025-07-10,IWM,224.8,0.005141962888441709
2025-07-11,IWM,221.7,-0.01379003558718872
2025-07-14,IWM,223.19,0.006720793865584218
2025-07-15,IWM,218.82,-0.019579730274653873
2025-07-16,IWM,221.02,0.010053925600950642
2025-07-17,IWM,223.92,0.013120984526287183
2025-07-18,IWM,222.33,-0.00710075026795276
2025-07-21,IWM,221.43,-0.004048036702199442
2025-07-22,IWM,223.27,0.008309623808878674
2025-07-23,IWM,226.68,0.015272987862229526
2025-07-24,IWM,223.55,-0.013808011293453326
2025-07-25,IWM,224.38,0.0037128159248489556
2025-07-28,IWM,224.12,-0.0011587485515642815
2025-07-29,IWM,222.69,-0.006380510440835319
2025-07-30,IWM,221.56,-0.005074318559432411
2025-07-31,IWM,219.39,-0.009794186676295391
2025-08-01,IWM,214.92,-0.020374675235881323
2025-08-04,IWM,219.73,0.022380420621626707
2025-08-05,IWM,220.85,0.0050971647021345046
2025-08-06,IWM,220.56,-0.0013131084446456054
2025-08-07,IWM,219.84,-0.0032644178454842576
2025-08-08,IWM,220.32,0.0021834061135370675
2025-08-11,IWM,220.27,-0.00022694262890332606
2025-08-12,IWM,226.81,0.02969083397648342
2025-08-13,IWM,231.22,0.01944358714342398
2025-08-14,IWM,228.24,-0.012888158463800647
2025-08-15,IWM,227.13,-0.004863301787592089
2025-08-18,IWM,227.96,0.003654294897195598
2025-08-19,IWM,226.21,-0.007676785400947517
2025-08-20,IWM,225.41,-0.0035365368462932922
2025-08-21,IWM,225.97,0.0024843618295551373
2025-08-22,IWM,234.83,0.03920874452360934
2025-08-25,IWM,232.36,-0.01051824724268624
2025-08-26,IWM,234.28,0.008263040110173758
2025-08-27,IWM,235.94,0.007085538671674829
2025-08-28,IWM,236.22,0.0011867423921336773
2025-08-29,IWM,235.17,-0.004445008890017865
2025-09-02,IWM,233.9,-0.005400348683930689
2025-09-03,IWM,233.67,-0.0009833262077811877
2025-09-04,IWM,236.59,0.012496255402918655
2025-09-05,IWM,237.77,0.004987531172069959
2025-09-08,IWM,238.25,0.0020187576229129256
2025-09-09,IWM,236.85,-0.005876180482686233
2025-09-10,IWM,236.43,-0.0017732742241924893
2025-09-11,IWM,240.8,0.01848327200439881
2025-09-12,IWM,238.34,-0.010215946843853851
2025-09-15,IWM,239.35,0.004237643702273974
2025-09-16,IWM,238.28,-0.004470440777104678
2025-09-17,IWM,238.89,0.002560013429578678
2025-09-18,IWM,244.84,0.024906860898321392
2025-09-19,IWM,242.98,-0.007596797908838493
2025-09-22,IWM,244.39,0.005802946744587922
2025-09-23,IWM,243.84,-0.002250501248005188
2025-09-24,IWM,241.6,-0.009186351706036766
2025-09-25,IWM,239.29,-0.00956125827814569
2025-09-26,IWM,241.34,0.008567010740106129
2025-09-29,IWM,241.62,0.0011601889450567615
2025-09-30,IWM,241.96,0.0014071682807714758
2025-10-01,IWM,242.49,0.0021904447016036777
2025-10-02,IWM,244.02,0.006309538537671688
2025-10-03,IWM,245.83,0.007417424801245742
2025-10-06,IWM,246.81,0.003986494732131973
2025-10-07,IWM,244.16,-0.010737004173250742
2025-10-08,IWM,246.72,0.010484927916120546
2025-10-09,IWM,245.13,-0.0064445525291828565
2025-10-10,IWM,237.79,-0.029943295394280645
2025-10-13,IWM,244.41,0.027839690483199453
2025-10-14,IWM,247.9,0.014279284808313975
2025-10-15,IWM,250.33,0.009802339653085967
2025-10-16,IWM,245.06,-0.021052211081372674
2025-10-17,IWM,243.41,-0.006733044968579183
2025-10-20,IWM,248.16,0.019514399572737373
2025-10-21,IWM,246.99,-0.004714700193423571
2025-10-22,IWM,243.34,-0.014777926231831273
2025-10-23,IWM,246.42,0.012657187474315768
2025-10-24,IWM,249.43,0.012214917620323007
2025-10-27,IWM,250.3,0.0034879525317723648
2025-10-28,IWM,248.96,-0.005353575709149072
2025-10-29,IWM,246.84,-0.008515424164524443
2025-10-30,IWM,244.85,-0.00806190244692917
2025-10-31,IWM,246.23,0.005636103736981868
2025-11-03,IWM,245.44,-0.0032083824066928557
2025-11-04,IWM,241.2,-0.01727509778357239
2025-11-05,IWM,244.68,0.01442786069651758
2025-11-06,IWM,240.35,-0.017696583292463708
2025-11-07,IWM,241.61,0.005242354899105628
2025-11-10,IWM,244.03,0.010016141715988525
2025-11-11,IWM,244.24,0.0008605499323854904
2025-11-12,IWM,243.64,-0.0024566000655094067
2025-11-13,IWM,236.79,-0.028115252011163938
2025-11-14,IWM,237.48,0.002913974407702913
2025-11-17,IWM,232.76,-0.019875357924877934
2025-11-18,IWM,233.47,0.0030503522942086914
2025-11-19,IWM,233.43,-0.0001713282220413559
2025-11-20,IWM,229.11,-0.01850661868654413
2025-11-21,IWM,235.6,0.02832700449565695
2025-11-24,IWM,239.9,0.01825127334465204
2025-11-25,IWM,245.13,0.02180075031263029
2025-11-26,IWM,247.3,0.008852445641088558
2025-11-28,IWM,248.75,0.005863323898099404
2025-12-01,IWM,245.62,-0.012582914572864312
2025-12-02,IWM,245.17,-0.0018320983633255405
2025-12-03,IWM,249.63,0.018191458987641296
2025-12-04,IWM,251.82,0.008772984016344187
2025-12-05,IWM,250.77,-0.004169644984512666
2025-12-08,IWM,250.87,0.0003987717829085913
2025-12-09,IWM,251.39,0.0020727867022760638
2025-12-10,IWM,254.81,0.013604359759735951
2025-12-11,IWM,257.8,0.011734233350339407
2025-12-12,IWM,253.85,-0.015321955003879006
2025-12-15,IWM,251.93,-0.007563521764821668
2025-12-16,IWM,249.9,-0.008057793831619864
2025-12-17,IWM,247.24,-0.010644257703081195
2025-12-18,IWM,248.71,0.005945639864099572
2025-12-19,IWM,250.79,0.00836315387398967
2025-12-22,IWM,253.58,0.011124845488257096
2025-12-23,IWM,252.08,-0.005915293004180144
2025-12-24,IWM,252.71,0.0024992066010789404
2025-12-26,IWM,251.42,-0.005104665426773902
2025-12-29,IWM,249.88,-0.0061252088139368555
2025-12-30,IWM,248.03,-0.00740355370577872
2025-12-31,IWM,246.16,-0.007539410555174819
2026-01-02,IWM,248.78,0.010643483912902152
2026-01-05,IWM,252.73,0.015877482112709895
2026-01-06,IWM,256.08,0.013255252641158455
2026-01-07,IWM,255.48,-0.0023430178069353547
2026-01-08,IWM,258.27,0.010920620009394089
2026-01-09,IWM,260.23,0.007588957292755882
2026-01-12,IWM,261.5,0.004880298197748045
2026-01-13,IWM,261.35,-0.0005736137667302632
2026-01-14,IWM,263.19,0.007040367323512431
2026-01-15,IWM,265.51,0.0088149245792013
2026-01-16,IWM,265.76,0.0009415841211253273
2026-01-20,IWM,262.58,-0.011965683323299281
2026-01-21,IWM,267.79,0.019841572092314852
2026-01-22,IWM,269.79,0.007468538780387668
2026-01-23,IWM,264.81,-0.01845880128989219
2026-01-26,IWM,263.98,-0.003134322721951577
2026-01-27,IWM,264.73,0.0028411243276005305
2026-01-28,IWM,263.3,-0.005401730064594101
2026-01-29,IWM,263.37,0.0002658564375237482
2026-01-30,IWM,259.65,-0.014124615559858889
2026-02-02,IWM,262.18,0.009743886000385338
2026-02-03,IWM,262.78,0.0022885040811655433
2026-02-04,IWM,260.52,-0.008600350102747512
2026-02-05,IWM,255.83,-0.01800245662521105
2026-02-06,IWM,265.02,0.03592229214712872
2026-02-09,IWM,266.88,0.007018338238623523
2026-02-10,IWM,266.16,-0.0026978417266185772
2026-02-11,IWM,264.95,-0.0045461376615570925
2026-02-12,IWM,259.54,-0.02041894697112656
2026-02-13,IWM,262.96,0.013177159590043841
2026-02-17,IWM,263.04,0.0003042287800427701
2026-02-18,IWM,263.99,0.0036116180048662017
2026-02-19,IWM,264.6,0.0023106935868784095
2026-02-20,IWM,264.61,3.779289493577309e-05
2026-02-23,IWM,260.49,-0.015570084274970752
2026-02-24,IWM,263.33,0.010902529847594877
2026-02-25,IWM,264.58,0.0047468955303231475
2026-02-26,IWM,265.99,0.00532920099780787
2026-02-27,IWM,261.41,-0.017218692432046212
2026-03-02,IWM,263.81,0.009180980069622313
2026-03-03,IWM,259.24,-0.017323073424055146
2026-03-04,IWM,261.76,0.00972072211078534
2026-03-05,IWM,256.76,-0.019101466992665017
2026-03-06,IWM,250.89,-0.02286181648231811
2026-03-09,IWM,253.62,0.010881262704771189
2026-03-10,IWM,253.36,-0.0010251557448149873
2026-03-11,IWM,252.85,-0.002012946005683691
2026-03-12,IWM,247.41,-0.021514732054577768
2026-03-13,IWM,246.59,-0.0033143365264136637
2026-03-16,IWM,248.92,0.00944888276085809
2026-03-17,IWM,250.05,0.004539611120038645
2026-03-18,IWM,246.02,-0.016116776644671038
2026-03-19,IWM,247.63,0.006544183399723513
2026-03-20,IWM,242.22,-0.021847110608569253
2026-03-23,IWM,247.45,0.0215919412104697
2026-03-24,IWM,248.78,0.005374823196605316
2026-03-25,IWM,251.82,0.012219631803199515
2026-03-26,IWM,247.44,-0.017393376221110257
2026-03-27,IWM,243.1,-0.017539605560944027
2026-03-30,IWM,239.61,-0.014356232003290725
2026-03-31,IWM,248.0,0.03501523308709986
2026-04-01,IWM,249.56,0.0062903225806452134
2026-04-02,IWM,251.29,0.006932200673184674
2026-04-06,IWM,252.36,0.004258028572565742
2026-04-07,IWM,252.91,0.0021794262165160116
2026-04-08,IWM,260.47,0.029892056462773375
2026-04-09,IWM,261.96,0.00572042845625198
2026-04-10,IWM,261.3,-0.0025194686211633677
2026-04-13,IWM,265.07,0.014427860696517358
2026-04-14,IWM,268.72,0.01376994756102179
2026-04-15,IWM,269.39,0.0024933015778503265
2026-04-16,IWM,269.95,0.002078770555699938
2026-04-17,IWM,275.78,0.021596591961474232
2026-04-20,IWM,277.35,0.0056929436507362485
2026-04-21,IWM,274.51,-0.010239769244636876
2026-04-22,IWM,276.48,0.007176423445411917
2026-04-23,IWM,275.52,-0.003472222222222321
2026-04-24,IWM,276.65,0.004101335656213623
2026-04-27,IWM,277.14,0.0017711910356046356
2026-04-28,IWM,273.91,-0.011654759327415554
2026-04-29,IWM,272.08,-0.006681026614581587
2026-04-30,IWM,277.97,0.021648044692737622
2026-05-01,IWM,279.28,0.0047127387847607505
2026-05-04,IWM,277.88,-0.005012890289315286
2026-05-05,IWM,282.56,0.01684180221678422
2026-05-06,IWM,286.8,0.01500566251415636
2026-05-07,IWM,282.26,-0.015829846582984697
2026-05-08,IWM,284.17,0.006766810741869245
2026-05-11,IWM,285.33,0.0040820635535065986
2026-05-12,IWM,282.57,-0.009673010198717247
2026-05-13,IWM,282.67,0.0003538946101850904
2026-05-14,IWM,284.45,0.006297095553118304
2026-05-15,IWM,277.6,-0.02408156090701341
2026-05-18,IWM,275.97,-0.0058717579250719965
2026-05-19,IWM,273.0,-0.010762039352103625
2026-05-20,IWM,279.87,0.025164835164835253
2026-05-21,IWM,282.49,0.009361489262872169
2026-05-22,IWM,285.12,0.009310064073064561
2025-01-10,LLY,799.9,
2025-01-13,LLY,797.48,-0.0030253781722714423
2025-01-14,LLY,744.91,-0.06592014846767325
2025-01-15,LLY,746.74,0.0024566726181687315
2025-01-16,LLY,757.6,0.014543214505718272
2025-01-17,LLY,725.72,-0.04208025343189015
2025-01-21,LLY,742.35,0.022915173896268515
2025-01-22,LLY,753.98,0.015666464605644137
2025-01-23,LLY,766.6,0.01673784450515936
2025-01-24,LLY,785.41,0.024536916253587115
2025-01-27,LLY,808.17,0.028978495308183083
2025-01-28,LLY,804.99,-0.003934815694717653
2025-01-29,LLY,804.08,-0.0011304488254512135
2025-01-30,LLY,823.23,0.023816038205153767
2025-01-31,LLY,811.08,-0.014758937356510349
2025-02-03,LLY,810.43,-0.0008014006016670017
2025-02-04,LLY,826.07,0.019298397147193613
2025-02-05,LLY,842.18,0.019501979251152823
2025-02-06,LLY,870.37,0.033472654301930804
2025-02-07,LLY,878.31,0.009122557073428572
2025-02-10,LLY,868.88,-0.010736528105110943
2025-02-11,LLY,865.0,-0.004465518828837167
2025-02-12,LLY,872.97,0.009213872832370074
2025-02-13,LLY,871.86,-0.0012715213581222518
2025-02-14,LLY,844.27,-0.031644988874360624
2025-02-18,LLY,857.2,0.015315005863053344
2025-02-19,LLY,867.05,0.011490900606626164
2025-02-20,LLY,873.12,0.0070007496684159065
2025-02-21,LLY,873.68,0.0006413780465457375
2025-02-24,LLY,881.4,0.008836187162347908
2025-02-25,LLY,901.8,0.023144996596323963
2025-02-26,LLY,915.01,0.01464848081614556
2025-02-27,LLY,905.16,-0.010764909673118384
2025-02-28,LLY,920.63,0.01709090105616684
2025-03-03,LLY,929.72,0.009873673462737598
2025-03-04,LLY,911.06,-0.020070558877941846
2025-03-05,LLY,929.72,0.020481636774746015
2025-03-06,LLY,912.76,-0.0182420513703051
2025-03-07,LLY,869.58,-0.04730706867084444
2025-03-10,LLY,829.76,-0.045792221532234056
2025-03-11,LLY,824.06,-0.006869456228307036
2025-03-12,LLY,821.86,-0.0026697085163700507
2025-03-13,LLY,801.65,-0.024590562869588495
2025-03-14,LLY,813.48,0.014757063556414929
2025-03-17,LLY,824.76,0.013866351969316959
2025-03-18,LLY,822.51,-0.002728066346573521
2025-03-19,LLY,837.01,0.017628964997385976
2025-03-20,LLY,842.57,0.006642692440950615
2025-03-21,LLY,837.57,-0.005934225049550768
2025-03-24,LLY,864.9,0.03263010852824233
2025-03-25,LLY,852.35,-0.014510348017111707
2025-03-26,LLY,826.76,-0.03002287792573477
2025-03-27,LLY,821.67,-0.006156562968697155
2025-03-28,LLY,822.51,0.0010223082259301908
2025-03-31,LLY,825.91,0.004133688344214681
2025-04-01,LLY,805.23,-0.025039047838142148
2025-04-02,LLY,818.22,0.01613203680935893
2025-04-03,LLY,789.09,-0.03560167192197694
2025-04-04,LLY,738.21,-0.06447933695776142
2025-04-07,LLY,723.73,-0.01961501469771476
2025-04-08,LLY,726.24,0.0034681441974215854
2025-04-09,LLY,753.71,0.03782496144525238
2025-04-10,LLY,720.91,-0.0435180639768612
2025-04-11,LLY,732.41,0.01595206059008758
2025-04-14,LLY,754.35,0.02995589901830953
2025-04-15,LLY,757.18,0.0037515742029561316
2025-04-16,LLY,734.9,-0.02942497160516655
2025-04-17,LLY,839.96,0.14295822560892657
2025-04-21,LLY,818.02,-0.02612029144244965
2025-04-22,LLY,827.54,0.011637857265103468
2025-04-23,LLY,829.42,0.002271793508470843
2025-04-24,LLY,859.73,0.036543608786863135
2025-04-25,LLY,884.54,0.02885789724680987
2025-04-28,LLY,877.29,-0.008196350645533257
2025-04-29,LLY,885.2,0.009016402785851918
2025-04-30,LLY,898.95,0.015533212833257926
2025-05-01,LLY,794.1,-0.11663607542132493
2025-05-02,LLY,823.62,0.037174159425765074
2025-05-05,LLY,821.46,-0.002622568660304525
2025-05-06,LLY,775.12,-0.056411754680690485
2025-05-07,LLY,776.72,0.0020641965115080207
2025-05-08,LLY,751.45,-0.03253424657534243
2025-05-09,LLY,734.57,-0.022463237740368625
2025-05-12,LLY,755.57,0.028588153613678724
2025-05-13,LLY,746.06,-0.012586524081157457
2025-05-14,LLY,715.56,-0.040881430447953226
2025-05-15,LLY,733.29,0.02477779641120237
2025-05-16,LLY,757.39,0.03286557842054316
2025-05-19,LLY,755.11,-0.003010338134910695
2025-05-20,LLY,747.01,-0.010726913959555606
2025-05-21,LLY,724.95,-0.029531063841180094
2025-05-22,LLY,715.2,-0.013449203393337439
2025-05-23,LLY,713.71,-0.002083333333333326
2025-05-27,LLY,725.22,0.016126998360678657
2025-05-28,LLY,719.39,-0.008038939907890064
2025-05-29,LLY,722.57,0.00442041173772223
2025-05-30,LLY,737.67,0.020897629295431486
2025-06-02,LLY,747.12,0.01281060636870146
2025-06-03,LLY,750.78,0.0048988114359138635
2025-06-04,LLY,765.84,0.0200591384959643
2025-06-05,LLY,765.68,-0.00020892092343061108
2025-06-06,LLY,769.88,0.005485320238219682
2025-06-09,LLY,773.71,0.0049748012677302
2025-06-10,LLY,807.19,0.043272026986855616
2025-06-11,LLY,808.61,0.0017591892862893754
2025-06-12,LLY,812.03,0.004229480219141379
2025-06-13,LLY,819.36,0.009026760095070419
2025-06-16,LLY,807.58,-0.014377074790079991
2025-06-17,LLY,791.24,-0.02023328958121795
2025-06-18,LLY,785.03,-0.007848440422627778
2025-06-20,LLY,762.73,-0.028406557711170177
2025-06-23,LLY,770.64,0.01037064229806095
2025-06-24,LLY,778.08,0.009654313298038009
2025-06-25,LLY,792.3,0.01827575570635398
2025-06-26,LLY,795.12,0.0035592578568723887
2025-06-27,LLY,775.45,-0.024738404266022695
2025-06-30,LLY,779.53,0.005261461087110675
2025-07-01,LLY,775.9,-0.004656652085230806
2025-07-02,LLY,779.28,0.004356231473128025
2025-07-03,LLY,780.67,0.0017836977723026948
2025-07-07,LLY,772.87,-0.009991417628447352
2025-07-08,LLY,777.66,0.0061976787816837575
2025-07-09,LLY,786.92,0.011907517424067038
2025-07-10,LLY,790.65,0.004739998983378291
2025-07-11,LLY,793.01,0.002984885853411834
2025-07-14,LLY,799.34,0.007982244864503718
2025-07-15,LLY,771.75,-0.03451597567993603
2025-07-16,LLY,789.8,0.023388402980239587
2025-07-17,LLY,761.5,-0.03583185616611795
2025-07-18,LLY,771.71,0.01340774786605392
2025-07-21,LLY,762.18,-0.01234919853312788
2025-07-22,LLY,776.44,0.018709491196305494
2025-07-23,LLY,798.89,0.028914017824944516
2025-07-24,LLY,805.43,0.008186358572519259
2025-07-25,LLY,812.69,0.009013818705536414
2025-07-28,LLY,808.11,-0.00563560521231965
2025-07-29,LLY,762.95,-0.05588348120924125
2025-07-30,LLY,760.08,-0.0037617143980601675
2025-07-31,LLY,740.07,-0.026326176191979744
2025-08-01,LLY,762.33,0.030078235842555312
2025-08-04,LLY,769.0,0.008749491689950428
2025-08-05,LLY,765.95,-0.00396618985695707
2025-08-06,LLY,746.37,-0.02556302630720031
2025-08-07,LLY,640.86,-0.1413642027412677
2025-08-08,LLY,625.65,-0.023733732796554663
2025-08-11,LLY,635.22,0.015296092064253308
2025-08-12,LLY,639.43,0.00662762507477721
2025-08-13,LLY,660.49,0.03293558325383561
2025-08-14,LLY,684.43,0.03624581749912936
2025-08-15,LLY,701.23,0.02454597256110924
2025-08-18,LLY,698.05,-0.004534888695577832
2025-08-19,LLY,703.21,0.00739202062889488
2025-08-20,LLY,705.44,0.003171172196072325
2025-08-21,LLY,709.82,0.006208890904967124
2025-08-22,LLY,711.68,0.0026203826322164225
2025-08-25,LLY,695.33,-0.022973808453237266
2025-08-26,LLY,736.03,0.05853335826154482
2025-08-27,LLY,734.17,-0.002527070907435869
2025-08-28,LLY,731.96,-0.003010201996812567
2025-08-29,LLY,732.58,0.0008470408219027892
2025-09-02,LLY,735.19,0.0035627508258484486
2025-09-03,LLY,737.83,0.0035909084726397644
2025-09-04,LLY,742.91,0.006885054822926673
2025-09-05,LLY,727.21,-0.02113311168243792
2025-09-08,LLY,738.64,0.015717605643486676
2025-09-09,LLY,750.61,0.016205458680818907
2025-09-10,LLY,754.62,0.005342321578449605
2025-09-11,LLY,756.28,0.002199782672073214
2025-09-12,LLY,755.39,-0.0011768128206484096
2025-09-15,LLY,748.19,-0.00953150028462113
2025-09-16,LLY,764.71,0.022079952953126813
2025-09-17,LLY,760.13,-0.005989198519700367
2025-09-18,LLY,762.93,0.0036835804401877947
2025-09-19,LLY,751.99,-0.014339454471576585
2025-09-22,LLY,754.95,0.003936222556151003
2025-09-23,LLY,746.98,-0.010556990529174137
2025-09-24,LLY,741.85,-0.006867653752443137
2025-09-25,LLY,714.59,-0.03674597290557391
2025-09-26,LLY,724.54,0.0139240683468842
2025-09-29,LLY,726.51,0.0027189665166864607
2025-09-30,LLY,763.0,0.05022642496318008
2025-10-01,LLY,825.42,0.08180865006553084
2025-10-02,LLY,819.85,-0.006748079765452664
2025-10-03,LLY,839.87,0.024419101055070946
2025-10-06,LLY,845.05,0.006167621179468119
2025-10-07,LLY,843.63,-0.0016803739423701947
2025-10-08,LLY,845.72,0.0024773893768594846
2025-10-09,LLY,855.35,0.011386747386841867
2025-10-10,LLY,833.49,-0.025556789618284892
2025-10-13,LLY,819.4,-0.01690482189348408
2025-10-14,LLY,812.35,-0.008603856480351446
2025-10-15,LLY,826.57,0.017504770111405277
2025-10-16,LLY,819.38,-0.00869859781990645
2025-10-17,LLY,802.83,-0.020198198637994547
2025-10-20,LLY,808.96,0.007635489456049305
2025-10-21,LLY,799.57,-0.011607496044303778
2025-10-22,LLY,812.43,0.016083644959165477
2025-10-23,LLY,821.04,0.010597836121265747
2025-10-24,LLY,825.45,0.00537123648056137
2025-10-27,LLY,826.41,0.0011630019989095075
2025-10-28,LLY,820.1,-0.007635435195605056
2025-10-29,LLY,813.53,-0.008011218144128862
2025-10-30,LLY,844.5,0.03806866372475515
2025-10-31,LLY,862.86,0.021740674955595063
2025-11-03,LLY,896.53,0.03902139396889415
2025-11-04,LLY,906.86,0.011522202268747339
2025-11-05,LLY,925.81,0.020896279469818868
2025-11-06,LLY,937.44,0.012561972758989626
2025-11-07,LLY,924.37,-0.013942225635774075
2025-11-10,LLY,966.64,0.045728442074061126
2025-11-11,LLY,988.62,0.022738558305056777
2025-11-12,LLY,1017.78,0.029495660617830932
2025-11-13,LLY,1022.87,0.005001080783666456
2025-11-14,LLY,1025.28,0.0023561156354179325
2025-11-17,LLY,1021.7,-0.0034917290886391505
2025-11-18,LLY,1030.05,0.008172653420769116
2025-11-19,LLY,1049.6,0.018979661181496077
2025-11-20,LLY,1043.29,-0.006011814024390216
2025-11-21,LLY,1059.7,0.015729087789588814
2025-11-24,LLY,1070.16,0.00987071812777196
2025-11-25,LLY,1109.94,0.0371720116618075
2025-11-26,LLY,1104.34,-0.00504531776492434
2025-11-28,LLY,1075.47,-0.026142311244725214
2025-12-01,LLY,1057.89,-0.01634634159948667
2025-12-02,LLY,1046.12,-0.011125920464320704
2025-12-03,LLY,1033.56,-0.012006270791113827
2025-12-04,LLY,1014.49,-0.018450791439297176
2025-12-05,LLY,1010.31,-0.004120296897948794
2025-12-08,LLY,997.59,-0.012590195088636125
2025-12-09,LLY,982.22,-0.015407131186158662
2025-12-10,LLY,993.64,0.011626723137382555
2025-12-11,LLY,1009.38,0.015840747151885992
2025-12-12,LLY,1027.51,0.01796152093364234
2025-12-15,LLY,1062.19,0.0337514963358021
2025-12-16,LLY,1054.29,-0.007437464107174829
2025-12-17,LLY,1041.79,-0.011856320367261364
2025-12-18,LLY,1056.88,0.014484685013294474
2025-12-19,LLY,1071.44,0.013776398455832117
2025-12-22,LLY,1076.48,0.004703949824535147
2025-12-23,LLY,1071.64,-0.004496135552913172
2025-12-24,LLY,1076.98,0.004983016684707575
2025-12-26,LLY,1077.75,0.0007149622091402463
2025-12-29,LLY,1078.73,0.0009093017861285801
2025-12-30,LLY,1079.75,0.0009455563486693297
2025-12-31,LLY,1074.68,-0.004695531373002937
2026-01-02,LLY,1080.36,0.005285294227118653
2026-01-05,LLY,1041.51,-0.035960235477063174
2026-01-06,LLY,1064.04,0.021632053460840517
2026-01-07,LLY,1108.09,0.041398819593248426
2026-01-08,LLY,1085.19,-0.020666191374346776
2026-01-09,LLY,1063.56,-0.019931993475796994
2026-01-12,LLY,1081.0,0.01639775847154845
2026-01-13,LLY,1077.19,-0.0035245143385753686
2026-01-14,LLY,1073.29,-0.003620531196910526
2026-01-15,LLY,1032.97,-0.037566734060691886
2026-01-16,LLY,1038.4,0.005256687028664997
2026-01-20,LLY,1041.29,0.0027831278890599886
2026-01-21,LLY,1078.52,0.03575372854824299
2026-01-22,LLY,1087.38,0.008214961243185215
2026-01-23,LLY,1064.29,-0.02123452702826989
2026-01-26,LLY,1062.75,-0.0014469740390307129
2026-01-27,LLY,1039.51,-0.02186779581275
2026-01-28,LLY,1023.8,-0.015112889726890621
2026-01-29,LLY,1024.14,0.0003320961125221622
2026-01-30,LLY,1037.15,0.012703341340051244
2026-02-02,LLY,1044.13,0.0067299811984766755
2026-02-03,LLY,1003.46,-0.03895108846599571
2026-02-04,LLY,1107.12,0.10330257309708402
2026-02-05,LLY,1020.84,-0.07793193149794053
2026-02-06,LLY,1058.18,0.03657772030876538
2026-02-09,LLY,1044.67,-0.012767204067360982
2026-02-10,LLY,1025.0,-0.018828912479539106
2026-02-11,LLY,1015.21,-0.009551219512195064
2026-02-12,LLY,1038.27,0.022714512268397602
2026-02-13,LLY,1040.0,0.0016662332533927682
2026-02-17,LLY,1036.05,-0.0037980769230769873
2026-02-18,LLY,1020.56,-0.01495101587761205
2026-02-19,LLY,1023.22,0.0026064121658697648
2026-02-20,LLY,1009.52,-0.013389104982310829
2026-02-23,LLY,1058.56,0.04857754180204443
2026-02-24,LLY,1042.15,-0.015502191656589948
2026-02-25,LLY,1028.83,-0.01278126949095637
2026-02-26,LLY,1022.02,-0.006619169347705567
2026-02-27,LLY,1051.99,0.029324279368309947
2026-03-02,LLY,1017.97,-0.032338710444015595
2026-03-03,LLY,1007.73,-0.010059235537393074
2026-03-04,LLY,1003.57,-0.004128089865340856
2026-03-05,LLY,983.26,-0.020237751228115664
2026-03-06,LLY,990.33,0.007190366739214582
2026-03-09,LLY,1008.39,0.018236345460604042
2026-03-10,LLY,1001.35,-0.006981425837225608
2026-03-11,LLY,999.84,-0.0015079642482648259
2026-03-12,LLY,977.25,-0.022593614978396626
2026-03-13,LLY,985.08,0.008012279355333884
2026-03-16,LLY,989.12,0.004101189751086087
2026-03-17,LLY,930.35,-0.05941645098673565
2026-03-18,LLY,918.05,-0.013220830870102729
2026-03-19,LLY,917.5,-0.0005990959098087778
2026-03-20,LLY,906.7,-0.011771117166212486
2026-03-23,LLY,910.55,0.004246167420315361
2026-03-24,LLY,903.02,-0.008269727088023648
2026-03-25,LLY,916.31,0.014717282009257815
2026-03-26,LLY,897.0,-0.02107365411269102
2026-03-27,LLY,878.24,-0.020914158305462616
2026-03-30,LLY,886.63,0.009553197303698191
2026-03-31,LLY,919.77,0.037377485535116106
2026-04-01,LLY,954.52,0.037781184426541436
2026-04-02,LLY,935.58,-0.019842433893475175
2026-04-06,LLY,927.06,-0.009106650420060425
2026-04-07,LLY,931.09,0.0043470757016805806
2026-04-08,LLY,953.3,0.023853762794144417
2026-04-09,LLY,955.19,0.0019825868037344208
2026-04-10,LLY,939.47,-0.016457458725489205
2026-04-13,LLY,929.55,-0.010559145049868657
2026-04-14,LLY,922.5,-0.007584314991124663
2026-04-15,LLY,905.03,-0.018937669376693833
2026-04-16,LLY,903.99,-0.001149133177905659
2026-04-17,LLY,927.03,0.02548700759964162
2026-04-20,LLY,919.9,-0.007691228978566
2026-04-21,LLY,903.02,-0.018349820632677427
2026-04-22,LLY,921.48,0.020442515115944415
2026-04-23,LLY,917.65,-0.0041563571645614195
2026-04-24,LLY,883.96,-0.03671334386748759
2026-04-27,LLY,868.27,-0.017749671930856636
2026-04-28,LLY,874.0,0.006599329701590495
2026-04-29,LLY,851.21,-0.026075514874141836
2026-04-30,LLY,934.6,0.09796642426663227
2026-05-01,LLY,963.33,0.03074042371067831
2026-05-04,LLY,967.93,0.004775103028038075
2026-05-05,LLY,988.87,0.021633795832343372
2026-05-06,LLY,987.05,-0.0018404845935260372
2026-05-07,LLY,974.96,-0.012248619624132484
2026-05-08,LLY,948.45,-0.027190859112168675
2026-05-11,LLY,966.99,0.01954768306183774
2026-05-12,LLY,989.87,0.02366105130352958
2026-05-13,LLY,1015.75,0.026144847303181118
2026-05-14,LLY,1006.7,-0.008909672655673107
2026-05-15,LLY,1004.92,-0.0017681533724049903
2026-05-18,LLY,988.09,-0.016747601799148137
2026-05-19,LLY,1021.41,0.03372162454837113
2026-05-20,LLY,1018.87,-0.0024867585005041715
2026-05-21,LLY,1041.65,0.02235810260386506
2026-05-22,LLY,1065.0,0.022416358661738522
2025-01-10,LMT,468.05,
2025-01-13,LMT,483.16,0.03228287576113664
2025-01-14,LMT,484.46,0.0026906200844438732
2025-01-15,LMT,483.97,-0.001011435412624273
2025-01-16,LMT,486.86,0.005971444511023272
2025-01-17,LMT,490.32,0.007106765805364956
2025-01-21,LMT,506.29,0.032570566160874614
2025-01-22,LMT,499.34,-0.013727310434731188
2025-01-23,LMT,497.28,-0.004125445588176402
2025-01-24,LMT,496.96,-0.0006435006435006052
2025-01-27,LMT,503.69,0.013542337411461824
2025-01-28,LMT,457.45,-0.09180249756794856
2025-01-29,LMT,454.36,-0.006754836594163205
2025-01-30,LMT,459.65,0.011642750242098598
2025-01-31,LMT,462.95,0.007179375611878536
2025-02-03,LMT,455.42,-0.016265255427151848
2025-02-04,LMT,453.68,-0.0038206490711870655
2025-02-05,LMT,449.87,-0.008397989772526926
2025-02-06,LMT,448.52,-0.003000866917109435
2025-02-07,LMT,444.39,-0.009208062070810707
2025-02-10,LMT,448.22,0.008618555773082237
2025-02-11,LMT,449.36,0.0025433938690822
2025-02-12,LMT,441.97,-0.016445611536407334
2025-02-13,LMT,434.72,-0.016403828314139002
2025-02-14,LMT,423.19,-0.026522819285977217
2025-02-18,LMT,428.54,0.012642075663413577
2025-02-19,LMT,432.95,0.010290754655341239
2025-02-20,LMT,436.29,0.007714516687839401
2025-02-21,LMT,440.72,0.010153796786541047
2025-02-24,LMT,440.27,-0.0010210564530769295
2025-02-25,LMT,448.46,0.018602221364162785
2025-02-26,LMT,441.5,-0.01551977879855504
2025-02-27,LMT,446.46,0.011234428086070114
2025-02-28,LMT,450.37,0.008757783452045143
2025-03-03,LMT,451.94,0.0034860226036370623
2025-03-04,LMT,448.82,-0.006903571270522657
2025-03-05,LMT,460.42,0.0258455505547881
2025-03-06,LMT,461.5,0.002345684375135715
2025-03-07,LMT,473.65,0.026327193932827786
2025-03-10,LMT,479.17,0.011654175023751767
2025-03-11,LMT,468.88,-0.021474633219942807
2025-03-12,LMT,461.5,-0.015739634874594732
2025-03-13,LMT,467.93,0.013932827735644748
2025-03-14,LMT,466.17,-0.0037612463402645346
2025-03-17,LMT,467.61,0.003089001866271923
2025-03-18,LMT,469.28,0.003571352195205213
2025-03-19,LMT,470.55,0.00270627344016372
2025-03-20,LMT,466.74,-0.008096907873764714
2025-03-21,LMT,439.7,-0.057933753267343735
2025-03-24,LMT,434.98,-0.010734591767113888
2025-03-25,LMT,442.07,0.016299599981608237
2025-03-26,LMT,445.17,0.0070124640893975965
2025-03-27,LMT,442.28,-0.00649190197003402
2025-03-28,LMT,441.49,-0.0017861987880979369
2025-03-31,LMT,446.71,0.011823597363473715
2025-04-01,LMT,448.64,0.004320476371695303
2025-04-02,LMT,452.87,0.009428495007132609
2025-04-03,LMT,454.78,0.004217545874091844
2025-04-04,LMT,432.15,-0.049760323672984774
2025-04-07,LMT,430.82,-0.0030776350804118113
2025-04-08,LMT,443.36,0.029107283784411075
2025-04-09,LMT,462.24,0.04258390472753515
2025-04-10,LMT,463.7,0.0031585323641398766
2025-04-11,LMT,474.9,0.024153547552296706
2025-04-14,LMT,475.34,0.0009265108443883285
2025-04-15,LMT,469.58,-0.012117642108806281
2025-04-16,LMT,477.08,0.01597171940883335
2025-04-17,LMT,464.08,-0.02724909868365888
2025-04-21,LMT,458.33,-0.012390105154283737
2025-04-22,LMT,462.08,0.008181877686383121
2025-04-23,LMT,463.55,0.003181267313019376
2025-04-24,LMT,466.81,0.007032682558515857
2025-04-25,LMT,477.64,0.023200017137593454
2025-04-28,LMT,476.29,-0.002826396449208568
2025-04-29,LMT,475.88,-0.0008608200886015549
2025-04-30,LMT,477.75,0.003929562074472592
2025-05-01,LMT,477.72,-6.27943485085325e-05
2025-05-02,LMT,472.8,-0.010298919869379586
2025-05-05,LMT,471.56,-0.0026226734348562264
2025-05-06,LMT,468.21,-0.007104080074645913
2025-05-07,LMT,471.32,0.006642318617714249
2025-05-08,LMT,474.53,0.006810659424594689
2025-05-09,LMT,473.52,-0.0021284218068404748
2025-05-12,LMT,473.16,-0.0007602635580333805
2025-05-13,LMT,459.83,-0.02817228844365549
2025-05-14,LMT,449.18,-0.02316073331448576
2025-05-15,LMT,465.14,0.03553141279665173
2025-05-16,LMT,468.32,0.00683665133078204
2025-05-19,LMT,473.06,0.010121284591732227
2025-05-20,LMT,475.82,0.005834355050099438
2025-05-21,LMT,470.28,-0.011643058299356968
2025-05-22,LMT,470.45,0.0003614867738368499
2025-05-23,LMT,468.88,-0.0033372303114039825
2025-05-27,LMT,476.85,0.016997952567821217
2025-05-28,LMT,469.98,-0.014407046240956234
2025-05-29,LMT,473.69,0.007893952934167281
2025-05-30,LMT,482.38,0.018345331334839177
2025-06-02,LMT,478.82,-0.0073800738007380184
2025-06-03,LMT,480.17,0.00281943110145777
2025-06-04,LMT,482.21,0.004248495324572499
2025-06-05,LMT,478.03,-0.008668422471537318
2025-06-06,LMT,481.69,0.007656423237035304
2025-06-09,LMT,480.83,-0.0017853806390002447
2025-06-10,LMT,476.9,-0.00817336688642556
2025-06-11,LMT,456.6,-0.04256657580205481
2025-06-12,LMT,469.27,0.027748576434516004
2025-06-13,LMT,486.45,0.03661005391352523
2025-06-16,LMT,467.06,-0.0398602117381025
2025-06-17,LMT,479.34,0.02629212520875246
2025-06-18,LMT,468.6,-0.022405807985980575
2025-06-20,LMT,470.56,0.004182671788305559
2025-06-23,LMT,472.46,0.004037742264535904
2025-06-24,LMT,460.2,-0.025949286712102615
2025-06-25,LMT,458.39,-0.003933072577140373
2025-06-26,LMT,457.9,-0.0010689587469185913
2025-06-27,LMT,458.59,0.0015068792312731283
2025-06-30,LMT,463.14,0.00992171656599572
2025-07-01,LMT,465.94,0.006045688128859528
2025-07-02,LMT,462.55,-0.007275614886036785
2025-07-03,LMT,462.52,-6.485785320509141e-05
2025-07-07,LMT,469.06,0.01413992908414774
2025-07-08,LMT,463.01,-0.012898136698929807
2025-07-09,LMT,463.06,0.00010798902831465895
2025-07-10,LMT,464.31,0.0026994341985919768
2025-07-11,LMT,467.51,0.006891947190454717
2025-07-14,LMT,473.57,0.012962289576693653
2025-07-15,LMT,470.12,-0.0072850898494414285
2025-07-16,LMT,471.47,0.002871607249212982
2025-07-17,LMT,469.2,-0.004814728402655621
2025-07-18,LMT,463.96,-0.011167945439045202
2025-07-21,LMT,460.53,-0.007392878696439342
2025-07-22,LMT,410.74,-0.10811456365491923
2025-07-23,LMT,419.39,0.02105955105419488
2025-07-24,LMT,420.55,0.0027659219342379693
2025-07-25,LMT,421.17,0.0014742598977528498
2025-07-28,LMT,421.34,0.00040363748605076744
2025-07-29,LMT,420.13,-0.002871790003322716
2025-07-30,LMT,418.68,-0.0034513126889296197
2025-07-31,LMT,420.98,0.005493455622432419
2025-08-01,LMT,421.01,7.126229274545537e-05
2025-08-04,LMT,423.7,0.006389396926438806
2025-08-05,LMT,428.24,0.010715128628746795
2025-08-06,LMT,434.85,0.015435269942088548
2025-08-07,LMT,430.75,-0.009428538576520706
2025-08-08,LMT,425.63,-0.011886244921648248
2025-08-11,LMT,426.26,0.0014801588233912533
2025-08-12,LMT,431.56,0.012433725894993586
2025-08-13,LMT,442.57,0.02551209565297996
2025-08-14,LMT,437.32,-0.011862530221207979
2025-08-15,LMT,437.56,0.0005487972194273549
2025-08-18,LMT,440.64,0.0070390346466771
2025-08-19,LMT,441.1,0.0010439360929557218
2025-08-20,LMT,446.0,0.011108592155973707
2025-08-21,LMT,447.2,0.0026905829596413078
2025-08-22,LMT,446.2,-0.0022361359570661765
2025-08-25,LMT,447.72,0.003406544150605262
2025-08-26,LMT,455.46,0.017287590458322066
2025-08-27,LMT,454.47,-0.0021736266631536827
2025-08-28,LMT,456.18,0.003762624595682773
2025-08-29,LMT,455.63,-0.0012056644307072428
2025-09-02,LMT,452.5,-0.006869609112657216
2025-09-03,LMT,449.06,-0.007602209944751359
2025-09-04,LMT,456.85,0.017347347793168044
2025-09-05,LMT,463.9,0.015431760971872599
2025-09-08,LMT,459.11,-0.010325501185600272
2025-09-09,LMT,457.06,-0.00446516085469717
2025-09-10,LMT,463.87,0.01489957554806809
2025-09-11,LMT,470.73,0.014788626123698467
2025-09-12,LMT,471.31,0.0012321288211925019
2025-09-15,LMT,473.25,0.00411618679849779
2025-09-16,LMT,474.32,0.0022609614368727105
2025-09-17,LMT,473.12,-0.0025299375948726333
2025-09-18,LMT,473.62,0.0010568143388569595
2025-09-19,LMT,472.94,-0.001435750179468842
2025-09-22,LMT,480.39,0.015752526747578877
2025-09-23,LMT,486.67,0.01307271175503244
2025-09-24,LMT,486.25,-0.0008630077876179421
2025-09-25,LMT,484.34,-0.003928020565552748
2025-09-26,LMT,487.44,0.006400462485031122
2025-09-29,LMT,491.98,0.00931396684720176
2025-09-30,LMT,499.21,0.014695719338184476
2025-10-01,LMT,499.0,-0.00042066465014722887
2025-10-02,LMT,499.36,0.0007214428857715838
2025-10-03,LMT,504.49,0.010273149631528256
2025-10-06,LMT,514.24,0.019326448492537063
2025-10-07,LMT,511.07,-0.006164436838830167
2025-10-08,LMT,514.02,0.005772203416361643
2025-10-09,LMT,507.76,-0.012178514454690426
2025-10-10,LMT,505.05,-0.005337167165589962
2025-10-13,LMT,503.83,-0.002415602415602458
2025-10-14,LMT,505.18,0.002679475219816263
2025-10-15,LMT,499.41,-0.01142167148343165
2025-10-16,LMT,493.25,-0.012334554774634077
2025-10-17,LMT,495.15,0.00385200202736935
2025-10-20,LMT,505.9,0.02171059274967191
2025-10-21,LMT,489.5,-0.03241747380905313
2025-10-22,LMT,487.14,-0.004821246169560811
2025-10-23,LMT,488.05,0.0018680461468982834
2025-10-24,LMT,485.41,-0.005409281835877411
2025-10-27,LMT,486.91,0.0030901711954842703
2025-10-28,LMT,485.77,-0.002341295105871777
2025-10-29,LMT,485.33,-0.0009057784548243131
2025-10-30,LMT,489.72,0.009045391795273305
2025-10-31,LMT,491.88,0.00441068365596653
2025-11-03,LMT,487.94,-0.008010083760266684
2025-11-04,LMT,484.98,-0.00606631962946258
2025-11-05,LMT,473.14,-0.02441337787125253
2025-11-06,LMT,468.92,-0.008919135985120619
2025-11-07,LMT,458.35,-0.022541158406551243
2025-11-10,LMT,452.1,-0.013635867786625955
2025-11-11,LMT,457.07,0.01099314310993127
2025-11-12,LMT,457.04,-6.563546065152526e-05
2025-11-13,LMT,455.85,-0.0026037108349378224
2025-11-14,LMT,465.77,0.021761544367664643
2025-11-17,LMT,470.78,0.010756381905232093
2025-11-18,LMT,474.72,0.00836908959598981
2025-11-19,LMT,469.91,-0.010132288506909393
2025-11-20,LMT,468.26,-0.003511310676512558
2025-11-21,LMT,460.78,-0.015974031520949894
2025-11-24,LMT,451.06,-0.02109466556708184
2025-11-25,LMT,452.41,0.0029929499401410986
2025-11-26,LMT,454.16,0.0038681726752283208
2025-11-28,LMT,457.86,0.008146908578474443
2025-12-01,LMT,439.19,-0.040776656619927576
2025-12-02,LMT,441.82,0.005988296636990853
2025-12-03,LMT,446.8,0.01127155855325701
2025-12-04,LMT,448.35,0.0034691136974038805
2025-12-05,LMT,452.2,0.00858704137392663
2025-12-08,LMT,465.38,0.029146395400265313
2025-12-09,LMT,466.89,0.003244660277622602
2025-12-10,LMT,467.94,0.0022489237293581432
2025-12-11,LMT,474.88,0.01483096123434624
2025-12-12,LMT,480.25,0.0113081199460916
2025-12-15,LMT,484.42,0.008682977615825038
2025-12-16,LMT,477.06,-0.015193427191280362
2025-12-17,LMT,474.79,-0.004758311323523223
2025-12-18,LMT,470.14,-0.009793803576317983
2025-12-19,LMT,474.13,0.008486833709107966
2025-12-22,LMT,483.57,0.019910151224347805
2025-12-23,LMT,482.55,-0.002109311992058993
2025-12-24,LMT,485.75,0.00663143715677128
2025-12-26,LMT,483.03,-0.005599588265568722
2025-12-29,LMT,488.87,0.01209034635529882
2025-12-30,LMT,488.0,-0.0017796142123672753
2025-12-31,LMT,483.67,-0.008872950819672099
2026-01-02,LMT,497.07,0.027704840076911985
2026-01-05,LMT,511.57,0.029170941718470234
2026-01-06,LMT,522.04,0.02046640733428462
2026-01-07,LMT,496.87,-0.04821469619186258
2026-01-08,LMT,518.44,0.043411757602592305
2026-01-09,LMT,542.92,0.047218578813363
2026-01-12,LMT,551.24,0.015324541368894273
2026-01-13,LMT,558.3,0.012807488571221048
2026-01-14,LMT,572.7,0.02579258463191847
2026-01-15,LMT,577.89,0.00906233630172859
2026-01-16,LMT,582.43,0.007856166398449549
2026-01-20,LMT,576.06,-0.010936936627577554
2026-01-21,LMT,586.23,0.017654410998854342
2026-01-22,LMT,593.91,0.013100660150452859
2026-01-23,LMT,590.82,-0.0052028085063392515
2026-01-26,LMT,581.66,-0.015503875968992387
2026-01-27,LMT,594.95,0.022848399408589293
2026-01-28,LMT,597.27,0.0038994873518782835
2026-01-29,LMT,622.51,0.04225894486580617
2026-01-30,LMT,634.22,0.018810942796099628
2026-02-02,LMT,636.0,0.0028065970798776263
2026-02-03,LMT,628.26,-0.012169811320754786
2026-02-04,LMT,602.76,-0.040588291471683746
2026-02-05,LMT,609.18,0.010651005375273748
2026-02-06,LMT,623.58,0.02363833349748856
2026-02-09,LMT,638.29,0.02358959556111473
2026-02-10,LMT,629.56,-0.01367716868508051
2026-02-11,LMT,628.7,-0.0013660334201662794
2026-02-12,LMT,637.43,0.013885796087163893
2026-02-13,LMT,652.58,0.02376731562681411
2026-02-17,LMT,649.58,-0.004597137515706895
2026-02-18,LMT,649.81,0.00035407494073069756
2026-02-19,LMT,666.51,0.02569981994736925
2026-02-20,LMT,658.26,-0.012377908808570037
2026-02-23,LMT,660.62,0.0035852094916901667
2026-02-24,LMT,664.43,0.005767309497138884
2026-02-25,LMT,647.5,-0.025480487033998966
2026-02-26,LMT,641.63,-0.009065637065637122
2026-02-27,LMT,658.08,0.025637828655143968
2026-03-02,LMT,676.7,0.028294432287867766
2026-03-03,LMT,667.82,-0.01312250628047884
2026-03-04,LMT,664.48,-0.00500134766853344
2026-03-05,LMT,655.0,-0.014266795087888307
2026-03-06,LMT,671.77,0.025603053435114376
2026-03-09,LMT,664.15,-0.011343168048588037
2026-03-10,LMT,651.22,-0.019468493563201017
2026-03-11,LMT,649.47,-0.002687263904671222
2026-03-12,LMT,652.83,0.0051734491200516874
2026-03-13,LMT,646.0,-0.010462141752064169
2026-03-16,LMT,645.2,-0.0012383900928791824
2026-03-17,LMT,636.33,-0.0137476751394916
2026-03-18,LMT,642.28,0.00935049424040968
2026-03-19,LMT,637.51,-0.0074266674970417945
2026-03-20,LMT,627.43,-0.015811516682091353
2026-03-23,LMT,616.25,-0.01781872081347713
2026-03-24,LMT,610.17,-0.009866125760649158
2026-03-25,LMT,624.2,0.022993591949784564
2026-03-26,LMT,627.33,0.005014418455623115
2026-03-27,LMT,615.84,-0.01831571899956963
2026-03-30,LMT,598.57,-0.028042998181345813
2026-03-31,LMT,604.39,0.009723173563660037
2026-04-01,LMT,617.64,0.021922930558083253
2026-04-02,LMT,622.79,0.008338190531701262
2026-04-06,LMT,637.9,0.02426178968833792
2026-04-07,LMT,627.7,-0.015989967079479417
2026-04-08,LMT,628.5,0.0012744941851201563
2026-04-09,LMT,623.87,-0.007366746221161513
2026-04-10,LMT,613.72,-0.016269415102505347
2026-04-13,LMT,619.69,0.009727563058072208
2026-04-14,LMT,611.58,-0.013087188755668167
2026-04-15,LMT,611.1,-0.0007848523496517545
2026-04-16,LMT,607.49,-0.005907380134184237
2026-04-17,LMT,592.19,-0.025185599762958977
2026-04-20,LMT,581.28,-0.01842314122156752
2026-04-21,LMT,571.95,-0.01605078447563979
2026-04-22,LMT,555.43,-0.02888364367514662
2026-04-23,LMT,529.79,-0.04616243270979237
2026-04-24,LMT,513.45,-0.030842409256497727
2026-04-27,LMT,513.35,-0.00019476093095727176
2026-04-28,LMT,512.29,-0.002064868023765598
2026-04-29,LMT,509.81,-0.00484100802279952
2026-04-30,LMT,517.97,0.016005963005825796
2026-05-01,LMT,512.77,-0.010039191458964924
2026-05-04,LMT,518.15,0.010492033465296258
2026-05-05,LMT,508.93,-0.017794075074785254
2026-05-06,LMT,514.26,0.010472953058377366
2026-05-07,LMT,512.41,-0.00359740209232684
2026-05-08,LMT,506.51,-0.011514217130813131
2026-05-11,LMT,512.25,0.011332451481708139
2026-05-12,LMT,521.0,0.017081503172279078
2026-05-13,LMT,519.94,-0.002034548944337744
2026-05-14,LMT,520.41,0.0009039504558217004
2026-05-15,LMT,516.01,-0.008454872120059131
2026-05-18,LMT,528.31,0.023836747349857523
2026-05-19,LMT,526.63,-0.003179951165035555
2026-05-20,LMT,522.59,-0.007671420162163156
2026-05-21,LMT,522.79,0.00038270919841543183
2026-05-22,LMT,533.24,0.019988905679144686
2025-01-10,NVDA,135.91,
2025-01-13,NVDA,133.23,-0.019718931645942184
2025-01-14,NVDA,131.76,-0.01103355100202652
2025-01-15,NVDA,136.24,0.03400121432908332
2025-01-16,NVDA,133.57,-0.019597768643570324
2025-01-17,NVDA,137.71,0.03099498390357125
2025-01-21,NVDA,140.83,0.02265630673153729
2025-01-22,NVDA,147.07,0.0443087410352907
2025-01-23,NVDA,147.22,0.0010199224858911116
2025-01-24,NVDA,142.62,-0.03124575465290036
2025-01-27,NVDA,118.42,-0.16968167157481417
2025-01-28,NVDA,128.99,0.08925857118729952
2025-01-29,NVDA,123.7,-0.0410109310799287
2025-01-30,NVDA,124.65,0.007679870654810017
2025-01-31,NVDA,120.07,-0.036742880064179806
2025-02-03,NVDA,116.66,-0.028400099941700674
2025-02-04,NVDA,118.65,0.01705811760672038
2025-02-05,NVDA,124.83,0.05208596713021496
2025-02-06,NVDA,128.68,0.03084194504526172
2025-02-07,NVDA,129.84,0.009014609884985925
2025-02-10,NVDA,133.57,0.02872766481823774
2025-02-11,NVDA,132.8,-0.005764767537620563
2025-02-12,NVDA,131.14,-0.012500000000000178
2025-02-13,NVDA,135.29,0.03164556962025311
2025-02-14,NVDA,138.85,0.026313844334392877
2025-02-18,NVDA,139.4,0.003961109110551142
2025-02-19,NVDA,139.23,-0.0012195121951220633
2025-02-20,NVDA,140.11,0.006320476908712402
2025-02-21,NVDA,134.43,-0.040539576047391335
2025-02-24,NVDA,130.28,-0.030871085323216585
2025-02-25,NVDA,126.63,-0.028016579674547182
2025-02-26,NVDA,131.28,0.036721156124141174
2025-02-27,NVDA,120.15,-0.084780621572212
2025-02-28,NVDA,124.92,0.03970037453183517
2025-03-03,NVDA,114.06,-0.0869356388088377
2025-03-04,NVDA,115.99,0.016920918814658847
2025-03-05,NVDA,117.3,0.011294077075610032
2025-03-06,NVDA,110.57,-0.05737425404944585
2025-03-07,NVDA,112.69,0.019173374333001814
2025-03-10,NVDA,106.98,-0.05066997959002573
2025-03-11,NVDA,108.76,0.016638624041876993
2025-03-12,NVDA,115.74,0.06417800662008077
2025-03-13,NVDA,115.58,-0.001382408847416583
2025-03-14,NVDA,121.67,0.05269077695102964
2025-03-17,NVDA,119.53,-0.017588559217555644
2025-03-18,NVDA,115.43,-0.03430101229816773
2025-03-19,NVDA,117.52,0.0181062115567876
2025-03-20,NVDA,118.53,0.008594281824370276
2025-03-21,NVDA,117.7,-0.007002446637981885
2025-03-24,NVDA,121.41,0.03152081563296516
2025-03-25,NVDA,120.69,-0.005930318754633013
2025-03-26,NVDA,113.76,-0.05741983594332578
2025-03-27,NVDA,111.43,-0.02048171589310832
2025-03-28,NVDA,109.67,-0.015794669299111552
2025-03-31,NVDA,108.38,-0.011762560408498324
2025-04-01,NVDA,110.15,0.016331426462447007
2025-04-02,NVDA,110.42,0.002451202905129346
2025-04-03,NVDA,101.8,-0.07806556783191454
2025-04-04,NVDA,94.31,-0.0735756385068762
2025-04-07,NVDA,97.64,0.0353090870533348
2025-04-08,NVDA,96.3,-0.013723883654240154
2025-04-09,NVDA,114.33,0.18722741433021817
2025-04-10,NVDA,107.57,-0.05912708825330193
2025-04-11,NVDA,110.93,0.031235474574695665
2025-04-14,NVDA,110.71,-0.001983232669251045
2025-04-15,NVDA,112.2,0.013458585493631992
2025-04-16,NVDA,104.49,-0.06871657754010707
2025-04-17,NVDA,101.49,-0.028710881424059753
2025-04-21,NVDA,96.91,-0.045127598778204714
2025-04-22,NVDA,98.89,0.020431328036322416
2025-04-23,NVDA,102.71,0.03862877945191623
2025-04-24,NVDA,106.43,0.03621847921331911
2025-04-25,NVDA,111.01,0.04303297942309503
2025-04-28,NVDA,108.73,-0.020538690208089405
2025-04-29,NVDA,109.02,0.0026671571783316583
2025-04-30,NVDA,108.92,-0.0009172628875435684
2025-05-01,NVDA,111.61,0.024697025339698753
2025-05-02,NVDA,114.5,0.02589373712032983
2025-05-05,NVDA,113.82,-0.005938864628820983
2025-05-06,NVDA,113.54,-0.002460024600245858
2025-05-07,NVDA,117.06,0.03100228994187071
2025-05-08,NVDA,117.37,0.0026482145908082177
2025-05-09,NVDA,116.65,-0.006134446621794298
2025-05-12,NVDA,123.0,0.05443634804972142
2025-05-13,NVDA,129.93,0.056341463414634196
2025-05-14,NVDA,135.34,0.041637804971907943
2025-05-15,NVDA,134.83,-0.003768287276488813
2025-05-16,NVDA,135.4,0.0042275457984126685
2025-05-19,NVDA,135.57,0.0012555391432791385
2025-05-20,NVDA,134.38,-0.008777753190233772
2025-05-21,NVDA,131.8,-0.019199285607977234
2025-05-22,NVDA,132.83,0.007814871016691871
2025-05-23,NVDA,131.29,-0.011593766468418476
2025-05-27,NVDA,135.5,0.03206641785360653
2025-05-28,NVDA,134.81,-0.0050922509225092005
2025-05-29,NVDA,139.19,0.03249017135227361
2025-05-30,NVDA,135.13,-0.029168762123715775
2025-06-02,NVDA,137.38,0.016650632724043435
2025-06-03,NVDA,141.22,0.02795166690930273
2025-06-04,NVDA,141.92,0.004956804985129404
2025-06-05,NVDA,139.99,-0.013599210822998753
2025-06-06,NVDA,141.72,0.01235802557325516
2025-06-09,NVDA,142.63,0.006421112051933298
2025-06-10,NVDA,143.96,0.009324826474093939
2025-06-11,NVDA,142.83,-0.007849402611836642
2025-06-12,NVDA,145.0,0.015192886648463189
2025-06-13,NVDA,141.97,-0.020896551724137957
2025-06-16,NVDA,144.69,0.019158977248714404
2025-06-17,NVDA,144.12,-0.003939456769645355
2025-06-18,NVDA,145.48,0.009436580627254942
2025-06-20,NVDA,143.85,-0.011204289249381327
2025-06-23,NVDA,144.17,0.002224539450816687
2025-06-24,NVDA,147.9,0.025872234167996222
2025-06-25,NVDA,154.31,0.04334009465855315
2025-06-26,NVDA,155.02,0.004601127600285082
2025-06-27,NVDA,157.75,0.017610630886337075
2025-06-30,NVDA,157.99,0.0015213946117274002
2025-07-01,NVDA,153.3,-0.029685423128046118
2025-07-02,NVDA,157.25,0.025766470971950284
2025-07-03,NVDA,159.34,0.013290937996820462
2025-07-07,NVDA,158.24,-0.006903476841973122
2025-07-08,NVDA,160.0,0.011122345803842304
2025-07-09,NVDA,162.88,0.018000000000000016
2025-07-10,NVDA,164.1,0.007490176817288807
2025-07-11,NVDA,164.92,0.004996953077391897
2025-07-14,NVDA,164.07,-0.005154014067426549
2025-07-15,NVDA,170.7,0.04040958127628458
2025-07-16,NVDA,171.37,0.003925014645577152
2025-07-17,NVDA,173.0,0.009511583124234058
2025-07-18,NVDA,172.41,-0.003410404624277441
2025-07-21,NVDA,171.38,-0.005974131430891538
2025-07-22,NVDA,167.03,-0.025382191620959227
2025-07-23,NVDA,170.78,0.022451056696401794
2025-07-24,NVDA,173.74,0.0173322403091698
2025-07-25,NVDA,173.5,-0.001381374467595342
2025-07-28,NVDA,176.75,0.018731988472622474
2025-07-29,NVDA,175.51,-0.0070155586987270535
2025-07-30,NVDA,179.27,0.021423280724745197
2025-07-31,NVDA,177.87,-0.007809449433814897
2025-08-01,NVDA,173.72,-0.02333164670827015
2025-08-04,NVDA,180.0,0.036150126640571045
2025-08-05,NVDA,178.26,-0.009666666666666712
2025-08-06,NVDA,179.42,0.006507348816335634
2025-08-07,NVDA,180.77,0.007524244788764012
2025-08-08,NVDA,182.7,0.010676550312551658
2025-08-11,NVDA,182.06,-0.003503010399562023
2025-08-12,NVDA,183.16,0.0060419641876303665
2025-08-13,NVDA,181.59,-0.00857174055470622
2025-08-14,NVDA,182.02,0.002367971804614788
2025-08-15,NVDA,180.45,-0.00862542577738723
2025-08-18,NVDA,182.01,0.008645054031587662
2025-08-19,NVDA,175.64,-0.0349980770287347
2025-08-20,NVDA,175.4,-0.0013664313368252357
2025-08-21,NVDA,174.98,-0.0023945267958951355
2025-08-22,NVDA,177.99,0.017201965938964614
2025-08-25,NVDA,179.81,0.010225293555817805
2025-08-26,NVDA,181.77,0.010900394861242502
2025-08-27,NVDA,181.6,-0.0009352478406778886
2025-08-28,NVDA,180.17,-0.007874449339207112
2025-08-29,NVDA,174.18,-0.033246378420380696
2025-09-02,NVDA,170.78,-0.01952003674359859
2025-09-03,NVDA,170.62,-0.0009368778545496559
2025-09-04,NVDA,171.66,0.006095416715508062
2025-09-05,NVDA,167.02,-0.027030175929162237
2025-09-08,NVDA,168.31,0.0077236259130641916
2025-09-09,NVDA,170.76,0.014556473174499374
2025-09-10,NVDA,177.33,0.03847505270555174
2025-09-11,NVDA,177.17,-0.0009022725991091329
2025-09-12,NVDA,177.82,0.003668792684991873
2025-09-15,NVDA,177.75,-0.0003936565065796316
2025-09-16,NVDA,174.88,-0.016146272855133592
2025-09-17,NVDA,170.29,-0.02624656907593781
2025-09-18,NVDA,176.24,0.034940395795407975
2025-09-19,NVDA,176.67,0.0024398547435313667
2025-09-22,NVDA,183.61,0.039282277692873846
2025-09-23,NVDA,178.43,-0.028211971025543292
2025-09-24,NVDA,176.97,-0.008182480524575486
2025-09-25,NVDA,177.69,0.004068486184098941
2025-09-26,NVDA,178.19,0.002813889357870414
2025-09-29,NVDA,181.85,0.020539873169089118
2025-09-30,NVDA,186.58,0.026010448171570166
2025-10-01,NVDA,187.24,0.0035373566298637638
2025-10-02,NVDA,188.89,0.00881221961119416
2025-10-03,NVDA,187.62,-0.00672348986182425
2025-10-06,NVDA,185.54,-0.011086238140923244
2025-10-07,NVDA,185.04,-0.002694836692896385
2025-10-08,NVDA,189.11,0.021995244271509007
2025-10-09,NVDA,192.57,0.018296229707577494
2025-10-10,NVDA,183.16,-0.048865347665783876
2025-10-13,NVDA,188.32,0.0281720899759772
2025-10-14,NVDA,180.03,-0.044020815632965116
2025-10-15,NVDA,179.83,-0.0011109259567849694
2025-10-16,NVDA,181.81,0.011010398709892621
2025-10-17,NVDA,183.22,0.007755348990704514
2025-10-20,NVDA,182.64,-0.0031655932758433147
2025-10-21,NVDA,181.16,-0.00810337275514672
2025-10-22,NVDA,180.28,-0.004857584455729702
2025-10-23,NVDA,182.16,0.010428222764588435
2025-10-24,NVDA,186.26,0.022507685551163892
2025-10-27,NVDA,191.49,0.028079029313862414
2025-10-28,NVDA,201.03,0.04981983393388689
2025-10-29,NVDA,207.04,0.02989603541759922
2025-10-30,NVDA,202.89,-0.020044435857805243
2025-10-31,NVDA,202.49,-0.001971511656562508
2025-11-03,NVDA,206.88,0.021680082967060033
2025-11-04,NVDA,198.69,-0.03958816705336421
2025-11-05,NVDA,195.21,-0.017514721425335944
2025-11-06,NVDA,188.08,-0.03652476819835049
2025-11-07,NVDA,188.15,0.00037218205019140527
2025-11-10,NVDA,199.05,0.05793250066436362
2025-11-11,NVDA,193.16,-0.029590555136900343
2025-11-12,NVDA,193.8,0.003313315386208382
2025-11-13,NVDA,186.86,-0.0358101135190918
2025-11-14,NVDA,190.17,0.017713796425131045
2025-11-17,NVDA,186.6,-0.018772677078403466
2025-11-18,NVDA,181.36,-0.02808145766345116
2025-11-19,NVDA,186.52,0.02845169827966476
2025-11-20,NVDA,180.64,-0.031524769461720004
2025-11-21,NVDA,178.88,-0.009743135518157642
2025-11-24,NVDA,182.55,0.02051654740608244
2025-11-25,NVDA,177.82,-0.025910709394686537
2025-11-26,NVDA,180.26,0.013721741086492045
2025-11-28,NVDA,177.0,-0.018084988350160813
2025-12-01,NVDA,179.92,0.016497175141242826
2025-12-02,NVDA,181.46,0.008559359715429204
2025-12-03,NVDA,179.59,-0.01030530144384445
2025-12-04,NVDA,183.38,0.021103624923436648
2025-12-05,NVDA,182.41,-0.005289562656778268
2025-12-08,NVDA,185.55,0.01721396853242707
2025-12-09,NVDA,184.97,-0.0031258420910806883
2025-12-10,NVDA,183.78,-0.006433475698761959
2025-12-11,NVDA,180.93,-0.015507672216780954
2025-12-12,NVDA,175.02,-0.03266456640689763
2025-12-15,NVDA,176.29,0.0072563135641638965
2025-12-16,NVDA,177.72,0.008111634239037935
2025-12-17,NVDA,170.94,-0.038149898717083075
2025-12-18,NVDA,174.14,0.018720018720018716
2025-12-19,NVDA,180.99,0.03933616630297476
2025-12-22,NVDA,183.69,0.014917951268025753
2025-12-23,NVDA,189.21,0.03005062877674347
2025-12-24,NVDA,188.61,-0.0031710797526557366
2025-12-26,NVDA,190.53,0.010179735963098402
2025-12-29,NVDA,188.22,-0.012124074948826946
2025-12-30,NVDA,187.54,-0.0036127935394750788
2025-12-31,NVDA,186.5,-0.005545483630158832
2026-01-02,NVDA,188.85,0.012600536193029477
2026-01-05,NVDA,188.12,-0.003865501720942466
2026-01-06,NVDA,187.24,-0.004677865192430297
2026-01-07,NVDA,189.11,0.00998718222602002
2026-01-08,NVDA,185.04,-0.021521865580878985
2026-01-09,NVDA,184.86,-0.0009727626459142824
2026-01-12,NVDA,184.94,0.0004327599264306592
2026-01-13,NVDA,185.81,0.004704228398399568
2026-01-14,NVDA,183.14,-0.014369517248802643
2026-01-15,NVDA,187.05,0.02134978704816004
2026-01-16,NVDA,186.23,-0.004383854584335878
2026-01-20,NVDA,178.07,-0.04381678569510816
2026-01-21,NVDA,183.32,0.029482787667771015
2026-01-22,NVDA,184.84,0.008291512109971588
2026-01-23,NVDA,187.67,0.015310538844405919
2026-01-26,NVDA,186.47,-0.006394202589651954
2026-01-27,NVDA,188.52,0.010993725532257193
2026-01-28,NVDA,191.52,0.01591343093570985
2026-01-29,NVDA,192.51,0.005169172932330657
2026-01-30,NVDA,191.13,-0.007168458781361964
2026-02-02,NVDA,185.61,-0.028880866425992635
2026-02-03,NVDA,180.34,-0.028392866763644276
2026-02-04,NVDA,174.19,-0.03410225130309419
2026-02-05,NVDA,171.88,-0.013261381250358806
2026-02-06,NVDA,185.41,0.07871771003025363
2026-02-09,NVDA,190.04,0.024971684375168612
2026-02-10,NVDA,188.54,-0.007893075142075379
2026-02-11,NVDA,190.05,0.00800891057600528
2026-02-12,NVDA,186.94,-0.01636411470665622
2026-02-13,NVDA,182.81,-0.022092650048143758
2026-02-17,NVDA,184.97,0.011815546195503401
2026-02-18,NVDA,187.98,0.016272909120397916
2026-02-19,NVDA,187.9,-0.0004255771890625537
2026-02-20,NVDA,189.82,0.010218201170835384
2026-02-23,NVDA,191.55,0.009113897376461955
2026-02-24,NVDA,192.85,0.006786739754633064
2026-02-25,NVDA,195.56,0.014052372310085604
2026-02-26,NVDA,184.89,-0.054561259971364406
2026-02-27,NVDA,177.19,-0.04164638433663248
2026-03-02,NVDA,182.48,0.029854957954737804
2026-03-03,NVDA,180.05,-0.013316527838667103
2026-03-04,NVDA,183.04,0.01660649819494564
2026-03-05,NVDA,183.34,0.0016389860139860435
2026-03-06,NVDA,177.82,-0.03010799607287018
2026-03-09,NVDA,182.65,0.027162298953998576
2026-03-10,NVDA,184.77,0.011606898439638691
2026-03-11,NVDA,186.03,0.006819288845591798
2026-03-12,NVDA,183.14,-0.015535128742676041
2026-03-13,NVDA,180.25,-0.01578027738342247
2026-03-16,NVDA,183.22,0.01647711511789174
2026-03-17,NVDA,181.93,-0.007040716079030673
2026-03-18,NVDA,180.4,-0.008409827955807136
2026-03-19,NVDA,178.56,-0.010199556541020005
2026-03-20,NVDA,172.7,-0.03281810035842303
2026-03-23,NVDA,175.64,0.017023740590619507
2026-03-24,NVDA,175.2,-0.0025051241175131356
2026-03-25,NVDA,178.68,0.019863013698630194
2026-03-26,NVDA,171.24,-0.04163868368032231
2026-03-27,NVDA,167.52,-0.021723896285914535
2026-03-30,NVDA,165.17,-0.014028175740210314
2026-03-31,NVDA,174.4,0.05588181873221543
2026-04-01,NVDA,175.75,0.007740825688073327
2026-04-02,NVDA,177.39,0.009331436699857587
2026-04-06,NVDA,177.64,0.0014093240881674074
2026-04-07,NVDA,178.1,0.0025895068678225552
2026-04-08,NVDA,182.08,0.02234699606962387
2026-04-09,NVDA,183.91,0.010050527240773155
2026-04-10,NVDA,188.63,0.025664727312272317
2026-04-13,NVDA,189.31,0.0036049408895721946
2026-04-14,NVDA,196.51,0.038032856161850814
2026-04-15,NVDA,198.87,0.012009566943158134
2026-04-16,NVDA,198.35,-0.002614773470106191
2026-04-17,NVDA,201.68,0.016788505167633083
2026-04-20,NVDA,202.06,0.00188417294724319
2026-04-21,NVDA,199.88,-0.010788874591705522
2026-04-22,NVDA,202.5,0.013107864718831408
2026-04-23,NVDA,199.64,-0.0141234567901235
2026-04-24,NVDA,208.27,0.04322781005810472
2026-04-27,NVDA,216.61,0.04004417342872224
2026-04-28,NVDA,213.17,-0.015881076589261967
2026-04-29,NVDA,209.25,-0.01838907913871557
2026-04-30,NVDA,199.57,-0.04626045400238954
2026-05-01,NVDA,198.45,-0.00561206594177488
2026-05-04,NVDA,198.48,0.00015117157974309237
2026-05-05,NVDA,196.5,-0.009975816203143806
2026-05-06,NVDA,207.83,0.05765903307888043
2026-05-07,NVDA,211.5,0.017658663330606617
2026-05-08,NVDA,215.2,0.01749408983451528
2026-05-11,NVDA,219.44,0.019702602230483368
2026-05-12,NVDA,220.78,0.006106452788917194
2026-05-13,NVDA,225.83,0.022873448681945963
2026-05-14,NVDA,235.74,0.043882566532347234
2026-05-15,NVDA,225.32,-0.04420123865275305
2026-05-18,NVDA,222.32,-0.013314397301615433
2026-05-19,NVDA,220.61,-0.007691615689096709
2026-05-20,NVDA,223.47,0.012964054213317588
2026-05-21,NVDA,219.51,-0.017720499395892153
2026-05-22,NVDA,215.33,-0.01904241264634854
2025-01-10,PFE,26.72,
2025-01-13,PFE,26.8,0.0029940119760478723
2025-01-14,PFE,26.41,-0.014552238805970119
2025-01-15,PFE,26.22,-0.007194244604316613
2025-01-16,PFE,26.49,0.010297482837528626
2025-01-17,PFE,26.3,-0.007172517931294697
2025-01-21,PFE,26.64,0.012927756653992484
2025-01-22,PFE,26.01,-0.023648648648648574
2025-01-23,PFE,26.44,0.016532103037293355
2025-01-24,PFE,26.09,-0.01323751891074132
2025-01-27,PFE,26.86,0.02951322345726326
2025-01-28,PFE,26.75,-0.004095309009679804
2025-01-29,PFE,26.62,-0.004859813084112097
2025-01-30,PFE,26.91,0.010894064613072851
2025-01-31,PFE,26.52,-0.01449275362318847
2025-02-03,PFE,26.2,-0.012066365007541435
2025-02-04,PFE,25.87,-0.012595419847328149
2025-02-05,PFE,26.44,0.022033243138770864
2025-02-06,PFE,25.83,-0.023071104387292096
2025-02-07,PFE,25.74,-0.0034843205574912606
2025-02-10,PFE,25.87,0.005050505050505194
2025-02-11,PFE,25.53,-0.013142636258214102
2025-02-12,PFE,25.47,-0.002350176263219872
2025-02-13,PFE,25.64,0.0066745190420103295
2025-02-14,PFE,25.53,-0.00429017160686429
2025-02-18,PFE,25.56,0.001175088131609714
2025-02-19,PFE,25.89,0.012910798122065748
2025-02-20,PFE,25.9,0.0003862495171880198
2025-02-21,PFE,26.3,0.015444015444015635
2025-02-24,PFE,26.65,0.013307984790874361
2025-02-25,PFE,26.74,0.0033771106941837825
2025-02-26,PFE,26.42,-0.011967090501121769
2025-02-27,PFE,26.1,-0.012112036336109022
2025-02-28,PFE,26.43,0.01264367816091938
2025-03-03,PFE,26.25,-0.006810442678774065
2025-03-04,PFE,25.75,-0.01904761904761909
2025-03-05,PFE,25.94,0.007378640776699141
2025-03-06,PFE,26.24,0.01156515034695449
2025-03-07,PFE,26.73,0.018673780487804992
2025-03-10,PFE,26.64,-0.0033670033670033517
2025-03-11,PFE,25.99,-0.024399399399399502
2025-03-12,PFE,25.71,-0.010773374374759448
2025-03-13,PFE,25.6,-0.004278490859587647
2025-03-14,PFE,25.72,0.004687499999999956
2025-03-17,PFE,26.05,0.012830482115085529
2025-03-18,PFE,26.31,0.00998080614203456
2025-03-19,PFE,26.21,-0.003800836183960432
2025-03-20,PFE,26.19,-0.0007630675314764801
2025-03-21,PFE,26.28,0.0034364261168384758
2025-03-24,PFE,26.14,-0.0053272450532724225
2025-03-25,PFE,25.55,-0.02257077276205044
2025-03-26,PFE,25.21,-0.013307240704500956
2025-03-27,PFE,25.01,-0.007933359777865912
2025-03-28,PFE,25.21,0.007996801279488208
2025-03-31,PFE,25.34,0.0051566838556127426
2025-04-01,PFE,24.54,-0.03157063930544601
2025-04-02,PFE,24.7,0.006519967400163029
2025-04-03,PFE,24.29,-0.016599190283400844
2025-04-04,PFE,22.97,-0.05434335117332234
2025-04-07,PFE,22.63,-0.014801915542011268
2025-04-08,PFE,21.84,-0.034909412284578
2025-04-09,PFE,22.49,0.029761904761904656
2025-04-10,PFE,21.59,-0.04001778568252545
2025-04-11,PFE,21.91,0.014821676702176934
2025-04-14,PFE,22.12,0.009584664536741228
2025-04-15,PFE,22.44,0.014466546112115841
2025-04-16,PFE,22.04,-0.01782531194295911
2025-04-17,PFE,22.14,0.00453720508166966
2025-04-21,PFE,22.04,-0.004516711833785103
2025-04-22,PFE,22.53,0.022232304900181576
2025-04-23,PFE,22.39,-0.006213936972925049
2025-04-24,PFE,22.78,0.017418490397498987
2025-04-25,PFE,22.92,0.006145741878841093
2025-04-28,PFE,23.05,0.005671902268760798
2025-04-29,PFE,23.79,0.03210412147505415
2025-04-30,PFE,24.41,0.0260613703236654
2025-05-01,PFE,23.93,-0.019664072101597707
2025-05-02,PFE,24.2,0.011282908483075671
2025-05-05,PFE,23.87,-0.013636363636363558
2025-05-06,PFE,22.88,-0.04147465437788023
2025-05-07,PFE,22.79,-0.00393356643356646
2025-05-08,PFE,22.97,0.007898200965335667
2025-05-09,PFE,22.28,-0.03003918154114049
2025-05-12,PFE,23.09,0.03635547576301601
2025-05-13,PFE,22.87,-0.009527934170636576
2025-05-14,PFE,22.02,-0.03716659379099263
2025-05-15,PFE,22.6,0.026339691189827485
2025-05-16,PFE,22.83,0.01017699115044235
2025-05-19,PFE,23.0,0.007446342531756578
2025-05-20,PFE,23.52,0.022608695652173827
2025-05-21,PFE,23.04,-0.020408163265306145
2025-05-22,PFE,23.04,0.0
2025-05-23,PFE,23.32,0.012152777777777901
2025-05-27,PFE,23.61,0.012435677530017175
2025-05-28,PFE,23.18,-0.018212621770436255
2025-05-29,PFE,23.45,0.011647972389991379
2025-05-30,PFE,23.49,0.0017057569296374808
2025-06-02,PFE,23.46,-0.0012771392081736277
2025-06-03,PFE,23.35,-0.004688832054560943
2025-06-04,PFE,23.39,0.0017130620985010836
2025-06-05,PFE,23.12,-0.011543394613082514
2025-06-06,PFE,23.35,0.009948096885813218
2025-06-09,PFE,23.97,0.026552462526766574
2025-06-10,PFE,24.3,0.013767209011264159
2025-06-11,PFE,24.48,0.007407407407407307
2025-06-12,PFE,24.84,0.014705882352941124
2025-06-13,PFE,24.54,-0.012077294685990392
2025-06-16,PFE,24.4,-0.005704971475142595
2025-06-17,PFE,24.0,-0.016393442622950727
2025-06-18,PFE,23.88,-0.0050000000000000044
2025-06-20,PFE,23.97,0.0037688442211054607
2025-06-23,PFE,24.03,0.0025031289111390187
2025-06-24,PFE,24.31,0.011652101539741944
2025-06-25,PFE,24.26,-0.002056766762648987
2025-06-26,PFE,24.24,-0.0008244023083265883
2025-06-27,PFE,24.19,-0.0020627062706269905
2025-06-30,PFE,24.24,0.0020669698222404165
2025-07-01,PFE,25.04,0.03300330033003296
2025-07-02,PFE,25.32,0.011182108626198062
2025-07-03,PFE,25.38,0.0023696682464453556
2025-07-07,PFE,25.24,-0.005516154452324673
2025-07-08,PFE,25.62,0.015055467511885912
2025-07-09,PFE,25.56,-0.0023419203747073736
2025-07-10,PFE,25.78,0.008607198748043832
2025-07-11,PFE,25.65,-0.005042668735453892
2025-07-14,PFE,25.35,-0.011695906432748426
2025-07-15,PFE,24.61,-0.029191321499013934
2025-07-16,PFE,24.61,0.0
2025-07-17,PFE,24.58,-0.001219016659894434
2025-07-18,PFE,24.47,-0.004475183075671296
2025-07-21,PFE,24.26,-0.008581937065794687
2025-07-22,PFE,25.14,0.036273701566364336
2025-07-23,PFE,25.36,0.00875099443118521
2025-07-24,PFE,25.35,-0.0003943217665614007
2025-07-25,PFE,24.79,-0.02209072978303761
2025-07-28,PFE,24.31,-0.019362646228317848
2025-07-29,PFE,24.3,-0.0004113533525297308
2025-07-30,PFE,23.81,-0.02016460905349804
2025-07-31,PFE,23.29,-0.021839563208735813
2025-08-01,PFE,23.49,0.008587376556461912
2025-08-04,PFE,23.53,0.001702852277565059
2025-08-05,PFE,24.75,0.05184870378240536
2025-08-06,PFE,23.93,-0.03313131313131312
2025-08-07,PFE,24.23,0.012536564981195264
2025-08-08,PFE,24.58,0.014444903012793997
2025-08-11,PFE,24.58,0.0
2025-08-12,PFE,24.65,0.002847843775427128
2025-08-13,PFE,25.16,0.020689655172413834
2025-08-14,PFE,25.11,-0.001987281399046137
2025-08-15,PFE,25.14,0.0011947431302270495
2025-08-18,PFE,25.07,-0.0027844073190135266
2025-08-19,PFE,25.32,0.009972078181093025
2025-08-20,PFE,25.38,0.0023696682464453556
2025-08-21,PFE,25.74,0.014184397163120588
2025-08-22,PFE,25.88,0.00543900543900544
2025-08-25,PFE,25.14,-0.02859350850077269
2025-08-26,PFE,24.92,-0.008750994431185322
2025-08-27,PFE,25.07,0.006019261637239204
2025-08-28,PFE,24.6,-0.018747506980454687
2025-08-29,PFE,24.76,0.006504065040650486
2025-09-02,PFE,24.98,0.008885298869143687
2025-09-03,PFE,24.79,-0.00760608486789438
2025-09-04,PFE,24.54,-0.010084711577248884
2025-09-05,PFE,24.88,0.013854930725346382
2025-09-08,PFE,24.55,-0.013263665594855256
2025-09-09,PFE,24.71,0.006517311608961407
2025-09-10,PFE,24.57,-0.005665722379603388
2025-09-11,PFE,24.86,0.011803011803011687
2025-09-12,PFE,23.87,-0.03982300884955747
2025-09-15,PFE,23.97,0.004189359028068607
2025-09-16,PFE,23.9,-0.002920317062995448
2025-09-17,PFE,24.05,0.006276150627615218
2025-09-18,PFE,24.15,0.004158004158004047
2025-09-19,PFE,24.03,-0.004968944099378758
2025-09-22,PFE,24.04,0.0004161464835621409
2025-09-23,PFE,24.13,0.0037437603993344393
2025-09-24,PFE,24.09,-0.0016576875259013413
2025-09-25,PFE,23.6,-0.020340390203403835
2025-09-26,PFE,23.76,0.006779661016949268
2025-09-29,PFE,23.85,0.0037878787878786735
2025-09-30,PFE,25.48,0.0683438155136269
2025-10-01,PFE,27.21,0.06789638932496067
2025-10-02,PFE,27.08,-0.004777655273796477
2025-10-03,PFE,27.37,0.01070901033973426
2025-10-06,PFE,26.43,-0.03434417245158938
2025-10-07,PFE,26.27,-0.006053726825577033
2025-10-08,PFE,25.68,-0.022459078797106957
2025-10-09,PFE,25.24,-0.017133956386292892
2025-10-10,PFE,24.78,-0.018225039619651273
2025-10-13,PFE,24.73,-0.0020177562550444117
2025-10-14,PFE,24.52,-0.008491710473109593
2025-10-15,PFE,24.39,-0.005301794453507314
2025-10-16,PFE,24.23,-0.006560065600656029
2025-10-17,PFE,24.51,0.011555922410235286
2025-10-20,PFE,24.69,0.007343941248469932
2025-10-21,PFE,24.85,0.006480356419602984
2025-10-22,PFE,24.72,-0.005231388329979936
2025-10-23,PFE,24.67,-0.0020226537216827545
2025-10-24,PFE,24.76,0.003648155654641272
2025-10-27,PFE,24.77,0.0004038772213246222
2025-10-28,PFE,24.5,-0.010900282599919264
2025-10-29,PFE,24.29,-0.008571428571428563
2025-10-30,PFE,24.29,0.0
2025-10-31,PFE,24.65,0.014820913956360648
2025-11-03,PFE,24.66,0.00040567951318459805
2025-11-04,PFE,24.3,-0.014598540145985384
2025-11-05,PFE,24.61,0.0127572016460904
2025-11-06,PFE,24.85,0.009752133279154807
2025-11-07,PFE,24.43,-0.016901408450704314
2025-11-10,PFE,24.39,-0.0016373311502251298
2025-11-11,PFE,25.51,0.04592045920459209
2025-11-12,PFE,25.87,0.014112112896903062
2025-11-13,PFE,25.79,-0.0030923850019327626
2025-11-14,PFE,25.06,-0.028305544784800296
2025-11-17,PFE,25.08,0.0007980845969672856
2025-11-18,PFE,25.45,0.014752791068580517
2025-11-19,PFE,24.88,-0.022396856581532454
2025-11-20,PFE,24.4,-0.019292604501607746
2025-11-21,PFE,25.04,0.02622950819672143
2025-11-24,PFE,25.22,0.007188498402555865
2025-11-25,PFE,25.72,0.019825535289452745
2025-11-26,PFE,25.71,-0.00038880248833583764
2025-11-28,PFE,25.74,0.001166861143523823
2025-12-01,PFE,25.27,-0.018259518259518215
2025-12-02,PFE,25.15,-0.00474871388998821
2025-12-03,PFE,25.57,0.016699801192842978
2025-12-04,PFE,25.7,0.005084082909659671
2025-12-05,PFE,26.03,0.012840466926070215
2025-12-08,PFE,25.77,-0.009988474836726935
2025-12-09,PFE,25.33,-0.017074117190531646
2025-12-10,PFE,25.78,0.017765495459929115
2025-12-11,PFE,25.8,0.0007757951900697613
2025-12-12,PFE,25.85,0.0019379844961240345
2025-12-15,PFE,26.43,0.022437137330754364
2025-12-16,PFE,25.53,-0.034052213393870545
2025-12-17,PFE,25.04,-0.019193106149627992
2025-12-18,PFE,25.04,0.0
2025-12-19,PFE,25.19,0.005990415335463295
2025-12-22,PFE,25.21,0.0007939658594680044
2025-12-23,PFE,24.88,-0.013090043633478876
2025-12-24,PFE,25.03,0.00602893890675249
2025-12-26,PFE,25.09,0.00239712345185783
2025-12-29,PFE,25.0,-0.0035870864886409226
2025-12-30,PFE,24.99,-0.00040000000000006697
2025-12-31,PFE,24.9,-0.0036014405762304635
2026-01-02,PFE,25.18,0.011244979919678766
2026-01-05,PFE,25.17,-0.00039714058776796346
2026-01-06,PFE,25.43,0.010329757647993487
2026-01-07,PFE,25.28,-0.005898545025560309
2026-01-08,PFE,25.29,0.00039556962025311115
2026-01-09,PFE,25.48,0.007512850929221049
2026-01-12,PFE,25.27,-0.008241758241758323
2026-01-13,PFE,25.15,-0.00474871388998821
2026-01-14,PFE,25.58,0.017097415506958313
2026-01-15,PFE,25.89,0.012118842845973532
2026-01-16,PFE,25.65,-0.009269988412514585
2026-01-20,PFE,25.52,-0.005068226120857666
2026-01-21,PFE,25.89,0.014498432601880884
2026-01-22,PFE,26.1,0.008111239860950192
2026-01-23,PFE,25.65,-0.017241379310344973
2026-01-26,PFE,25.88,0.008966861598440623
2026-01-27,PFE,26.5,0.02395672333848542
2026-01-28,PFE,25.86,-0.024150943396226476
2026-01-29,PFE,26.1,0.009280742459396807
2026-01-30,PFE,26.44,0.013026819923371624
2026-02-02,PFE,26.66,0.00832072617246582
2026-02-03,PFE,25.77,-0.03338334583645919
2026-02-04,PFE,26.78,0.0391928599146294
2026-02-05,PFE,26.49,-0.010828976848394456
2026-02-06,PFE,27.22,0.027557568893922246
2026-02-09,PFE,27.05,-0.006245407788390778
2026-02-10,PFE,27.61,0.020702402957486044
2026-02-11,PFE,27.73,0.004346251358203546
2026-02-12,PFE,27.47,-0.009376126938334006
2026-02-13,PFE,27.58,0.004004368401892888
2026-02-17,PFE,27.37,-0.0076142131979693994
2026-02-18,PFE,27.37,0.0
2026-02-19,PFE,26.86,-0.018633540372670843
2026-02-20,PFE,26.65,-0.007818317200297908
2026-02-23,PFE,27.06,0.01538461538461533
2026-02-24,PFE,27.14,0.002956393200295615
2026-02-25,PFE,27.09,-0.0018422991893883855
2026-02-26,PFE,27.1,0.00036913990402376307
2026-02-27,PFE,27.65,0.020295202952029356
2026-03-02,PFE,27.26,-0.01410488245931274
2026-03-03,PFE,26.58,-0.024944974321350122
2026-03-04,PFE,26.62,0.0015048908954102824
2026-03-05,PFE,26.61,-0.00037565740045086837
2026-03-06,PFE,27.05,0.01653513716647881
2026-03-09,PFE,26.81,-0.008872458410351225
2026-03-10,PFE,27.16,0.01305483028720622
2026-03-11,PFE,27.3,0.005154639175257714
2026-03-12,PFE,26.86,-0.01611721611721617
2026-03-13,PFE,26.58,-0.01042442293373047
2026-03-16,PFE,26.61,0.0011286681715576563
2026-03-17,PFE,27.45,0.031567080045095786
2026-03-18,PFE,27.32,-0.004735883424408005
2026-03-19,PFE,27.41,0.0032942898975110158
2026-03-20,PFE,26.97,-0.016052535570959536
2026-03-23,PFE,26.77,-0.0074156470152020315
2026-03-24,PFE,26.96,0.007097497198356395
2026-03-25,PFE,27.28,0.011869436201780381
2026-03-26,PFE,27.57,0.01063049853372422
2026-03-27,PFE,27.04,-0.019223793978962678
2026-03-30,PFE,27.77,0.026997041420118384
2026-03-31,PFE,28.08,0.011163125675188956
2026-04-01,PFE,28.55,0.016737891737891752
2026-04-02,PFE,28.32,-0.008056042031523658
2026-04-06,PFE,27.83,-0.017302259887005733
2026-04-07,PFE,27.1,-0.026230686309737572
2026-04-08,PFE,27.47,0.01365313653136524
2026-04-09,PFE,27.22,-0.009100837277029483
2026-04-10,PFE,26.92,-0.01102130786186617
2026-04-13,PFE,27.34,0.015601783060921193
2026-04-14,PFE,27.11,-0.008412582297000704
2026-04-15,PFE,27.19,0.002950940612320263
2026-04-16,PFE,27.22,0.0011033468186831819
2026-04-17,PFE,27.56,0.012490815576781777
2026-04-20,PFE,27.52,-0.0014513788098693414
2026-04-21,PFE,27.31,-0.007630813953488413
2026-04-22,PFE,26.8,-0.018674478213108636
2026-04-23,PFE,26.67,-0.004850746268656669
2026-04-24,PFE,27.0,0.01237345331833506
2026-04-27,PFE,26.79,-0.007777777777777772
2026-04-28,PFE,26.48,-0.011571481896229918
2026-04-29,PFE,26.26,-0.008308157099697788
2026-04-30,PFE,26.7,0.016755521706016685
2026-05-01,PFE,26.33,-0.013857677902621712
2026-05-04,PFE,26.3,-0.0011393847322445083
2026-05-05,PFE,26.45,0.005703422053231932
2026-05-06,PFE,26.53,0.0030245746691872633
2026-05-07,PFE,26.48,-0.0018846588767433836
2026-05-08,PFE,25.68,-0.030211480362537846
2026-05-11,PFE,25.81,0.005062305295950198
2026-05-12,PFE,25.87,0.0023246803564511698
2026-05-13,PFE,25.96,0.0034789331271742885
2026-05-14,PFE,25.75,-0.008089368258859864
2026-05-15,PFE,25.33,-0.016310679611650558
2026-05-18,PFE,25.33,0.0
2026-05-19,PFE,25.66,0.013028030003948032
2026-05-20,PFE,25.79,0.00506625097427893
2026-05-21,PFE,25.95,0.006203955021326202
2026-05-22,PFE,25.9,-0.0019267822736031004
2025-01-10,QQQ,507.19,
2025-01-13,QQQ,505.56,-0.003213785760760257
2025-01-14,QQQ,505.08,-0.0009494422027059857
2025-01-15,QQQ,516.7,0.023006256434624284
2025-01-16,QQQ,513.08,-0.007005999612928249
2025-01-17,QQQ,521.74,0.016878459499493292
2025-01-21,QQQ,524.8,0.005864990225016298
2025-01-22,QQQ,531.51,0.012785823170731847
2025-01-23,QQQ,532.64,0.002126018325149026
2025-01-24,QQQ,529.63,-0.005651096425352997
2025-01-27,QQQ,514.21,-0.029114664954779657
2025-01-28,QQQ,521.81,0.014779953715407856
2025-01-29,QQQ,520.83,-0.0018780782277072472
2025-01-30,QQQ,523.05,0.004262427279534409
2025-01-31,QQQ,522.29,-0.0014530159640570028
2025-02-03,QQQ,518.11,-0.008003216603802432
2025-02-04,QQQ,524.47,0.012275385535890138
2025-02-05,QQQ,526.85,0.004537914466032467
2025-02-06,QQQ,529.6,0.005219702002467574
2025-02-07,QQQ,522.92,-0.012613293051359609
2025-02-10,QQQ,529.25,0.012105102118870947
2025-02-11,QQQ,527.99,-0.0023807274444969106
2025-02-12,QQQ,528.3,0.0005871323320516542
2025-02-13,QQQ,535.9,0.014385765663448735
2025-02-14,QQQ,538.15,0.0041985445045717995
2025-02-18,QQQ,539.37,0.0022670259221406752
2025-02-19,QQQ,539.52,0.00027810223037993964
2025-02-20,QQQ,537.23,-0.004244513641755598
2025-02-21,QQQ,526.08,-0.02075461161885961
2025-02-24,QQQ,519.87,-0.011804288321167977
2025-02-25,QQQ,513.32,-0.012599303672071738
2025-02-26,QQQ,514.56,0.0024156471596663565
2025-02-27,QQQ,500.27,-0.027771299751243705
2025-02-28,QQQ,508.17,0.01579147260479341
2025-03-03,QQQ,497.05,-0.02188244091544167
2025-03-04,QQQ,495.55,-0.0030178050497937647
2025-03-05,QQQ,502.01,0.013036020583190311
2025-03-06,QQQ,488.2,-0.02750941216310432
2025-03-07,QQQ,491.79,0.00735354362966012
2025-03-10,QQQ,472.73,-0.03875637975558677
2025-03-11,QQQ,471.6,-0.002390370824783661
2025-03-12,QQQ,476.92,0.01128074639525023
2025-03-13,QQQ,468.34,-0.017990438647991325
2025-03-14,QQQ,479.66,0.024170474441645107
2025-03-17,QQQ,482.77,0.006483759329525052
2025-03-18,QQQ,474.54,-0.017047455309981863
2025-03-19,QQQ,480.89,0.013381379862603682
2025-03-20,QQQ,479.26,-0.0033895485454054075
2025-03-21,QQQ,480.84,0.003296749154947154
2025-03-24,QQQ,490.66,0.020422593794193533
2025-03-25,QQQ,493.46,0.0057065992744465
2025-03-26,QQQ,484.38,-0.018400680906253797
2025-03-27,QQQ,481.62,-0.005698005698005715
2025-03-28,QQQ,468.94,-0.026327810306880917
2025-03-31,QQQ,468.92,-4.2649379451531466e-05
2025-04-01,QQQ,472.7,0.008061076516250099
2025-04-02,QQQ,476.15,0.007298497990268604
2025-04-03,QQQ,450.66,-0.05353355035177976
2025-04-04,QQQ,422.67,-0.06210890693649318
2025-04-07,QQQ,423.69,0.002413230179572734
2025-04-08,QQQ,416.06,-0.018008449573980956
2025-04-09,QQQ,466.0,0.12003076479353947
2025-04-10,QQQ,446.18,-0.04253218884120169
2025-04-11,QQQ,454.4,0.018423057958671274
2025-04-14,QQQ,457.48,0.006778169014084678
2025-04-15,QQQ,457.99,0.0011148028329106552
2025-04-16,QQQ,444.18,-0.030153496801240243
2025-04-17,QQQ,444.1,-0.00018010716376237745
2025-04-21,QQQ,433.11,-0.02474667867597391
2025-04-22,QQQ,444.48,0.02625199141095802
2025-04-23,QQQ,454.56,0.022678185745140356
2025-04-24,QQQ,467.35,0.02813709961281252
2025-04-25,QQQ,472.56,0.011147961912913118
2025-04-28,QQQ,472.41,-0.00031742001015744314
2025-04-29,QQQ,475.53,0.006604432590334497
2025-04-30,QQQ,475.47,-0.0001261750047314436
2025-05-01,QQQ,481.68,0.01306076093128894
2025-05-02,QQQ,488.83,0.014843879754193656
2025-05-05,QQQ,485.93,-0.0059325327823578355
2025-05-06,QQQ,481.41,-0.009301751281048709
2025-05-07,QQQ,483.3,0.003925967470555181
2025-05-08,QQQ,488.29,0.010324849989654439
2025-05-09,QQQ,487.97,-0.000655348256159205
2025-05-12,QQQ,507.85,0.040740209439104946
2025-05-13,QQQ,515.59,0.015240720685241627
2025-05-14,QQQ,518.68,0.005993134079403939
2025-05-15,QQQ,519.25,0.0010989434718902125
2025-05-16,QQQ,521.51,0.004352431391429823
2025-05-19,QQQ,522.01,0.0009587543863012193
2025-05-20,QQQ,520.27,-0.003333269477596268
2025-05-21,QQQ,513.04,-0.01389663059565227
2025-05-22,QQQ,514.0,0.0018711991267739148
2025-05-23,QQQ,509.24,-0.009260700389105092
2025-05-27,QQQ,521.22,0.023525253318670947
2025-05-28,QQQ,518.91,-0.004431909750201579
2025-05-29,QQQ,519.93,0.0019656587847602935
2025-05-30,QQQ,519.11,-0.0015771353836092628
2025-06-02,QQQ,523.21,0.00789813334360745
2025-06-03,QQQ,527.3,0.007817128877505963
2025-06-04,QQQ,528.77,0.0027877868386119165
2025-06-05,QQQ,524.79,-0.0075269020557142685
2025-06-06,QQQ,529.92,0.009775338706911274
2025-06-09,QQQ,530.7,0.0014719202898552108
2025-06-10,QQQ,534.21,0.006613906161673233
2025-06-11,QQQ,532.41,-0.0033694614477454143
2025-06-12,QQQ,533.66,0.0023478146541200395
2025-06-13,QQQ,526.96,-0.012554810178765363
2025-06-16,QQQ,534.29,0.013909974191589347
2025-06-17,QQQ,529.08,-0.009751258679743025
2025-06-18,QQQ,528.99,-0.00017010660013616619
2025-06-20,QQQ,526.83,-0.004083252991549879
2025-06-23,QQQ,531.65,0.009149061367044187
2025-06-24,QQQ,539.78,0.015292015423681082
2025-06-25,QQQ,541.16,0.0025565971321650505
2025-06-26,QQQ,546.22,0.009350284573878431
2025-06-27,QQQ,548.09,0.0034235289809967373
2025-06-30,QQQ,551.64,0.0064770384425913985
2025-07-01,QQQ,546.99,-0.008429410485098932
2025-07-02,QQQ,550.8,0.006965392420336558
2025-07-03,QQQ,556.22,0.009840232389252135
2025-07-07,QQQ,552.03,-0.007532990543310247
2025-07-08,QQQ,552.34,0.0005615636831333148
2025-07-09,QQQ,556.25,0.007078973096281249
2025-07-10,QQQ,555.45,-0.001438202247190934
2025-07-11,QQQ,554.2,-0.0022504275812403884
2025-07-14,QQQ,556.21,0.0036268495128113365
2025-07-15,QQQ,556.72,0.0009169198683949276
2025-07-16,QQQ,557.29,0.0010238540020117703
2025-07-17,QQQ,561.8,0.00809273448294423
2025-07-18,QQQ,561.26,-0.0009611961552152826
2025-07-21,QQQ,564.17,0.005184762855004799
2025-07-22,QQQ,561.25,-0.005175744899586943
2025-07-23,QQQ,563.81,0.004561247216035458
2025-07-24,QQQ,565.01,0.002128376580763147
2025-07-25,QQQ,566.37,0.0024070370435922417
2025-07-28,QQQ,568.14,0.0031251655278350388
2025-07-29,QQQ,567.26,-0.0015489140000704005
2025-07-30,QQQ,568.02,0.0013397736487676948
2025-07-31,QQQ,565.01,-0.00529910918629628
2025-08-01,QQQ,553.88,-0.0196987663935152
2025-08-04,QQQ,564.1,0.01845165017693362
2025-08-05,QQQ,560.27,-0.006789576316256096
2025-08-06,QQQ,567.32,0.012583218805219065
2025-08-07,QQQ,569.24,0.0033843333568355227
2025-08-08,QQQ,574.55,0.0093282271098305
2025-08-11,QQQ,572.85,-0.002958837350970245
2025-08-12,QQQ,580.05,0.01256873527101332
2025-08-13,QQQ,580.34,0.0004999569002672732
2025-08-14,QQQ,579.89,-0.0007754075197299315
2025-08-15,QQQ,577.34,-0.004397385711083057
2025-08-18,QQQ,577.11,-0.0003983787716077547
2025-08-19,QQQ,569.28,-0.01356760409627289
2025-08-20,QQQ,565.9,-0.005937324339516548
2025-08-21,QQQ,563.28,-0.004629793249690817
2025-08-22,QQQ,571.97,0.015427496094304827
2025-08-25,QQQ,570.32,-0.002884766683567297
2025-08-26,QQQ,572.61,0.004015289661944088
2025-08-27,QQQ,573.49,0.0015368226192347123
2025-08-28,QQQ,577.08,0.006259917348166555
2025-08-29,QQQ,570.4,-0.01157551812573654
2025-09-02,QQQ,565.62,-0.008380084151472622
2025-09-03,QQQ,570.07,0.00786747286163858
2025-09-04,QQQ,575.23,0.009051519988773293
2025-09-05,QQQ,576.06,0.001442901100429328
2025-09-08,QQQ,578.87,0.004877964100961751
2025-09-09,QQQ,580.51,0.002833105878694564
2025-09-10,QQQ,580.7,0.0003272984100188836
2025-09-11,QQQ,584.08,0.005820561391424173
2025-09-12,QQQ,586.66,0.004417203122859759
2025-09-15,QQQ,591.68,0.008556915419493327
2025-09-16,QQQ,591.18,-0.000845051379123829
2025-09-17,QQQ,590.0,-0.001996007984031878
2025-09-18,QQQ,595.32,0.009016949152542475
2025-09-19,QQQ,599.35,0.006769468521131472
2025-09-22,QQQ,602.2,0.004755151414031822
2025-09-23,QQQ,598.2,-0.006642311524410527
2025-09-24,QQQ,596.1,-0.0035105315947844273
2025-09-25,QQQ,593.53,-0.004311357154839879
2025-09-26,QQQ,595.97,0.004110996916752319
2025-09-29,QQQ,598.73,0.0046311055925634115
2025-09-30,QQQ,600.37,0.0027391311609572533
2025-10-01,QQQ,603.25,0.004797041824208481
2025-10-02,QQQ,605.73,0.004111065064235531
2025-10-03,QQQ,603.18,-0.004209796443960245
2025-10-06,QQQ,607.71,0.007510195961404786
2025-10-07,QQQ,604.51,-0.005265669480508883
2025-10-08,QQQ,611.44,0.011463830209591297
2025-10-09,QQQ,610.7,-0.0012102577521915237
2025-10-10,QQQ,589.5,-0.03471426232192576
2025-10-13,QQQ,602.01,0.0212213740458016
2025-10-14,QQQ,598.0,-0.006661018919951522
2025-10-15,QQQ,602.22,0.007056856187291016
2025-10-16,QQQ,599.99,-0.003702965693600402
2025-10-17,QQQ,603.93,0.006566776112935102
2025-10-20,QQQ,611.54,0.012600798105740774
2025-10-21,QQQ,611.38,-0.00026163456192562773
2025-10-22,QQQ,605.49,-0.009633942883313096
2025-10-23,QQQ,610.58,0.008406414639382964
2025-10-24,QQQ,617.1,0.01067837138458505
2025-10-27,QQQ,628.09,0.01780910711391992
2025-10-28,QQQ,632.92,0.00768998073524485
2025-10-29,QQQ,635.77,0.004502938760032826
2025-10-30,QQQ,626.05,-0.015288547745253789
2025-10-31,QQQ,629.07,0.004823895854963789
2025-11-03,QQQ,632.08,0.004784841114661376
2025-11-04,QQQ,619.25,-0.02029806353626129
2025-11-05,QQQ,623.28,0.006507872426322114
2025-11-06,QQQ,611.67,-0.018627262225645036
2025-11-07,QQQ,609.74,-0.003155296156424181
2025-11-10,QQQ,623.23,0.02212418407845962
2025-11-11,QQQ,621.57,-0.0026635431542126886
2025-11-12,QQQ,621.08,-0.0007883263349260927
2025-11-13,QQQ,608.4,-0.020416049462227193
2025-11-14,QQQ,608.86,0.0007560815253122577
2025-11-17,QQQ,603.66,-0.008540551194034851
2025-11-18,QQQ,596.31,-0.012175728058841151
2025-11-19,QQQ,599.87,0.005970049135516797
2025-11-20,QQQ,585.67,-0.023671795555703756
2025-11-21,QQQ,590.07,0.007512763160141489
2025-11-24,QQQ,605.16,0.025573237073567512
2025-11-25,QQQ,608.89,0.006163659197567561
2025-11-26,QQQ,614.27,0.00883575029972583
2025-11-28,QQQ,619.25,0.00810718413726863
2025-12-01,QQQ,617.17,-0.0033589018974566898
2025-12-02,QQQ,622.0,0.007826044687849532
2025-12-03,QQQ,623.52,0.0024437299035369175
2025-12-04,QQQ,622.94,-0.0009302027200409624
2025-12-05,QQQ,625.48,0.0040774392397340264
2025-12-08,QQQ,624.28,-0.0019185265715930822
2025-12-09,QQQ,625.05,0.0012334209008777464
2025-12-10,QQQ,627.61,0.004095672346212442
2025-12-11,QQQ,625.58,-0.003234492758241503
2025-12-12,QQQ,613.62,-0.019118258256338172
2025-12-15,QQQ,610.54,-0.005019393109742198
2025-12-16,QQQ,611.75,0.001981852130900519
2025-12-17,QQQ,600.41,-0.0185369840621169
2025-12-18,QQQ,609.11,0.01449009843273763
2025-12-19,QQQ,617.05,0.013035412322897288
2025-12-22,QQQ,619.21,0.0035005266996193107
2025-12-23,QQQ,622.11,0.0046833868962063985
2025-12-24,QQQ,623.93,0.002925527639806358
2025-12-26,QQQ,623.89,-6.410975590209755e-05
2025-12-29,QQQ,620.87,-0.004840596900094529
2025-12-30,QQQ,619.43,-0.0023193261069145432
2025-12-31,QQQ,614.31,-0.008265663593949313
2026-01-02,QQQ,613.12,-0.0019371327180087716
2026-01-05,QQQ,617.99,0.007942980167014557
2026-01-06,QQQ,623.42,0.008786549944173716
2026-01-07,QQQ,624.02,0.0009624330307016482
2026-01-08,QQQ,620.47,-0.005688920226915695
2026-01-09,QQQ,626.65,0.009960191467758284
2026-01-12,QQQ,627.17,0.0008298093034388998
2026-01-13,QQQ,626.24,-0.0014828515394549324
2026-01-14,QQQ,619.55,-0.010682805314256583
2026-01-15,QQQ,621.78,0.003599386651601977
2026-01-16,QQQ,621.26,-0.0008363086622277249
2026-01-20,QQQ,608.06,-0.021247142903132454
2026-01-21,QQQ,616.28,0.01351840278919858
2026-01-22,QQQ,620.76,0.007269422989550245
2026-01-23,QQQ,622.72,0.003157419936851591
2026-01-26,QQQ,625.46,0.004400051387461579
2026-01-27,QQQ,631.13,0.009065327918651889
2026-01-28,QQQ,633.22,0.0033115206058973445
2026-01-29,QQQ,629.43,-0.005985281576703305
2026-01-30,QQQ,621.87,-0.012010866974881962
2026-02-02,QQQ,626.14,0.006866386865421958
2026-02-03,QQQ,616.52,-0.01536397610757978
2026-02-04,QQQ,605.75,-0.0174690196587296
2026-02-05,QQQ,597.03,-0.014395377631035933
2026-02-06,QQQ,609.65,0.021137966266351782
2026-02-09,QQQ,614.32,0.007660132863118285
2026-02-10,QQQ,611.47,-0.004639275947388999
2026-02-11,QQQ,613.11,0.0026820612622042717
2026-02-12,QQQ,600.64,-0.0203389277617394
2026-02-13,QQQ,601.92,0.0021310602024506853
2026-02-17,QQQ,601.3,-0.0010300372142477698
2026-02-18,QQQ,605.79,0.007467154498586481
2026-02-19,QQQ,603.47,-0.0038297099654994726
2026-02-20,QQQ,608.81,0.008848824299467983
2026-02-23,QQQ,601.41,-0.012154859479969082
2026-02-24,QQQ,607.87,0.010741424319515858
2026-02-25,QQQ,616.68,0.014493230460460138
2026-02-26,QQQ,609.24,-0.012064604008561908
2026-02-27,QQQ,607.29,-0.0032007090801655647
2026-03-02,QQQ,608.09,0.0013173278005567113
2026-03-03,QQQ,601.58,-0.010705652123863207
2026-03-04,QQQ,610.75,0.015243192925296745
2026-03-05,QQQ,608.91,-0.0030126893164142965
2026-03-06,QQQ,599.75,-0.015043274047067623
2026-03-09,QQQ,607.76,0.013355564818674504
2026-03-10,QQQ,607.77,1.6453863367127397e-05
2026-03-11,QQQ,607.69,-0.00013162874113548106
2026-03-12,QQQ,597.26,-0.017163356316543088
2026-03-13,QQQ,593.72,-0.0059270669390214525
2026-03-16,QQQ,600.38,0.011217408879606428
2026-03-17,QQQ,603.31,0.0048802425130749505
2026-03-18,QQQ,594.9,-0.013939765626294842
2026-03-19,QQQ,593.02,-0.0031601949907547056
2026-03-20,QQQ,582.06,-0.01848167009544377
2026-03-23,QQQ,588.0,0.010205133491392626
2026-03-24,QQQ,583.98,-0.0068367346938774665
2026-03-25,QQQ,587.82,0.006575567656426751
2026-03-26,QQQ,573.79,-0.023867850702596227
2026-03-27,QQQ,562.58,-0.01953676432144147
2026-03-30,QQQ,558.28,-0.007643357389171435
2026-03-31,QQQ,577.18,0.0338539800816795
2026-04-01,QQQ,584.31,0.012353165390346144
2026-04-02,QQQ,584.98,0.0011466516061680032
2026-04-06,QQQ,588.5,0.0060172997367431424
2026-04-07,QQQ,588.59,0.00015293118096870728
2026-04-08,QQQ,606.09,0.029732071560848894
2026-04-09,QQQ,610.19,0.006764671913412235
2026-04-10,QQQ,611.07,0.0014421737491601139
2026-04-13,QQQ,617.39,0.010342513950938326
2026-04-14,QQQ,628.6,0.018157080613550702
2026-04-15,QQQ,637.4,0.013999363665287978
2026-04-16,QQQ,640.47,0.0048164417947913485
2026-04-17,QQQ,648.85,0.013084141333707944
2026-04-20,QQQ,646.79,-0.003174847807659753
2026-04-21,QQQ,644.33,-0.003803398320938678
2026-04-22,QQQ,655.11,0.016730557323110684
2026-04-23,QQQ,651.42,-0.005632641846407549
2026-04-24,QQQ,663.88,0.01912744465935967
2026-04-27,QQQ,664.23,0.000527203711514268
2026-04-28,QQQ,657.55,-0.01005675744847423
2026-04-29,QQQ,661.57,0.006113603528248968
2026-04-30,QQQ,667.74,0.009326299560137086
2026-05-01,QQQ,674.15,0.009599544732979748
2026-05-04,QQQ,672.88,-0.00188385374174882
2026-05-05,QQQ,681.61,0.012974081559862016
2026-05-06,QQQ,695.77,0.020774343099426273
2026-05-07,QQQ,694.94,-0.0011929229486754567
2026-05-08,QQQ,711.23,0.023440872593317286
2026-05-11,QQQ,713.29,0.0028963907596697425
2026-05-12,QQQ,707.24,-0.008481823662184973
2026-05-13,QQQ,714.71,0.010562185396753687
2026-05-14,QQQ,719.79,0.007107777979879826
2026-05-15,QQQ,708.93,-0.015087733922394042
2026-05-18,QQQ,705.88,-0.004302258332980591
2026-05-19,QQQ,701.53,-0.006162520541735161
2026-05-20,QQQ,713.15,0.01656379627385851
2026-05-21,QQQ,714.51,0.0019070321811680557
2026-05-22,QQQ,717.54,0.004240668430112837
2025-01-10,RTX,115.11,
2025-01-13,RTX,117.74,0.02284771088524007
2025-01-14,RTX,119.47,0.014693392220146206
2025-01-15,RTX,119.09,-0.0031807148238051086
2025-01-16,RTX,120.46,0.01150390460995876
2025-01-17,RTX,121.11,0.005395982068736593
2025-01-21,RTX,125.75,0.03831227809429438
2025-01-22,RTX,124.38,-0.010894632206759458
2025-01-23,RTX,126.29,0.015356166586268039
2025-01-24,RTX,125.31,-0.007759917649853509
2025-01-27,RTX,125.05,-0.002074854361184264
2025-01-28,RTX,128.35,0.026389444222311154
2025-01-29,RTX,125.13,-0.025087650954421448
2025-01-30,RTX,128.98,0.030768001278670187
2025-01-31,RTX,128.95,-0.00023259420065124825
2025-02-03,RTX,129.92,0.007522295463357809
2025-02-04,RTX,128.37,-0.011930418719211744
2025-02-05,RTX,129.16,0.006154085845602397
2025-02-06,RTX,128.78,-0.0029420873335397335
2025-02-07,RTX,127.95,-0.006445100170833995
2025-02-10,RTX,128.25,0.0023446658851113966
2025-02-11,RTX,129.11,0.006705653021442659
2025-02-12,RTX,126.78,-0.01804662690728842
2025-02-13,RTX,125.84,-0.007414418678024948
2025-02-14,RTX,122.41,-0.027256834075016
2025-02-18,RTX,123.76,0.011028510742586484
2025-02-19,RTX,125.41,0.013332255979314755
2025-02-20,RTX,125.11,-0.0023921537357467493
2025-02-21,RTX,123.29,-0.014547198465350464
2025-02-24,RTX,125.43,0.01735744991483501
2025-02-25,RTX,127.34,0.015227616997528504
2025-02-26,RTX,127.31,-0.00023558975969850682
2025-02-27,RTX,130.52,0.02521404445840858
2025-02-28,RTX,132.99,0.018924302788844605
2025-03-03,RTX,133.83,0.00631626438078059
2025-03-04,RTX,128.7,-0.03833221250840635
2025-03-05,RTX,129.64,0.007303807303807197
2025-03-06,RTX,128.28,-0.010490589324282484
2025-03-07,RTX,128.4,0.00093545369504211
2025-03-10,RTX,128.52,0.0009345794392523477
2025-03-11,RTX,128.11,-0.003190164954870789
2025-03-12,RTX,127.96,-0.0011708687846383459
2025-03-13,RTX,129.2,0.009690528290090539
2025-03-14,RTX,129.99,0.00611455108359138
2025-03-17,RTX,132.05,0.015847372874836507
2025-03-18,RTX,132.69,0.004846648996592151
2025-03-19,RTX,135.32,0.01982063456176042
2025-03-20,RTX,134.47,-0.006281407035175879
2025-03-21,RTX,132.37,-0.015616866215512726
2025-03-24,RTX,134.69,0.017526629901034818
2025-03-25,RTX,135.66,0.0072017224738287755
2025-03-26,RTX,134.33,-0.009803921568627305
2025-03-27,RTX,133.43,-0.006699918112112013
2025-03-28,RTX,131.72,-0.012815708611256915
2025-03-31,RTX,132.46,0.005617977528090012
2025-04-01,RTX,132.85,0.0029442850671899112
2025-04-02,RTX,133.15,0.0022581859239745317
2025-04-03,RTX,130.23,-0.021930153961697507
2025-04-04,RTX,117.45,-0.09813407049067024
2025-04-07,RTX,117.32,-0.0011068539804173216
2025-04-08,RTX,120.46,0.02676440504602806
2025-04-09,RTX,128.43,0.06616304167358478
2025-04-10,RTX,127.07,-0.010589426146539127
2025-04-11,RTX,128.26,0.00936491697489572
2025-04-14,RTX,129.14,0.006861063464836947
2025-04-15,RTX,128.64,-0.0038717670744927712
2025-04-16,RTX,129.25,0.004741915422885601
2025-04-17,RTX,128.89,-0.002785299806576491
2025-04-21,RTX,126.12,-0.021491194041430517
2025-04-22,RTX,113.75,-0.09808119251506509
2025-04-23,RTX,120.28,0.05740659340659349
2025-04-24,RTX,121.97,0.014050548719654055
2025-04-25,RTX,125.22,0.026645896531934055
2025-04-28,RTX,124.8,-0.0033540967896502627
2025-04-29,RTX,125.73,0.007451923076923217
2025-04-30,RTX,126.13,0.0031814205042550725
2025-05-01,RTX,127.41,0.010148259732022602
2025-05-02,RTX,130.21,0.021976296993956534
2025-05-05,RTX,128.59,-0.012441440749558441
2025-05-06,RTX,128.16,-0.003343961427793807
2025-05-07,RTX,127.5,-0.005149812734082326
2025-05-08,RTX,128.67,0.00917647058823512
2025-05-09,RTX,128.67,0.0
2025-05-12,RTX,130.56,0.014688738633714227
2025-05-13,RTX,130.72,0.001225490196078427
2025-05-14,RTX,130.79,0.0005354957160341733
2025-05-15,RTX,135.52,0.0361648444070648
2025-05-16,RTX,135.48,-0.0002951593860686108
2025-05-19,RTX,137.2,0.012695600826690301
2025-05-20,RTX,137.18,-0.00014577259475201387
2025-05-21,RTX,134.95,-0.016256013996209462
2025-05-22,RTX,134.07,-0.006520933679140417
2025-05-23,RTX,132.35,-0.012829119116879228
2025-05-27,RTX,134.19,0.013902531167359289
2025-05-28,RTX,132.85,-0.009985840971756477
2025-05-29,RTX,134.8,0.014678208505833679
2025-05-30,RTX,136.48,0.012462908011869223
2025-06-02,RTX,137.46,0.007180539273153652
2025-06-03,RTX,137.5,0.00029099374363439345
2025-06-04,RTX,138.55,0.007636363636363663
2025-06-05,RTX,139.07,0.003753157704799559
2025-06-06,RTX,139.1,0.00021571870281156258
2025-06-09,RTX,140.98,0.013515456506110635
2025-06-10,RTX,138.52,-0.017449283586324138
2025-06-11,RTX,141.81,0.023751082876118934
2025-06-12,RTX,140.98,-0.005852901769973995
2025-06-13,RTX,145.69,0.03340899418357224
2025-06-16,RTX,146.46,0.005285194591255538
2025-06-17,RTX,148.48,0.013792161682370407
2025-06-18,RTX,145.87,-0.01757812499999989
2025-06-20,RTX,146.64,0.0052786727908409325
2025-06-23,RTX,145.81,-0.005660120021822035
2025-06-24,RTX,141.85,-0.027158631095261065
2025-06-25,RTX,141.38,-0.003313359182234743
2025-06-26,RTX,142.67,0.009124345734898842
2025-06-27,RTX,144.66,0.013948272236629977
2025-06-30,RTX,146.02,0.009401354901147574
2025-07-01,RTX,144.19,-0.012532529790439728
2025-07-02,RTX,144.52,0.0022886469241973906
2025-07-03,RTX,145.75,0.008510932742872956
2025-07-07,RTX,145.92,0.0011663807890223143
2025-07-08,RTX,144.91,-0.006921600877192957
2025-07-09,RTX,146.18,0.008764060451314615
2025-07-10,RTX,146.4,0.0015049938432070142
2025-07-11,RTX,146.87,0.0032103825136611253
2025-07-14,RTX,149.28,0.016409069244910368
2025-07-15,RTX,148.68,-0.004019292604501623
2025-07-16,RTX,150.17,0.010021522733387078
2025-07-17,RTX,151.5,0.008856629153626061
2025-07-18,RTX,151.5,0.0
2025-07-21,RTX,151.56,0.0003960396039603964
2025-07-22,RTX,149.17,-0.015769332277645876
2025-07-23,RTX,156.49,0.04907152912784096
2025-07-24,RTX,155.22,-0.0081155345389482
2025-07-25,RTX,156.88,0.010694498131684105
2025-07-28,RTX,156.07,-0.005163182049974568
2025-07-29,RTX,157.12,0.006727750368424434
2025-07-30,RTX,158.4,0.008146639511201537
2025-07-31,RTX,157.57,-0.005239898989899072
2025-08-01,RTX,156.81,-0.00482325315732679
2025-08-04,RTX,157.38,0.00363497225942222
2025-08-05,RTX,156.33,-0.006671749904689217
2025-08-06,RTX,155.75,-0.003710100428580665
2025-08-07,RTX,155.76,6.420545746377293e-05
2025-08-08,RTX,154.86,-0.005778120184899649
2025-08-11,RTX,154.8,-0.00038744672607515795
2025-08-12,RTX,155.49,0.004457364341085235
2025-08-13,RTX,155.71,0.0014148819859798323
2025-08-14,RTX,155.08,-0.004045982916961011
2025-08-15,RTX,154.09,-0.006383801908692366
2025-08-18,RTX,155.5,0.00915049646310595
2025-08-19,RTX,153.66,-0.011832797427652753
2025-08-20,RTX,156.59,0.019068072367564692
2025-08-21,RTX,156.32,-0.001724248036273135
2025-08-22,RTX,156.24,-0.0005117707267143778
2025-08-25,RTX,156.27,0.00019201228878640286
2025-08-26,RTX,159.57,0.021117296985985634
2025-08-27,RTX,159.84,0.0016920473773265332
2025-08-28,RTX,160.66,0.005130130130130084
2025-08-29,RTX,158.6,-0.012822108801195053
2025-09-02,RTX,158.01,-0.0037200504413619218
2025-09-03,RTX,158.11,0.0006328713372572015
2025-09-04,RTX,158.68,0.003605085067358127
2025-09-05,RTX,157.52,-0.007310310057978331
2025-09-08,RTX,154.22,-0.020949720670391137
2025-09-09,RTX,151.75,-0.01601608092335627
2025-09-10,RTX,155.0,0.021416803953871577
2025-09-11,RTX,157.65,0.01709677419354838
2025-09-12,RTX,155.85,-0.01141769743101817
2025-09-15,RTX,158.37,0.016169393647738284
2025-09-16,RTX,158.58,0.0013260087137716425
2025-09-17,RTX,158.31,-0.0017026106696935717
2025-09-18,RTX,158.19,-0.0007580064430547928
2025-09-19,RTX,158.24,0.0003160756052849045
2025-09-22,RTX,159.43,0.0075202224469159695
2025-09-23,RTX,160.54,0.006962303205168219
2025-09-24,RTX,161.38,0.005232340849632422
2025-09-25,RTX,160.51,-0.005391002602552986
2025-09-26,RTX,163.35,0.017693601644757306
2025-09-29,RTX,163.63,0.0017141108050198195
2025-09-30,RTX,167.33,0.022611990466296028
2025-10-01,RTX,167.2,-0.000776907906532176
2025-10-02,RTX,166.63,-0.003409090909090917
2025-10-03,RTX,166.58,-0.0003000660145231482
2025-10-06,RTX,168.8,0.013326930003601856
2025-10-07,RTX,169.27,0.0027843601895733983
2025-10-08,RTX,168.57,-0.0041354049743015375
2025-10-09,RTX,162.18,-0.037907100907634717
2025-10-10,RTX,157.7,-0.027623628067579342
2025-10-13,RTX,158.85,0.007292327203550997
2025-10-14,RTX,159.4,0.0034623858986466693
2025-10-15,RTX,157.0,-0.01505646173149311
2025-10-16,RTX,157.05,0.0003184713375796733
2025-10-17,RTX,157.95,0.005730659025787732
2025-10-20,RTX,160.71,0.017473884140550844
2025-10-21,RTX,173.04,0.07672204592122456
2025-10-22,RTX,177.98,0.028548312528895003
2025-10-23,RTX,179.44,0.00820316889538164
2025-10-24,RTX,178.65,-0.004402585822559035
2025-10-27,RTX,179.24,0.003302546879373036
2025-10-28,RTX,178.67,-0.0031800937290784592
2025-10-29,RTX,176.36,-0.01292886326747622
2025-10-30,RTX,177.42,0.006010433204808097
2025-10-31,RTX,178.5,0.00608725059181614
2025-11-03,RTX,177.04,-0.008179271708683489
2025-11-04,RTX,175.61,-0.008077270673294001
2025-11-05,RTX,174.0,-0.00916804282216277
2025-11-06,RTX,175.1,0.006321839080459801
2025-11-07,RTX,176.97,0.010679611650485477
2025-11-10,RTX,179.03,0.011640391026727759
2025-11-11,RTX,179.22,0.0010612746467071332
2025-11-12,RTX,177.69,-0.008536993639102763
2025-11-13,RTX,173.96,-0.020991614609713438
2025-11-14,RTX,175.57,0.009255001149689468
2025-11-17,RTX,175.63,0.0003417440337187827
2025-11-18,RTX,174.72,-0.005181347150259086
2025-11-19,RTX,173.77,-0.0054372710622709874
2025-11-20,RTX,172.73,-0.00598492259883765
2025-11-21,RTX,169.68,-0.01765761593237991
2025-11-24,RTX,173.21,0.020803866100895796
2025-11-25,RTX,172.15,-0.006119739045089778
2025-11-26,RTX,173.19,0.00604124310194587
2025-11-28,RTX,174.91,0.009931289335411986
2025-12-01,RTX,168.02,-0.03939168715339314
2025-12-02,RTX,168.8,0.004642304487560978
2025-12-03,RTX,168.45,-0.0020734597156399914
2025-12-04,RTX,171.31,0.0169783318492136
2025-12-05,RTX,171.1,-0.001225847878115749
2025-12-08,RTX,171.52,0.00245470485096444
2025-12-09,RTX,171.93,0.0023903917910448325
2025-12-10,RTX,174.72,0.016227534461699555
2025-12-11,RTX,177.42,0.015453296703296537
2025-12-12,RTX,178.66,0.006989065494307445
2025-12-15,RTX,182.11,0.01931042203067279
2025-12-16,RTX,179.93,-0.011970786887046336
2025-12-17,RTX,177.2,-0.0151725671094316
2025-12-18,RTX,178.29,0.006151241534988694
2025-12-19,RTX,182.01,0.02086488305569567
2025-12-22,RTX,185.68,0.020163727267732634
2025-12-23,RTX,185.76,0.0004308487720809939
2025-12-24,RTX,186.38,0.0033376399655469235
2025-12-26,RTX,185.17,-0.006492112887648949
2025-12-29,RTX,184.42,-0.0040503321272343795
2025-12-30,RTX,184.01,-0.00222318620540074
2025-12-31,RTX,183.4,-0.003315037226237605
2026-01-02,RTX,187.25,0.020992366412213803
2026-01-05,RTX,188.26,0.00539385847797047
2026-01-06,RTX,190.4,0.011367258047381368
2026-01-07,RTX,185.73,-0.024527310924369883
2026-01-08,RTX,187.17,0.007753190114682562
2026-01-09,RTX,188.5,0.007105839611048825
2026-01-12,RTX,193.85,0.0283819628647215
2026-01-13,RTX,194.08,0.0011864843951510107
2026-01-14,RTX,198.84,0.024525968672712173
2026-01-15,RTX,199.83,0.0049788774894388155
2026-01-16,RTX,201.92,0.010458890056547876
2026-01-20,RTX,196.36,-0.027535657686212245
2026-01-21,RTX,197.5,0.005805663067834477
2026-01-22,RTX,196.34,-0.005873417721518948
2026-01-23,RTX,195.93,-0.002088214322094273
2026-01-26,RTX,194.13,-0.009186954524575186
2026-01-27,RTX,201.28,0.03683098954308961
2026-01-28,RTX,199.46,-0.009042130365659706
2026-01-29,RTX,199.88,0.002105685350446196
2026-01-30,RTX,200.93,0.005253151891134733
2026-02-02,RTX,201.09,0.0007962972179365035
2026-02-03,RTX,203.5,0.011984683475060987
2026-02-04,RTX,196.74,-0.03321867321867322
2026-02-05,RTX,195.97,-0.003913794856155395
2026-02-06,RTX,198.66,0.013726590804715055
2026-02-09,RTX,196.19,-0.012433303130977569
2026-02-10,RTX,195.19,-0.0050970997502420845
2026-02-11,RTX,196.51,0.006762641528766711
2026-02-12,RTX,201.14,0.02356114192661951
2026-02-13,RTX,200.06,-0.005369394451625653
2026-02-17,RTX,203.5,0.01719484154753581
2026-02-18,RTX,204.81,0.006437346437346392
2026-02-19,RTX,205.41,0.002929544455837041
2026-02-20,RTX,204.92,-0.0023854729565260246
2026-02-23,RTX,201.92,-0.014639859457349247
2026-02-24,RTX,198.46,-0.01713549920760682
2026-02-25,RTX,195.98,-0.012496220900937272
2026-02-26,RTX,197.63,0.008419226451678696
2026-02-27,RTX,202.62,0.02524920305621614
2026-03-02,RTX,212.16,0.04708320994965942
2026-03-03,RTX,206.52,-0.026583710407239725
2026-03-04,RTX,208.82,0.011136935889986432
2026-03-05,RTX,203.86,-0.02375251412699919
2026-03-06,RTX,209.76,0.02894143039340702
2026-03-09,RTX,208.23,-0.007294050343249481
2026-03-10,RTX,207.0,-0.005906929837199204
2026-03-11,RTX,207.26,0.0012560386473430274
2026-03-12,RTX,203.04,-0.020360899353469075
2026-03-13,RTX,204.52,0.00728920409771483
2026-03-16,RTX,206.06,0.007529825933894063
2026-03-17,RTX,203.33,-0.013248568378142256
2026-03-18,RTX,204.56,0.006049279496385118
2026-03-19,RTX,200.73,-0.018723113023073945
2026-03-20,RTX,198.16,-0.012803268071538865
2026-03-23,RTX,194.82,-0.016855066612838088
2026-03-24,RTX,194.0,-0.004209013448311261
2026-03-25,RTX,195.0,0.005154639175257714
2026-03-26,RTX,192.85,-0.011025641025641075
2026-03-27,RTX,189.71,-0.01628208452164892
2026-03-30,RTX,187.15,-0.01349428074429393
2026-03-31,RTX,192.9,0.03072401816724546
2026-04-01,RTX,194.72,0.009434940383618473
2026-04-02,RTX,196.21,0.00765201314708297
2026-04-06,RTX,198.41,0.011212476428316576
2026-04-07,RTX,197.92,-0.002469633587016795
2026-04-08,RTX,203.48,0.02809215844785773
2026-04-09,RTX,203.19,-0.001425201494004269
2026-04-10,RTX,201.56,-0.008022048329149989
2026-04-13,RTX,201.41,-0.0007441952768406646
2026-04-14,RTX,202.81,0.006950995481852962
2026-04-15,RTX,198.39,-0.021793797150042038
2026-04-16,RTX,195.85,-0.01280306467059833
2026-04-17,RTX,196.42,0.0029103906050549355
2026-04-20,RTX,195.79,-0.0032074126870990094
2026-04-21,RTX,187.17,-0.044026763368915645
2026-04-22,RTX,180.91,-0.0334455308008762
2026-04-23,RTX,179.3,-0.008899452766568894
2026-04-24,RTX,174.26,-0.02810931399888461
2026-04-27,RTX,173.38,-0.005049925398829314
2026-04-28,RTX,175.68,0.013265659245587758
2026-04-29,RTX,172.79,-0.01645036429872504
2026-04-30,RTX,176.07,0.018982580010417305
2026-05-01,RTX,173.99,-0.011813483273697911
2026-05-04,RTX,172.9,-0.006264727857922869
2026-05-05,RTX,172.87,-0.0001735106998265179
2026-05-06,RTX,176.74,0.02238676462081335
2026-05-07,RTX,176.78,0.00022632114971132822
2026-05-08,RTX,176.09,-0.0039031564656635265
2026-05-11,RTX,178.61,0.014310863762848625
2026-05-12,RTX,178.89,0.0015676613851407506
2026-05-13,RTX,178.11,-0.004360221365084516
2026-05-14,RTX,175.68,-0.013643254168772101
2026-05-15,RTX,171.18,-0.02561475409836067
2026-05-18,RTX,175.95,0.027865404837013497
2026-05-19,RTX,174.49,-0.008297811878374417
2026-05-20,RTX,174.85,0.0020631554816894493
2026-05-21,RTX,175.98,0.006462682299113398
2026-05-22,RTX,177.01,0.0058529378338447735
2025-01-10,SMH,247.18,
2025-01-13,SMH,244.64,-0.010275912290638511
2025-01-14,SMH,245.44,0.0032701111837802888
2025-01-15,SMH,251.21,0.023508800521512496
2025-01-16,SMH,252.29,0.004299191911149913
2025-01-17,SMH,258.25,0.023623607752982778
2025-01-21,SMH,262.39,0.01603097773475315
2025-01-22,SMH,267.17,0.018217157666069683
2025-01-23,SMH,266.85,-0.001197739267133291
2025-01-24,SMH,261.53,-0.019936293798014093
2025-01-27,SMH,235.81,-0.09834435819982401
2025-01-28,SMH,240.45,0.01967685848776557
2025-01-29,SMH,239.53,-0.0038261592846745573
2025-01-30,SMH,245.17,0.023546111134304715
2025-01-31,SMH,243.62,-0.006322143818574766
2025-02-03,SMH,238.78,-0.01986700599293989
2025-02-04,SMH,241.47,0.011265600134014564
2025-02-05,SMH,247.14,0.023481177786060403
2025-02-06,SMH,248.35,0.004896010358501179
2025-02-07,SMH,245.0,-0.013489027582041402
2025-02-10,SMH,249.62,0.018857142857142906
2025-02-11,SMH,249.87,0.001001522313917258
2025-02-12,SMH,248.51,-0.005442830271741306
2025-02-13,SMH,251.92,0.013721781819645118
2025-02-14,SMH,252.58,0.0026198793267704357
2025-02-18,SMH,256.22,0.0144112756354422
2025-02-19,SMH,257.34,0.004371243462649055
2025-02-20,SMH,257.8,0.0017875184580711245
2025-02-21,SMH,249.99,-0.030294802172226576
2025-02-24,SMH,243.42,-0.026281051242049713
2025-02-25,SMH,238.25,-0.021239010763289712
2025-02-26,SMH,243.82,0.023378803777544643
2025-02-27,SMH,228.79,-0.06164383561643838
2025-02-28,SMH,232.77,0.017395865203898797
2025-03-03,SMH,223.01,-0.041929801950423284
2025-03-04,SMH,225.23,0.009954710551096424
2025-03-05,SMH,229.4,0.018514407494561125
2025-03-06,SMH,219.78,-0.041935483870967794
2025-03-07,SMH,225.09,0.024160524160524277
2025-03-10,SMH,214.53,-0.04691456750633083
2025-03-11,SMH,214.22,-0.0014450193446138293
2025-03-12,SMH,220.52,0.02940901876575497
2025-03-13,SMH,219.55,-0.004398693996009451
2025-03-14,SMH,226.57,0.031974493281712535
2025-03-17,SMH,228.96,0.010548616321666593
2025-03-18,SMH,225.42,-0.015461215932914163
2025-03-19,SMH,227.41,0.008827965575370467
2025-03-20,SMH,227.05,-0.001583043841519638
2025-03-21,SMH,224.77,-0.010041841004184149
2025-03-24,SMH,230.63,0.026071094897005764
2025-03-25,SMH,229.65,-0.004249230368989276
2025-03-26,SMH,222.01,-0.033268016546919243
2025-03-27,SMH,217.75,-0.01918832485023192
2025-03-28,SMH,212.17,-0.02562571756601617
2025-03-31,SMH,211.47,-0.0032992411745298433
2025-04-01,SMH,212.49,0.00482337920272391
2025-04-02,SMH,214.09,0.0075297661066402455
2025-04-03,SMH,195.57,-0.08650567518333419
2025-04-04,SMH,180.8,-0.07552283070000498
2025-04-07,SMH,184.9,0.022676991150442527
2025-04-08,SMH,179.95,-0.026771227690643662
2025-04-09,SMH,210.83,0.17160322311753284
2025-04-10,SMH,196.21,-0.06934496988094674
2025-04-11,SMH,201.31,0.02599255899291575
2025-04-14,SMH,201.61,0.0014902389349760181
2025-04-15,SMH,202.92,0.00649769356678731
2025-04-16,SMH,194.35,-0.042233392469938846
2025-04-17,SMH,192.53,-0.00936454849498325
2025-04-21,SMH,187.83,-0.024411779982340343
2025-04-22,SMH,191.9,0.021668530053772006
2025-04-23,SMH,198.91,0.036529442417925884
2025-04-24,SMH,208.97,0.05057563722286473
2025-04-25,SMH,211.97,0.014356127673828878
2025-04-28,SMH,210.65,-0.0062272963155163286
2025-04-29,SMH,210.29,-0.0017089959648707298
2025-04-30,SMH,211.28,0.0047077844880878406
2025-05-01,SMH,212.3,0.00482771677394922
2025-05-02,SMH,219.03,0.03170042392840311
2025-05-05,SMH,217.61,-0.006483130164817497
2025-05-06,SMH,215.59,-0.00928266164238778
2025-05-07,SMH,220.02,0.02054826290644285
2025-05-08,SMH,221.95,0.008771929824561209
2025-05-09,SMH,223.4,0.006533002928587495
2025-05-12,SMH,237.41,0.06271262309758274
2025-05-13,SMH,245.56,0.034328798281453965
2025-05-14,SMH,247.99,0.009895748493240042
2025-05-15,SMH,247.13,-0.003467881769426251
2025-05-16,SMH,246.42,-0.0028729818314248146
2025-05-19,SMH,246.01,-0.0016638259881502915
2025-05-20,SMH,245.54,-0.0019104914434372455
2025-05-21,SMH,241.47,-0.016575710678504496
2025-05-22,SMH,240.81,-0.002733258789911819
2025-05-23,SMH,237.44,-0.013994435447032938
2025-05-27,SMH,244.97,0.031713274932614555
2025-05-28,SMH,242.36,-0.010654365840715108
2025-05-29,SMH,244.08,0.007096880673378436
2025-05-30,SMH,239.75,-0.017740085217961332
2025-06-02,SMH,243.3,0.014807090719499483
2025-06-03,SMH,248.79,0.022564734895190952
2025-06-04,SMH,251.75,0.011897584308051101
2025-06-05,SMH,251.3,-0.001787487586891734
2025-06-06,SMH,252.73,0.005690409868682744
2025-06-09,SMH,256.96,0.016737229454358404
2025-06-10,SMH,262.07,0.019886363636363757
2025-06-11,SMH,261.88,-0.0007249971381692033
2025-06-12,SMH,263.15,0.004849549411944265
2025-06-13,SMH,256.99,-0.023408702261067726
2025-06-16,SMH,263.38,0.02486478073076759
2025-06-17,SMH,261.59,-0.006796263953223525
2025-06-18,SMH,262.59,0.0038227761000038107
2025-06-20,SMH,260.27,-0.008835066072584663
2025-06-23,SMH,261.92,0.00633957044607536
2025-06-24,SMH,271.54,0.036728772144166255
2025-06-25,SMH,275.2,0.013478677174633358
2025-06-26,SMH,277.2,0.007267441860465018
2025-06-27,SMH,278.42,0.004401154401154406
2025-06-30,SMH,278.88,0.0016521801594713281
2025-07-01,SMH,275.84,-0.010900745840504933
2025-07-02,SMH,281.25,0.019612819025522032
2025-07-03,SMH,283.62,0.008426666666666582
2025-07-07,SMH,279.76,-0.013609759537409283
2025-07-08,SMH,283.48,0.013297111810123052
2025-07-09,SMH,285.42,0.006843516297446062
2025-07-10,SMH,287.52,0.007357578305654755
2025-07-11,SMH,287.49,-0.00010434056761254862
2025-07-14,SMH,285.32,-0.00754808862916978
2025-07-15,SMH,290.8,0.019206504976868155
2025-07-16,SMH,289.28,-0.005226960110041423
2025-07-17,SMH,291.71,0.008400165929203673
2025-07-18,SMH,290.31,-0.004799286963079741
2025-07-21,SMH,290.51,0.0006889187420342502
2025-07-22,SMH,285.37,-0.01769302261540051
2025-07-23,SMH,286.61,0.004345236009391407
2025-07-24,SMH,287.8,0.004151983531628378
2025-07-25,SMH,287.49,-0.0010771369006254972
2025-07-28,SMH,291.41,0.01363525687850009
2025-07-29,SMH,292.9,0.00511307093099056
2025-07-30,SMH,296.26,0.011471491976783987
2025-07-31,SMH,288.78,-0.025248092891379303
2025-08-01,SMH,283.95,-0.01672553500934959
2025-08-04,SMH,290.19,0.021975699947173855
2025-08-05,SMH,287.1,-0.010648196009510946
2025-08-06,SMH,286.62,-0.0016718913270638014
2025-08-07,SMH,291.12,0.01570023027004397
2025-08-08,SMH,293.53,0.008278373179444687
2025-08-11,SMH,293.4,-0.0004428848839982402
2025-08-12,SMH,300.1,0.0228357191547377
2025-08-13,SMH,301.28,0.003932022659113521
2025-08-14,SMH,301.92,0.0021242697822625445
2025-08-15,SMH,295.65,-0.020767090620031903
2025-08-18,SMH,296.86,0.004092677152037982
2025-08-19,SMH,290.87,-0.020177861618271287
2025-08-20,SMH,288.96,-0.006566507374428543
2025-08-21,SMH,287.46,-0.005191029900332267
2025-08-22,SMH,293.64,0.02149864328950124
2025-08-25,SMH,293.92,0.0009535485628662244
2025-08-26,SMH,296.75,0.009628470332063044
2025-08-27,SMH,297.66,0.003066554338668981
2025-08-28,SMH,298.88,0.004098636027682456
2025-08-29,SMH,290.29,-0.028740631691648755
2025-09-02,SMH,286.48,-0.013124806228254515
2025-09-03,SMH,286.43,-0.00017453225356045543
2025-09-04,SMH,289.86,0.011975002618440866
2025-09-05,SMH,293.28,0.011798799420409622
2025-09-08,SMH,296.52,0.01104746317512273
2025-09-09,SMH,297.81,0.004350465398624159
2025-09-10,SMH,300.83,0.010140693730902095
2025-09-11,SMH,303.93,0.01030482332214211
2025-09-12,SMH,304.32,0.0012831902082715008
2025-09-15,SMH,307.17,0.009365141955836043
2025-09-16,SMH,307.21,0.00013022105023274833
2025-09-17,SMH,305.25,-0.006380000651020401
2025-09-18,SMH,316.97,0.03839475839475859
2025-09-19,SMH,315.71,-0.003975139603117128
2025-09-22,SMH,322.17,0.020461816223749763
2025-09-23,SMH,321.7,-0.0014588571251203941
2025-09-24,SMH,321.11,-0.0018340068386695219
2025-09-25,SMH,321.06,-0.00015570988134905317
2025-09-26,SMH,321.82,0.0023671587865197186
2025-09-29,SMH,322.66,0.00261015474488846
2025-09-30,SMH,326.36,0.011467179073947786
2025-10-01,SMH,333.69,0.02245986027699476
2025-10-02,SMH,338.24,0.013635410111181079
2025-10-03,SMH,336.68,-0.004612109744560056
2025-10-06,SMH,343.38,0.019900201972198994
2025-10-07,SMH,337.05,-0.01843438755897253
2025-10-08,SMH,346.07,0.02676160807001926
2025-10-09,SMH,345.21,-0.0024850463779004794
2025-10-10,SMH,325.34,-0.057559166883925705
2025-10-13,SMH,339.75,0.04429212516136971
2025-10-14,SMH,333.5,-0.01839587932303166
2025-10-15,SMH,341.78,0.024827586206896513
2025-10-16,SMH,343.3,0.0044473052841009775
2025-10-17,SMH,342.83,-0.001369064957763011
2025-10-20,SMH,347.22,0.012805180410115913
2025-10-21,SMH,345.3,-0.005529635389666554
2025-10-22,SMH,338.6,-0.019403417318273886
2025-10-23,SMH,344.8,0.018310691080921426
2025-10-24,SMH,351.14,0.018387470997679678
2025-10-27,SMH,359.94,0.025061229139374586
2025-10-28,SMH,363.11,0.008807023392787716
2025-10-29,SMH,368.61,0.015146925174189585
2025-10-30,SMH,363.73,-0.013238924608664937
2025-10-31,SMH,363.02,-0.001951997360679747
2025-11-03,SMH,366.1,0.008484381025838816
2025-11-04,SMH,352.76,-0.036438131658017014
2025-11-05,SMH,359.5,0.01910647465699067
2025-11-06,SMH,351.09,-0.02339360222531306
2025-11-07,SMH,348.12,-0.00845936939246339
2025-11-10,SMH,358.79,0.030650350453866437
2025-11-11,SMH,351.05,-0.02157250759497198
2025-11-12,SMH,355.53,0.012761714855433537
2025-11-13,SMH,344.82,-0.030124040165386834
2025-11-14,SMH,344.98,0.00046401020822472994
2025-11-17,SMH,340.3,-0.013566003826308792
2025-11-18,SMH,333.29,-0.020599471054951524
2025-11-19,SMH,339.44,0.01845239881184546
2025-11-20,SMH,325.1,-0.042246052321470606
2025-11-21,SMH,326.13,0.0031682559212549144
2025-11-24,SMH,339.12,0.03983074234201078
2025-11-25,SMH,340.01,0.0026244397263506247
2025-11-26,SMH,347.71,0.022646392753154387
2025-11-28,SMH,352.28,0.013143136521814203
2025-12-01,SMH,352.96,0.0019302827296467928
2025-12-02,SMH,359.43,0.018330689029918412
2025-12-03,SMH,364.37,0.013743983529477255
2025-12-04,SMH,361.6,-0.007602162636880072
2025-12-05,SMH,364.42,0.007798672566371678
2025-12-08,SMH,368.55,0.011333077218594001
2025-12-09,SMH,369.0,0.0012210012210012167
2025-12-10,SMH,374.1,0.0138211382113822
2025-12-11,SMH,370.89,-0.008580593424218241
2025-12-12,SMH,354.12,-0.045215562565720235
2025-12-15,SMH,352.9,-0.0034451598328251176
2025-12-16,SMH,351.94,-0.002720317370359826
2025-12-17,SMH,339.24,-0.03608569642552706
2025-12-18,SMH,347.25,0.02361160240537674
2025-12-19,SMH,356.23,0.025860331173506168
2025-12-22,SMH,359.7,0.009740897734609621
2025-12-23,SMH,363.16,0.009619127050319864
2025-12-24,SMH,364.17,0.0027811432977200568
2025-12-26,SMH,365.86,0.004640689787736463
2025-12-29,SMH,364.21,-0.00450992182802179
2025-12-30,SMH,363.31,-0.0024711018368522852
2025-12-31,SMH,360.13,-0.00875285568798001
2026-01-02,SMH,373.3,0.03657012745397492
2026-01-05,SMH,377.59,0.011492097508706056
2026-01-06,SMH,387.62,0.02656320347466834
2026-01-07,SMH,385.02,-0.0067076002270265445
2026-01-08,SMH,378.98,-0.015687496753415298
2026-01-09,SMH,389.22,0.02701989550899775
2026-01-12,SMH,390.66,0.0036997071065207887
2026-01-13,SMH,391.53,0.0022270004607585214
2026-01-14,SMH,388.35,-0.00812198298980904
2026-01-15,SMH,396.41,0.020754474056907446
2026-01-16,SMH,400.39,0.010040109987134338
2026-01-20,SMH,390.39,-0.024975648742476042
2026-01-21,SMH,401.93,0.02956018340633726
2026-01-22,SMH,402.82,0.002214315925658683
2026-01-23,SMH,400.09,-0.006777220594806677
2026-01-26,SMH,398.82,-0.0031742857856982276
2026-01-27,SMH,407.25,0.02113735519783355
2026-01-28,SMH,416.63,0.02303253529772875
2026-01-29,SMH,417.52,0.0021361879845425147
2026-01-30,SMH,403.46,-0.033675033531327836
2026-02-02,SMH,407.97,0.011178307638923357
2026-02-03,SMH,397.68,-0.025222442826678515
2026-02-04,SMH,382.02,-0.03937839468919746
2026-02-05,SMH,381.07,-0.0024867807968168565
2026-02-06,SMH,401.65,0.054005825701314736
2026-02-09,SMH,406.65,0.012448649321548544
2026-02-10,SMH,404.76,-0.004647731464404226
2026-02-11,SMH,414.78,0.024755410613696904
2026-02-12,SMH,406.11,-0.020902647186460177
2026-02-13,SMH,407.72,0.003964443131171391
2026-02-17,SMH,407.51,-0.0005150593544590576
2026-02-18,SMH,412.55,0.012367794655345987
2026-02-19,SMH,410.2,-0.005696279238880164
2026-02-20,SMH,415.03,0.011774744027303718
2026-02-23,SMH,412.88,-0.005180348408548752
2026-02-24,SMH,419.16,0.015210230575469996
2026-02-25,SMH,426.16,0.016700066800267255
2026-02-26,SMH,412.01,-0.033203491646330074
2026-02-27,SMH,406.37,-0.013688988131355995
2026-03-02,SMH,406.39,4.921623151310506e-05
2026-03-03,SMH,391.06,-0.037722384901203276
2026-03-04,SMH,399.1,0.020559504935304007
2026-03-05,SMH,395.35,-0.0093961413179654
2026-03-06,SMH,380.56,-0.03740988997091188
2026-03-09,SMH,394.37,0.03628862728610471
2026-03-10,SMH,397.33,0.007505641909881566
2026-03-11,SMH,401.03,0.009312158659049219
2026-03-12,SMH,388.13,-0.032167169538438456
2026-03-13,SMH,387.33,-0.0020611650735578024
2026-03-16,SMH,393.92,0.01701391578240785
2026-03-17,SMH,396.88,0.007514216084484104
2026-03-18,SMH,393.67,-0.00808808707921782
2026-03-19,SMH,394.92,0.0031752483044173996
2026-03-20,SMH,384.74,-0.02577737263243185
2026-03-23,SMH,391.36,0.01720642511826176
2026-03-24,SMH,394.59,0.008253270645952382
2026-03-25,SMH,399.02,0.011226843052282165
2026-03-26,SMH,380.84,-0.04556162598365998
2026-03-27,SMH,374.25,-0.01730385463711792
2026-03-30,SMH,362.53,-0.031315965263861156
2026-03-31,SMH,383.4,0.05756764957382843
2026-04-01,SMH,391.97,0.022352634324465548
2026-04-02,SMH,392.32,0.0008929254789906693
2026-04-06,SMH,395.98,0.00932911908646017
2026-04-07,SMH,399.9,0.009899489873225864
2026-04-08,SMH,422.92,0.05756439109777456
2026-04-09,SMH,430.31,0.01747375390144712
2026-04-10,SMH,436.88,0.015268062559550044
2026-04-13,SMH,443.34,0.014786669108221906
2026-04-14,SMH,452.0,0.019533540849009823
2026-04-15,SMH,453.0,0.0022123893805310324
2026-04-16,SMH,454.8,0.003973509933774766
2026-04-17,SMH,464.16,0.02058047493403703
2026-04-20,SMH,463.96,-0.00043088590141338035
2026-04-21,SMH,464.66,0.0015087507543753986
2026-04-22,SMH,476.83,0.026191193560883175
2026-04-23,SMH,481.85,0.010527861082566092
2026-04-24,SMH,506.44,0.05103247898723673
2026-04-27,SMH,506.26,-0.0003554221625464704
2026-04-28,SMH,491.21,-0.029727807845771004
2026-04-29,SMH,499.58,0.017039555383644434
2026-04-30,SMH,506.72,0.01429200528443908
2026-05-01,SMH,509.82,0.006117777076097175
2026-05-04,SMH,506.79,-0.005943274096740003
2026-05-05,SMH,522.69,0.031373941869413446
2026-05-06,SMH,549.76,0.05178977979299382
2026-05-07,SMH,540.1,-0.017571303841676267
2026-05-08,SMH,566.54,0.048953897426402326
2026-05-11,SMH,576.31,0.01724503124227761
2026-05-12,SMH,561.25,-0.026131769360240087
2026-05-13,SMH,572.46,0.019973273942093694
2026-05-14,SMH,578.34,0.010271460014673606
2026-05-15,SMH,556.34,-0.03803990732095308
2026-05-18,SMH,546.16,-0.018298162993852785
2026-05-19,SMH,543.96,-0.004028123626775959
2026-05-20,SMH,564.66,0.03805426869622752
2026-05-21,SMH,567.88,0.00570254666524983
2026-05-22,SMH,576.32,0.01486229485102486
2025-01-10,SPY,580.49,
2025-01-13,SPY,581.39,0.0015504143051559005
2025-01-14,SPY,582.19,0.0013760126593165278
2025-01-15,SPY,592.78,0.01818993799275126
2025-01-16,SPY,591.64,-0.0019231418064037387
2025-01-17,SPY,597.58,0.010039889121763235
2025-01-21,SPY,603.05,0.009153586130727032
2025-01-22,SPY,606.44,0.005621424425835464
2025-01-23,SPY,609.75,0.005458083239891831
2025-01-24,SPY,607.97,-0.002919229192291928
2025-01-27,SPY,599.37,-0.014145434807638524
2025-01-28,SPY,604.52,0.00859235530640512
2025-01-29,SPY,601.81,-0.004482895520412922
2025-01-30,SPY,605.04,0.0053671424535983725
2025-01-31,SPY,601.82,-0.005321962184318241
2025-02-03,SPY,597.77,-0.006729586919677066
2025-02-04,SPY,601.78,0.006708265720929418
2025-02-05,SPY,604.22,0.004054637907541014
2025-02-06,SPY,606.32,0.003475555261328589
2025-02-07,SPY,600.77,-0.009153582266789972
2025-02-10,SPY,604.85,0.006791284518201657
2025-02-11,SPY,605.31,0.0007605191369759456
2025-02-12,SPY,603.36,-0.003221489815135925
2025-02-13,SPY,609.73,0.010557544417926223
2025-02-14,SPY,609.7,-4.9202105850132405e-05
2025-02-18,SPY,611.49,0.0029358701000492538
2025-02-19,SPY,612.93,0.0023549035961338838
2025-02-20,SPY,610.38,-0.00416034457442116
2025-02-21,SPY,599.94,-0.01710409908581534
2025-02-24,SPY,597.21,-0.004550455045504553
2025-02-25,SPY,594.24,-0.00497312503139602
2025-02-26,SPY,594.54,0.0005048465266557223
2025-02-27,SPY,585.05,-0.015961920139940133
2025-02-28,SPY,594.18,0.015605503803093779
2025-03-03,SPY,583.77,-0.017519943451479336
2025-03-04,SPY,576.86,-0.011836853555338478
2025-03-05,SPY,583.06,0.010747841764032762
2025-03-06,SPY,572.71,-0.017751174836208805
2025-03-07,SPY,575.92,0.005604930942361586
2025-03-10,SPY,560.58,-0.026635643839421963
2025-03-11,SPY,555.92,-0.00831281886617441
2025-03-12,SPY,558.87,0.005306518923586134
2025-03-13,SPY,551.42,-0.013330470413513096
2025-03-14,SPY,562.81,0.020655761488520552
2025-03-17,SPY,567.15,0.007711305769265042
2025-03-18,SPY,561.02,-0.010808428105439472
2025-03-19,SPY,567.13,0.010890877330576476
2025-03-20,SPY,565.49,-0.002891753213548953
2025-03-21,SPY,563.98,-0.002670250579143718
2025-03-24,SPY,574.08,0.017908436469378453
2025-03-25,SPY,575.46,0.0024038461538462563
2025-03-26,SPY,568.59,-0.011938275466583215
2025-03-27,SPY,567.08,-0.0026556921507588926
2025-03-28,SPY,555.66,-0.020138252098469533
2025-03-31,SPY,559.39,0.006712738005254959
2025-04-01,SPY,560.97,0.0028245052646633795
2025-04-02,SPY,564.52,0.006328324152806708
2025-04-03,SPY,536.7,-0.049280804931623234
2025-04-04,SPY,505.28,-0.05854294764300372
2025-04-07,SPY,504.38,-0.0017811906269790123
2025-04-08,SPY,496.48,-0.01566279392521508
2025-04-09,SPY,548.62,0.10501933612632941
2025-04-10,SPY,524.58,-0.04381903685611166
2025-04-11,SPY,533.94,0.017842845705135613
2025-04-14,SPY,539.12,0.009701464584035646
2025-04-15,SPY,537.61,-0.002800860661819282
2025-04-16,SPY,525.66,-0.022228009151615602
2025-04-17,SPY,526.41,0.0014267777650953661
2025-04-21,SPY,513.88,-0.02380273930966348
2025-04-22,SPY,527.25,0.026017747334007968
2025-04-23,SPY,535.42,0.015495495495495337
2025-04-24,SPY,546.69,0.021048896193642586
2025-04-25,SPY,550.64,0.007225301359088165
2025-04-28,SPY,550.85,0.0003813744006975206
2025-04-29,SPY,554.32,0.006299355541435903
2025-04-30,SPY,554.54,0.0003968826670512904
2025-05-01,SPY,558.47,0.007086954953655411
2025-05-02,SPY,566.76,0.014844127706054033
2025-05-05,SPY,563.51,-0.005734349636530411
2025-05-06,SPY,558.8,-0.008358325495554708
2025-05-07,SPY,561.15,0.004205440229062329
2025-05-08,SPY,565.06,0.006967833912500998
2025-05-09,SPY,564.34,-0.0012742009698083478
2025-05-12,SPY,582.99,0.033047453662685466
2025-05-13,SPY,586.84,0.006603886859122943
2025-05-14,SPY,587.59,0.0012780314906959411
2025-05-15,SPY,590.46,0.004884358140880618
2025-05-16,SPY,594.2,0.006334044643159675
2025-05-19,SPY,594.85,0.0010939077751599413
2025-05-20,SPY,592.85,-0.003362192149281351
2025-05-21,SPY,582.86,-0.016850805431390725
2025-05-22,SPY,583.09,0.0003946059087946985
2025-05-23,SPY,579.11,-0.006825704436707936
2025-05-27,SPY,591.15,0.020790523389338844
2025-05-28,SPY,587.73,-0.0057853336716569
2025-05-29,SPY,590.05,0.003947390808704654
2025-05-30,SPY,589.39,-0.001118549275485048
2025-06-02,SPY,592.71,0.005632942533806196
2025-06-03,SPY,596.09,0.005702620168379191
2025-06-04,SPY,595.93,-0.00026841584324532874
2025-06-05,SPY,593.05,-0.004832782373768718
2025-06-06,SPY,599.14,0.010268948655256738
2025-06-09,SPY,599.68,0.0009012918516539958
2025-06-10,SPY,603.08,0.0056696905016009325
2025-06-11,SPY,601.36,-0.002852026265172114
2025-06-12,SPY,603.75,0.003974324863642353
2025-06-13,SPY,597.0,-0.011180124223602483
2025-06-16,SPY,602.68,0.009514237855946295
2025-06-17,SPY,597.53,-0.008545164929979365
2025-06-18,SPY,597.44,-0.0001506200525495105
2025-06-20,SPY,594.28,-0.005289234065345649
2025-06-23,SPY,600.15,0.00987749882210398
2025-06-24,SPY,606.78,0.01104723819045228
2025-06-25,SPY,607.12,0.0005603348824945176
2025-06-26,SPY,611.87,0.00782382395572534
2025-06-27,SPY,614.91,0.004968375635347355
2025-06-30,SPY,617.85,0.004781187490852323
2025-07-01,SPY,617.65,-0.00032370316419849665
2025-07-02,SPY,620.45,0.004533311746134583
2025-07-03,SPY,625.34,0.007881376420340036
2025-07-07,SPY,620.68,-0.007451946141299293
2025-07-08,SPY,620.34,-0.0005477862988978455
2025-07-09,SPY,624.06,0.0059967114808006095
2025-07-10,SPY,625.82,0.0028202416434319755
2025-07-11,SPY,623.62,-0.0035153878111917614
2025-07-14,SPY,624.81,0.0019082133350436514
2025-07-15,SPY,622.14,-0.004273299082921178
2025-07-16,SPY,624.22,0.003343298935930994
2025-07-17,SPY,628.04,0.006119637307359538
2025-07-18,SPY,627.58,-0.0007324374243677934
2025-07-21,SPY,628.77,0.0018961725995090273
2025-07-22,SPY,628.86,0.00014313660002862605
2025-07-23,SPY,634.21,0.008507457939764151
2025-07-24,SPY,634.42,0.0003311206067388994
2025-07-25,SPY,637.1,0.004224330884902816
2025-07-28,SPY,636.94,-0.000251137968921622
2025-07-29,SPY,635.26,-0.002637611077966673
2025-07-30,SPY,634.46,-0.001259326889777368
2025-07-31,SPY,632.08,-0.0037512215112063263
2025-08-01,SPY,621.72,-0.016390330337931913
2025-08-04,SPY,631.17,0.01519976838448156
2025-08-05,SPY,627.97,-0.005069949458941236
2025-08-06,SPY,632.78,0.00765960157332346
2025-08-07,SPY,632.25,-0.000837573880337561
2025-08-08,SPY,637.18,0.007797548438117863
2025-08-11,SPY,635.92,-0.0019774631972127032
2025-08-12,SPY,642.69,0.010645993206692905
2025-08-13,SPY,644.89,0.0034231122314023477
2025-08-14,SPY,644.95,9.303912295122174e-05
2025-08-15,SPY,643.44,-0.0023412667648654573
2025-08-18,SPY,643.3,-0.00021758050478692947
2025-08-19,SPY,639.81,-0.005425151562257091
2025-08-20,SPY,638.11,-0.0026570388083961838
2025-08-21,SPY,635.55,-0.004011847487110476
2025-08-22,SPY,645.31,0.015356777594209836
2025-08-25,SPY,642.47,-0.004400985572825311
2025-08-26,SPY,645.16,0.004186965928370201
2025-08-27,SPY,646.63,0.0022785045570090645
2025-08-28,SPY,648.92,0.0035414379165827903
2025-08-29,SPY,645.05,-0.005963755162423756
2025-09-02,SPY,640.27,-0.007410278273002002
2025-09-03,SPY,643.74,0.005419588611054849
2025-09-04,SPY,649.12,0.008357411377264201
2025-09-05,SPY,647.24,-0.002896228740448592
2025-09-08,SPY,648.83,0.0024565848835054194
2025-09-09,SPY,650.33,0.0023118536442519044
2025-09-10,SPY,652.21,0.002890840035059128
2025-09-11,SPY,657.63,0.008310206835221656
2025-09-12,SPY,657.41,-0.0003345346167298313
2025-09-15,SPY,660.91,0.005323922666220504
2025-09-16,SPY,660.0,-0.0013768894403171084
2025-09-17,SPY,659.18,-0.001242424242424267
2025-09-18,SPY,662.26,0.004672471858976346
2025-09-19,SPY,663.7,0.0021743726029053168
2025-09-22,SPY,666.84,0.004731053186680656
2025-09-23,SPY,663.21,-0.005443584667986334
2025-09-24,SPY,661.1,-0.003181496057055866
2025-09-25,SPY,658.05,-0.004613522916351642
2025-09-26,SPY,661.82,0.005729047944685206
2025-09-29,SPY,663.68,0.0028104318394728267
2025-09-30,SPY,666.18,0.0037668756027000594
2025-10-01,SPY,668.45,0.0034074874658502896
2025-10-02,SPY,669.22,0.0011519186176975893
2025-10-03,SPY,669.21,-1.4942769194004057e-05
2025-10-06,SPY,671.61,0.0035863181960820167
2025-10-07,SPY,669.12,-0.00370750882208426
2025-10-08,SPY,673.11,0.005963055954088858
2025-10-09,SPY,671.16,-0.0028970004902616475
2025-10-10,SPY,653.02,-0.027027832409559527
2025-10-13,SPY,663.04,0.01534409359590816
2025-10-14,SPY,662.23,-0.0012216457528956282
2025-10-15,SPY,665.17,0.0044395451731271685
2025-10-16,SPY,660.64,-0.006810289099027256
2025-10-17,SPY,664.39,0.005676313877452266
2025-10-20,SPY,671.3,0.010400517768178297
2025-10-21,SPY,671.29,-1.4896469536673784e-05
2025-10-22,SPY,667.8,-0.005198945314245695
2025-10-23,SPY,671.76,0.005929919137466433
2025-10-24,SPY,677.25,0.008172561629153252
2025-10-27,SPY,685.24,0.011797711332595107
2025-10-28,SPY,687.06,0.002656003735917345
2025-10-29,SPY,687.39,0.0004803073967338811
2025-10-30,SPY,679.83,-0.010998123336097287
2025-10-31,SPY,682.06,0.0032802318226614613
2025-11-03,SPY,683.34,0.0018766677418409206
2025-11-04,SPY,675.24,-0.01185354289226448
2025-11-05,SPY,677.58,0.0034654345121734043
2025-11-06,SPY,670.31,-0.010729360370731245
2025-11-07,SPY,670.97,0.000984619056854319
2025-11-10,SPY,681.44,0.015604274408691943
2025-11-11,SPY,683.0,0.002289269781638792
2025-11-12,SPY,683.38,0.0005563689604686228
2025-11-13,SPY,672.04,-0.016593988703210605
2025-11-14,SPY,671.93,-0.0001636807332896506
2025-11-17,SPY,665.67,-0.009316446653669264
2025-11-18,SPY,660.08,-0.008397554343743785
2025-11-19,SPY,662.63,0.0038631681008360896
2025-11-20,SPY,652.53,-0.015242292078535558
2025-11-21,SPY,659.03,0.00996122783626796
2025-11-24,SPY,668.73,0.014718601581111601
2025-11-25,SPY,675.02,0.009405888774243643
2025-11-26,SPY,679.68,0.006903499155580528
2025-11-28,SPY,683.39,0.005458451035781575
2025-12-01,SPY,680.27,-0.0045654750581659576
2025-12-02,SPY,681.53,0.0018522057418377535
2025-12-03,SPY,683.89,0.0034627969421743288
2025-12-04,SPY,684.39,0.0007311117284942714
2025-12-05,SPY,685.69,0.0018995017460805563
2025-12-08,SPY,683.63,-0.003004273068004548
2025-12-09,SPY,683.04,-0.0008630399485102247
2025-12-10,SPY,687.57,0.006632115249473047
2025-12-11,SPY,689.17,0.002327035792719201
2025-12-12,SPY,681.76,-0.010752064077078183
2025-12-15,SPY,680.73,-0.0015107955878901347
2025-12-16,SPY,678.87,-0.0027323608479132844
2025-12-17,SPY,671.4,-0.011003579477661396
2025-12-18,SPY,676.47,0.007551385165326163
2025-12-19,SPY,680.59,0.006090440078643455
2025-12-22,SPY,684.83,0.006229888772976366
2025-12-23,SPY,687.96,0.004570477344742585
2025-12-24,SPY,690.38,0.0035176463747892406
2025-12-26,SPY,690.31,-0.00010139343549930846
2025-12-29,SPY,687.85,-0.003563616346279108
2025-12-30,SPY,687.01,-0.001221196481791087
2025-12-31,SPY,681.92,-0.007408916900772944
2026-01-02,SPY,683.17,0.0018330595964335394
2026-01-05,SPY,687.72,0.006660128518523933
2026-01-06,SPY,691.81,0.005947187808991838
2026-01-07,SPY,689.58,-0.003223428397970407
2026-01-08,SPY,689.51,-0.00010151106470612792
2026-01-09,SPY,694.07,0.006613392119041217
2026-01-12,SPY,695.16,0.0015704467849062542
2026-01-13,SPY,693.77,-0.0019995396743195393
2026-01-14,SPY,690.36,-0.0049151736166164195
2026-01-15,SPY,692.24,0.0027232168723565486
2026-01-16,SPY,691.66,-0.0008378597018375844
2026-01-20,SPY,677.58,-0.02035682271636341
2026-01-21,SPY,685.4,0.011541072640868899
2026-01-22,SPY,688.98,0.0052232273125183415
2026-01-23,SPY,689.23,0.000362855235275239
2026-01-26,SPY,692.73,0.005078130667556469
2026-01-27,SPY,695.49,0.003984236282534415
2026-01-28,SPY,695.42,-0.00010064846367319191
2026-01-29,SPY,694.04,-0.0019844122976042655
2026-01-30,SPY,691.97,-0.002982537029565968
2026-02-02,SPY,695.41,0.004971313785279596
2026-02-03,SPY,689.53,-0.008455443551286246
2026-02-04,SPY,686.19,-0.004843879164068143
2026-02-05,SPY,677.62,-0.012489252247919747
2026-02-06,SPY,690.62,0.01918479383725402
2026-02-09,SPY,693.95,0.004821754365642583
2026-02-10,SPY,692.12,-0.0026370775992506923
2026-02-11,SPY,691.96,-0.00023117378489279083
2026-02-12,SPY,681.27,-0.015448869876871552
2026-02-13,SPY,681.75,0.0007045664714431243
2026-02-17,SPY,682.85,0.0016134946828016972
2026-02-18,SPY,686.29,0.005037709599472695
2026-02-19,SPY,684.48,-0.002637369042241544
2026-02-20,SPY,689.43,0.007231767180925663
2026-02-23,SPY,682.39,-0.010211334000551076
2026-02-24,SPY,687.35,0.007268570758657056
2026-02-25,SPY,693.15,0.008438204699207086
2026-02-26,SPY,689.3,-0.005554353314578431
2026-02-27,SPY,685.99,-0.004801973016103189
2026-03-02,SPY,686.38,0.0005685214070176858
2026-03-03,SPY,680.33,-0.0088143593927561
2026-03-04,SPY,685.13,0.00705539958549517
2026-03-05,SPY,681.31,-0.005575584195700145
2026-03-06,SPY,672.38,-0.013107102493725264
2026-03-09,SPY,678.27,0.008759927421993385
2026-03-10,SPY,677.18,-0.0016070296489598679
2026-03-11,SPY,676.33,-0.0012552054106735877
2026-03-12,SPY,666.06,-0.015184894947732785
2026-03-13,SPY,662.29,-0.005660150737170744
2026-03-16,SPY,669.03,0.010176810762656752
2026-03-17,SPY,670.79,0.002630674259749277
2026-03-18,SPY,661.43,-0.013953696387841275
2026-03-19,SPY,659.8,-0.0024643575283854746
2026-03-20,SPY,648.57,-0.01702030918460129
2026-03-23,SPY,655.38,0.01050002312780407
2026-03-24,SPY,653.18,-0.0033568311513931803
2026-03-25,SPY,656.82,0.005572736458556715
2026-03-26,SPY,645.09,-0.017858774093358898
2026-03-27,SPY,634.09,-0.017051884233207804
2026-03-30,SPY,631.97,-0.003343373968994978
2026-03-31,SPY,650.34,0.029067835498520544
2026-04-01,SPY,655.24,0.0075345204047112535
2026-04-02,SPY,655.83,0.0009004334289726135
2026-04-06,SPY,658.93,0.004726834698016047
2026-04-07,SPY,659.22,0.0004401074469215782
2026-04-08,SPY,676.01,0.025469494250781155
2026-04-09,SPY,679.91,0.005769145426842703
2026-04-10,SPY,679.46,-0.0006618523039813029
2026-04-13,SPY,686.1,0.009772466370352895
2026-04-14,SPY,694.46,0.012184812709517656
2026-04-15,SPY,699.94,0.007891023241079376
2026-04-16,SPY,701.66,0.0024573534874416936
2026-04-17,SPY,710.14,0.012085625516631948
2026-04-20,SPY,710.14,0.0
2026-04-21,SPY,704.08,-0.008533528599994344
2026-04-22,SPY,711.21,0.010126690148846818
2026-04-23,SPY,708.45,-0.003880710338718507
2026-04-24,SPY,713.94,0.007749311878043619
2026-04-27,SPY,715.17,0.0017228338515840047
2026-04-28,SPY,711.69,-0.004865975921808707
2026-04-29,SPY,711.58,-0.00015456167713467917
2026-04-30,SPY,718.66,0.009949689423536245
2026-05-01,SPY,720.65,0.0027690423844377587
2026-05-04,SPY,718.01,-0.0036633594671476866
2026-05-05,SPY,723.77,0.00802217239314218
2026-05-06,SPY,733.83,0.013899443193279737
2026-05-07,SPY,731.58,-0.0030661052287314083
2026-05-08,SPY,737.62,0.008256103228628353
2026-05-11,SPY,739.3,0.002277595509883046
2026-05-12,SPY,738.18,-0.0015149465710807553
2026-05-13,SPY,742.31,0.005594841366604264
2026-05-14,SPY,748.17,0.007894275976344067
2026-05-15,SPY,739.17,-0.012029351617947825
2026-05-18,SPY,738.65,-0.0007034917542648733
2026-05-19,SPY,733.73,-0.006660800108305609
2026-05-20,SPY,741.25,0.010249001676365888
2026-05-21,SPY,742.72,0.001983136593591839
2026-05-22,SPY,745.64,0.003931495045239153
2025-01-10,TLT,85.46,
2025-01-13,TLT,85.43,-0.00035104142288777673
2025-01-14,TLT,85.29,-0.0016387685824651443
2025-01-15,TLT,86.76,0.017235314808301094
2025-01-16,TLT,87.04,0.0032272936837252075
2025-01-17,TLT,87.19,0.001723345588235281
2025-01-21,TLT,87.97,0.008945980043582935
2025-01-22,TLT,87.51,-0.005229055359781687
2025-01-23,TLT,86.83,-0.0077705405096560876
2025-01-24,TLT,87.22,0.0044915351836922746
2025-01-27,TLT,88.25,0.011809218069250171
2025-01-28,TLT,88.19,-0.000679886685552411
2025-01-29,TLT,88.01,-0.0020410477378386416
2025-01-30,TLT,88.34,0.0037495739120554372
2025-01-31,TLT,87.76,-0.006565542223228471
2025-02-03,TLT,88.16,0.004557885141294404
2025-02-04,TLT,88.43,0.003062613430127259
2025-02-05,TLT,89.89,0.016510234083455755
2025-02-06,TLT,89.85,-0.000444988319056705
2025-02-07,TLT,89.27,-0.006455203116304986
2025-02-10,TLT,89.0,-0.0030245323176878447
2025-02-11,TLT,88.43,-0.0064044943820223965
2025-02-12,TLT,87.23,-0.0135700554110596
2025-02-13,TLT,88.68,0.016622721540754393
2025-02-14,TLT,89.15,0.0052999548940009245
2025-02-18,TLT,88.1,-0.011777902411665875
2025-02-19,TLT,88.21,0.0012485811577751527
2025-02-20,TLT,88.54,0.003741072440766491
2025-02-21,TLT,89.61,0.0120849333634514
2025-02-24,TLT,89.87,0.002901461890414181
2025-02-25,TLT,91.42,0.017247134750194792
2025-02-26,TLT,91.96,0.005906803762852686
2025-02-27,TLT,91.31,-0.007068290561113466
2025-02-28,TLT,92.43,0.012265907348592675
2025-03-03,TLT,92.57,0.0015146597425077513
2025-03-04,TLT,91.43,-0.012315004861185974
2025-03-05,TLT,90.7,-0.007984250246089952
2025-03-06,TLT,90.4,-0.003307607497243681
2025-03-07,TLT,90.11,-0.0032079646017699748
2025-03-10,TLT,91.05,0.010431694595494312
2025-03-11,TLT,90.4,-0.007138934651290452
2025-03-12,TLT,89.86,-0.005973451327433654
2025-03-13,TLT,90.65,0.008791453371912006
2025-03-14,TLT,90.17,-0.005295091009376751
2025-03-17,TLT,90.62,0.004990573361428385
2025-03-18,TLT,90.71,0.0009931582432132213
2025-03-19,TLT,91.18,0.005181347150259308
2025-03-20,TLT,91.24,0.0006580390436496941
2025-03-21,TLT,90.7,-0.005918456817185391
2025-03-24,TLT,89.77,-0.010253583241455422
2025-03-25,TLT,89.76,-0.0001113957892390216
2025-03-26,TLT,89.17,-0.006573083778966149
2025-03-27,TLT,88.91,-0.0029157788493888726
2025-03-28,TLT,90.14,0.013834214374086162
2025-03-31,TLT,91.03,0.009873530064344438
2025-04-01,TLT,91.49,0.005053279138745426
2025-04-02,TLT,91.43,-0.0006558093780739682
2025-04-03,TLT,91.85,0.004593678223777653
2025-04-04,TLT,92.85,0.01088731627653794
2025-04-07,TLT,90.05,-0.03015616585891223
2025-04-08,TLT,88.35,-0.01887840088839532
2025-04-09,TLT,88.87,0.005885681946802501
2025-04-10,TLT,86.42,-0.027568358276133687
2025-04-11,TLT,86.89,0.005438555889840213
2025-04-14,TLT,87.51,0.007135458625848745
2025-04-15,TLT,87.82,0.0035424522911666756
2025-04-16,TLT,88.31,0.005579594625370277
2025-04-17,TLT,87.53,-0.008832521798210813
2025-04-21,TLT,86.0,-0.017479721238432555
2025-04-22,TLT,86.48,0.005581395348837281
2025-04-23,TLT,87.32,0.00971322849213685
2025-04-24,TLT,88.24,0.010535959688502183
2025-04-25,TLT,88.89,0.0073662737987307825
2025-04-28,TLT,89.45,0.0062999212509844416
2025-04-29,TLT,90.2,0.008384572386808342
2025-04-30,TLT,89.47,-0.00809312638580939
2025-05-01,TLT,88.69,-0.008718006035542625
2025-05-02,TLT,87.73,-0.010824219190438522
2025-05-05,TLT,87.24,-0.0055853185911319825
2025-05-06,TLT,87.53,0.003324163227877097
2025-05-07,TLT,87.9,0.0042271221295555605
2025-05-08,TLT,86.92,-0.0111490329920364
2025-05-09,TLT,87.05,0.001495628163828755
2025-05-12,TLT,86.24,-0.0093049971280873
2025-05-13,TLT,85.89,-0.0040584415584414835
2025-05-14,TLT,85.32,-0.00663639538945171
2025-05-15,TLT,86.07,0.008790436005625901
2025-05-16,TLT,86.3,0.002672243522714224
2025-05-19,TLT,86.05,-0.0028968713789108147
2025-05-20,TLT,85.43,-0.0072051133062172035
2025-05-21,TLT,83.97,-0.017090015217136934
2025-05-22,TLT,84.41,0.005239966654757566
2025-05-23,TLT,84.55,0.0016585712593295554
2025-05-27,TLT,85.73,0.013956238911886576
2025-05-28,TLT,85.36,-0.004315875422839177
2025-05-29,TLT,86.15,0.009254920337394612
2025-05-30,TLT,86.28,0.00150899593731868
2025-06-02,TLT,85.16,-0.012980992118683421
2025-06-03,TLT,85.01,-0.001761390324095724
2025-06-04,TLT,86.39,0.01623338430772847
2025-06-05,TLT,86.45,0.0006945248292626882
2025-06-06,TLT,85.35,-0.012724117987276018
2025-06-09,TLT,85.44,0.0010544815465729496
2025-06-10,TLT,85.88,0.005149812734082326
2025-06-11,TLT,86.14,0.0030274802049372607
2025-06-12,TLT,87.17,0.011957278848386377
2025-06-13,TLT,86.33,-0.009636342778478912
2025-06-16,TLT,85.46,-0.010077609174099389
2025-06-17,TLT,86.5,0.01216943599344722
2025-06-18,TLT,86.65,0.001734104046242857
2025-06-20,TLT,86.49,-0.0018465089440278248
2025-06-23,TLT,86.77,0.003237368481905367
2025-06-24,TLT,87.4,0.007260573931082259
2025-06-25,TLT,87.51,0.0012585812356979975
2025-06-26,TLT,87.95,0.005027996800365697
2025-06-27,TLT,87.39,-0.00636725412166006
2025-06-30,TLT,88.25,0.009840942899645322
2025-07-01,TLT,88.14,-0.0012464589235127166
2025-07-02,TLT,87.58,-0.006353528477422321
2025-07-03,TLT,86.97,-0.006965060516099575
2025-07-07,TLT,86.14,-0.009543520754283108
2025-07-08,TLT,86.03,-0.0012769909449732442
2025-07-09,TLT,86.93,0.010461466930140606
2025-07-10,TLT,86.99,0.0006902105142065906
2025-07-11,TLT,85.79,-0.0137946890447177
2025-07-14,TLT,85.61,-0.002098146637137255
2025-07-15,TLT,85.01,-0.007008527041233448
2025-07-16,TLT,85.13,0.0014115986354545917
2025-07-17,TLT,85.11,-0.00023493480559144686
2025-07-18,TLT,85.24,0.0015274350840088768
2025-07-21,TLT,86.0,0.008916001877053104
2025-07-22,TLT,86.52,0.006046511627906925
2025-07-23,TLT,86.04,-0.005547850208044269
2025-07-24,TLT,85.89,-0.0017433751743375359
2025-07-25,TLT,86.43,0.006287111421585889
2025-07-28,TLT,85.87,-0.006479231748235614
2025-07-29,TLT,87.32,0.016885990450681065
2025-07-30,TLT,86.87,-0.005153458543288969
2025-07-31,TLT,86.92,0.0005755726948313278
2025-08-01,TLT,87.82,0.010354348826506987
2025-08-04,TLT,88.06,0.0027328626736506934
2025-08-05,TLT,88.33,0.003066091301385354
2025-08-06,TLT,87.82,-0.005773802785010829
2025-08-07,TLT,87.67,-0.0017080391710315723
2025-08-08,TLT,87.29,-0.004334435953005533
2025-08-11,TLT,87.39,0.0011456065986938935
2025-08-12,TLT,86.95,-0.005034901018423188
2025-08-13,TLT,87.67,0.008280621046578451
2025-08-14,TLT,87.02,-0.007414166761720131
2025-08-15,TLT,86.4,-0.007124798896805173
2025-08-18,TLT,86.15,-0.0028935185185184897
2025-08-19,TLT,86.65,0.005803830528148479
2025-08-20,TLT,86.84,0.0021927293710328755
2025-08-21,TLT,86.41,-0.004951635191156267
2025-08-22,TLT,87.05,0.007406550167804671
2025-08-25,TLT,86.8,-0.0028719126938541173
2025-08-26,TLT,86.75,-0.0005760368663594306
2025-08-27,TLT,86.65,-0.0011527377521612925
2025-08-28,TLT,87.22,0.006578188113098626
2025-08-29,TLT,86.6,-0.007108461362072993
2025-09-02,TLT,85.63,-0.011200923787528905
2025-09-03,TLT,86.57,0.010977461170150526
2025-09-04,TLT,87.23,0.007623888182973548
2025-09-05,TLT,88.56,0.015247048033933286
2025-09-08,TLT,89.74,0.01332429990966566
2025-09-09,TLT,89.23,-0.005683084466235666
2025-09-10,TLT,89.74,0.005715566513504244
2025-09-11,TLT,90.34,0.006685981724983359
2025-09-12,TLT,89.95,-0.004317024573832207
2025-09-15,TLT,90.16,0.0023346303501945442
2025-09-16,TLT,90.35,0.002107364685004498
2025-09-17,TLT,90.12,-0.002545655783065759
2025-09-18,TLT,89.19,-0.010319573901464762
2025-09-19,TLT,89.02,-0.001906043278394498
2025-09-22,TLT,88.7,-0.003594697820714421
2025-09-23,TLT,89.32,0.006989853438556848
2025-09-24,TLT,88.98,-0.003806538289296779
2025-09-25,TLT,88.98,0.0
2025-09-26,TLT,88.9,-0.0008990784445942479
2025-09-29,TLT,89.63,0.008211473565804095
2025-09-30,TLT,89.37,-0.002900814459444234
2025-10-01,TLT,89.29,-0.0008951549737048481
2025-10-02,TLT,89.55,0.0029118602307087738
2025-10-03,TLT,89.38,-0.0018983807928532048
2025-10-06,TLT,88.67,-0.007943611546207152
2025-10-07,TLT,89.18,0.005751663471298185
2025-10-08,TLT,89.25,0.0007849293563577664
2025-10-09,TLT,89.18,-0.0007843137254901489
2025-10-10,TLT,90.62,0.01614711818793446
2025-10-13,TLT,90.57,-0.0005517545795631351
2025-10-14,TLT,90.86,0.0032019432483163524
2025-10-15,TLT,90.66,-0.0022011886418666915
2025-10-16,TLT,91.34,0.007500551511140596
2025-10-17,TLT,91.2,-0.0015327348368732174
2025-10-20,TLT,91.55,0.003837719298245501
2025-10-21,TLT,92.0,0.004915346805024701
2025-10-22,TLT,92.06,0.0006521739130433968
2025-10-23,TLT,91.43,-0.006843363024114701
2025-10-24,TLT,91.47,0.0004374931641693003
2025-10-27,TLT,91.78,0.0033890893189023608
2025-10-28,TLT,92.02,0.0026149487905862134
2025-10-29,TLT,91.09,-0.010106498587263535
2025-10-30,TLT,90.56,-0.005818421341530322
2025-10-31,TLT,90.29,-0.0029814487632507936
2025-11-03,TLT,89.74,-0.006091482999224795
2025-11-04,TLT,89.94,0.002228660574994379
2025-11-05,TLT,88.96,-0.010896152990882868
2025-11-06,TLT,89.76,0.00899280575539585
2025-11-07,TLT,89.57,-0.0021167557932265657
2025-11-10,TLT,89.55,-0.0002232890476722149
2025-11-11,TLT,89.96,0.0045784477945280955
2025-11-12,TLT,90.12,0.0017785682525568447
2025-11-13,TLT,89.38,-0.008211273857079537
2025-11-14,TLT,88.87,-0.00570597449093746
2025-11-17,TLT,89.09,0.0024755260492854703
2025-11-18,TLT,89.06,-0.000336738129980918
2025-11-19,TLT,88.88,-0.002021109364473417
2025-11-20,TLT,89.23,0.003937893789379032
2025-11-21,TLT,89.5,0.003025888154208234
2025-11-24,TLT,90.01,0.00569832402234649
2025-11-25,TLT,90.24,0.002555271636484724
2025-11-26,TLT,90.64,0.004432624113475336
2025-11-28,TLT,90.21,-0.004744042365401713
2025-12-01,TLT,88.77,-0.01596275357499166
2025-12-02,TLT,88.81,0.00045060268108598756
2025-12-03,TLT,89.06,0.0028149983110010712
2025-12-04,TLT,88.58,-0.0053896249719290745
2025-12-05,TLT,88.17,-0.00462858433054858
2025-12-08,TLT,87.88,-0.0032891006011115387
2025-12-09,TLT,87.97,0.0010241238051889034
2025-12-10,TLT,88.31,0.0038649539615778217
2025-12-11,TLT,88.19,-0.0013588495074171592
2025-12-12,TLT,87.34,-0.009638280984238468
2025-12-15,TLT,87.4,0.0006869704602703308
2025-12-16,TLT,87.88,0.005491990846681727
2025-12-17,TLT,87.8,-0.000910332271279013
2025-12-18,TLT,88.22,0.004783599088838297
2025-12-19,TLT,87.55,-0.00759464973928814
2025-12-22,TLT,87.36,-0.0021701884637349567
2025-12-23,TLT,87.5,0.0016025641025640969
2025-12-24,TLT,88.03,0.006057142857142761
2025-12-26,TLT,87.74,-0.0032943314779053656
2025-12-29,TLT,88.07,0.0037611123774790034
2025-12-30,TLT,87.86,-0.0023844669013284303
2025-12-31,TLT,87.16,-0.007967220578192657
2026-01-02,TLT,87.03,-0.001491509866911378
2026-01-05,TLT,87.46,0.0049408250028724066
2026-01-06,TLT,87.28,-0.002058083695403501
2026-01-07,TLT,87.79,0.0058432630614115855
2026-01-08,TLT,87.35,-0.005011960359949996
2026-01-09,TLT,87.93,0.006639954207212417
2026-01-12,TLT,87.67,-0.002956897532127911
2026-01-13,TLT,87.82,0.0017109615603967399
2026-01-14,TLT,88.33,0.005807333181507612
2026-01-15,TLT,88.31,-0.0002264236386277929
2026-01-16,TLT,87.8,-0.005775110406522566
2026-01-20,TLT,86.65,-0.013097949886104687
2026-01-21,TLT,87.31,0.007616849394114222
2026-01-22,TLT,87.69,0.004352307868514371
2026-01-23,TLT,87.93,0.002736914129319201
2026-01-26,TLT,88.35,0.004776526782667823
2026-01-27,TLT,87.8,-0.006225240520656428
2026-01-28,TLT,87.6,-0.002277904328018221
2026-01-29,TLT,87.62,0.00022831050228311334
2026-01-30,TLT,87.13,-0.005592330518146671
2026-02-02,TLT,86.55,-0.006656719843911363
2026-02-03,TLT,86.76,0.002426343154246169
2026-02-04,TLT,86.54,-0.0025357307514983773
2026-02-05,TLT,87.48,0.010862029119482308
2026-02-06,TLT,87.54,0.000685871056241405
2026-02-09,TLT,87.52,-0.00022846698652057018
2026-02-10,TLT,88.53,0.011540219378427752
2026-02-11,TLT,88.06,-0.005308934824353351
2026-02-12,TLT,89.23,0.013286395639336757
2026-02-13,TLT,89.72,0.005491426650229725
2026-02-17,TLT,89.87,0.0016718680338831948
2026-02-18,TLT,89.53,-0.003783242461333103
2026-02-19,TLT,89.62,0.0010052496369932218
2026-02-20,TLT,89.41,-0.002343226958268385
2026-02-23,TLT,89.74,0.0036908623196509893
2026-02-24,TLT,89.9,0.0017829284599957251
2026-02-25,TLT,89.91,0.0001112347052278917
2026-02-26,TLT,90.27,0.004004004004003914
2026-02-27,TLT,90.82,0.006092832613271204
2026-03-02,TLT,89.61,-0.013323056595463512
2026-03-03,TLT,89.43,-0.002008704385671134
2026-03-04,TLT,89.15,-0.0031309404003131425
2026-03-05,TLT,88.79,-0.004038137969713973
2026-03-06,TLT,88.46,-0.003716634756166348
2026-03-09,TLT,89.23,0.008704499208681993
2026-03-10,TLT,88.28,-0.010646643505547448
2026-03-11,TLT,87.14,-0.012913457181694565
2026-03-12,TLT,86.97,-0.0019508836355290882
2026-03-13,TLT,86.54,-0.004944233643785156
2026-03-16,TLT,87.21,0.0077420845851627895
2026-03-17,TLT,87.45,0.002751977984176257
2026-03-18,TLT,86.955,-0.005660377358490565
2026-03-19,TLT,87.49,0.0061526076706341915
2026-03-20,TLT,85.83,-0.01897359698251222
2026-03-23,TLT,86.385,0.006466270534778218
2026-03-24,TLT,86.01,-0.004341031429067499
2026-03-25,TLT,86.84,0.00965004069294273
2026-03-26,TLT,86.11,-0.008406264394288376
2026-03-27,TLT,85.64,-0.00545813494367664
2026-03-30,TLT,86.78,0.013311536665109758
2026-03-31,TLT,86.69,-0.001037105323807408
2026-04-01,TLT,86.26,-0.004960203022263188
2026-04-02,TLT,86.79,0.006144215163459421
2026-04-06,TLT,86.65,-0.001613089065560569
2026-04-07,TLT,86.64,-0.00011540680900179456
2026-04-08,TLT,86.92,0.003231763619575334
2026-04-09,TLT,86.7,-0.0025310630464795425
2026-04-10,TLT,86.49,-0.0024221453287197603
2026-04-13,TLT,86.75,0.0030061278760551424
2026-04-14,TLT,87.21,0.005302593659942234
2026-04-15,TLT,86.83,-0.004357298474945481
2026-04-16,TLT,86.28,-0.006334216284694216
2026-04-17,TLT,87.07,0.009156235512285393
2026-04-20,TLT,87.05,-0.00022970024118518229
2026-04-21,TLT,86.57,-0.0055140723721999185
2026-04-22,TLT,86.74,0.001963728774402318
2026-04-23,TLT,86.55,-0.002190454231035255
2026-04-24,TLT,86.71,0.0018486424032351234
2026-04-27,TLT,86.28,-0.00495905893207238
2026-04-28,TLT,86.37,0.0010431154381085328
2026-04-29,TLT,85.7,-0.007757323144610417
2026-04-30,TLT,85.62,-0.0009334889148191472
2026-05-01,TLT,85.61,-0.00011679514132223456
2026-05-04,TLT,84.96,-0.0075925709613363646
2026-05-05,TLT,85.43,0.005532015065913498
2026-05-06,TLT,86.08,0.007608568418588257
2026-05-07,TLT,85.65,-0.0049953531598512235
2026-05-08,TLT,86.08,0.005020431990659491
2026-05-11,TLT,85.56,-0.0060408921933085
2026-05-12,TLT,84.99,-0.006661991584852811
2026-05-13,TLT,84.8,-0.0022355571243675154
2026-05-14,TLT,84.92,0.0014150943396227245
2026-05-15,TLT,83.66,-0.014837494112105554
2026-05-18,TLT,83.56,-0.0011953143676786127
2026-05-19,TLT,83.02,-0.006462422211584551
2026-05-20,TLT,83.91,0.010720308359431385
2026-05-21,TLT,84.22,0.003694434513168865
2026-05-22,TLT,84.68,0.005461885537877187
2025-01-10,TSLA,394.74,
2025-01-13,TSLA,403.31,0.021710492982722762
2025-01-14,TSLA,396.36,-0.0172324018744886
2025-01-15,TSLA,428.22,0.0803814713896458
2025-01-16,TSLA,413.82,-0.033627574611181266
2025-01-17,TSLA,426.5,0.03064134164612642
2025-01-21,TSLA,424.07,-0.005697538100820632
2025-01-22,TSLA,415.11,-0.02112858726153699
2025-01-23,TSLA,412.38,-0.00657657006576573
2025-01-24,TSLA,406.58,-0.01406469760900142
2025-01-27,TSLA,397.15,-0.023193467460278394
2025-01-28,TSLA,398.09,0.002366863905325367
2025-01-29,TSLA,389.1,-0.02258283302770714
2025-01-30,TSLA,400.28,0.02873297352865567
2025-01-31,TSLA,404.6,0.010792445288298369
2025-02-03,TSLA,383.68,-0.05170538803756797
2025-02-04,TSLA,392.21,0.02223206839032521
2025-02-05,TSLA,378.17,-0.03579714948624457
2025-02-06,TSLA,374.32,-0.010180606605494913
2025-02-07,TSLA,361.62,-0.033928189784141916
2025-02-10,TSLA,350.73,-0.030114484818317577
2025-02-11,TSLA,328.5,-0.06338208878624585
2025-02-12,TSLA,336.51,0.024383561643835483
2025-02-13,TSLA,355.94,0.05773974027517759
2025-02-14,TSLA,355.84,-0.00028094622689223137
2025-02-18,TSLA,354.11,-0.004861735611510709
2025-02-19,TSLA,360.56,0.018214679054531002
2025-02-20,TSLA,354.4,-0.01708453516751729
2025-02-21,TSLA,337.8,-0.04683972911963874
2025-02-24,TSLA,330.53,-0.021521610420367154
2025-02-25,TSLA,302.8,-0.08389556167367551
2025-02-26,TSLA,290.8,-0.039630118890356725
2025-02-27,TSLA,281.95,-0.03043328748280616
2025-02-28,TSLA,292.98,0.03912041142046463
2025-03-03,TSLA,284.65,-0.028431974878831423
2025-03-04,TSLA,272.04,-0.044300017565431116
2025-03-05,TSLA,279.1,0.02595206587266574
2025-03-06,TSLA,263.45,-0.05607309208169131
2025-03-07,TSLA,262.67,-0.0029607136078951823
2025-03-10,TSLA,222.15,-0.15426200175124682
2025-03-11,TSLA,230.58,0.03794733288318697
2025-03-12,TSLA,248.09,0.07593893659467432
2025-03-13,TSLA,240.68,-0.02986819299447785
2025-03-14,TSLA,249.98,0.03864051853082917
2025-03-17,TSLA,238.01,-0.04788383070645652
2025-03-18,TSLA,225.31,-0.05335910255871601
2025-03-19,TSLA,235.86,0.04682437530513517
2025-03-20,TSLA,236.26,0.0016959213092511138
2025-03-21,TSLA,248.71,0.05269618217218319
2025-03-24,TSLA,278.39,0.11933577258654648
2025-03-25,TSLA,288.14,0.035022809727360826
2025-03-26,TSLA,272.06,-0.05580620531685976
2025-03-27,TSLA,273.13,0.003932955965595841
2025-03-28,TSLA,263.55,-0.0350748727712078
2025-03-31,TSLA,259.16,-0.016657180800607074
2025-04-01,TSLA,268.46,0.03588516746411474
2025-04-02,TSLA,282.76,0.05326678089845793
2025-04-03,TSLA,267.28,-0.054746074409393164
2025-04-04,TSLA,239.43,-0.10419784495659967
2025-04-07,TSLA,233.29,-0.025644238399532338
2025-04-08,TSLA,221.86,-0.04899481332247413
2025-04-09,TSLA,272.2,0.2268998467502028
2025-04-10,TSLA,252.4,-0.07274063188831736
2025-04-11,TSLA,252.31,-0.0003565768621236476
2025-04-14,TSLA,252.35,0.00015853513534924701
2025-04-15,TSLA,254.11,0.006974440261541481
2025-04-16,TSLA,241.55,-0.04942741332493805
2025-04-17,TSLA,241.37,-0.000745187331815389
2025-04-21,TSLA,227.5,-0.057463645026308185
2025-04-22,TSLA,237.97,0.04602197802197794
2025-04-23,TSLA,250.74,0.05366222633105022
2025-04-24,TSLA,259.51,0.03497646964983647
2025-04-25,TSLA,284.95,0.09803090439674778
2025-04-28,TSLA,285.88,0.0032637304790315014
2025-04-29,TSLA,292.03,0.02151252273681248
2025-04-30,TSLA,282.16,-0.033797897476286476
2025-05-01,TSLA,280.52,-0.00581230507513486
2025-05-02,TSLA,287.21,0.02384856694709825
2025-05-05,TSLA,280.26,-0.024198321785453114
2025-05-06,TSLA,275.35,-0.01751944622850199
2025-05-07,TSLA,276.22,0.003159615035409402
2025-05-08,TSLA,284.82,0.031134602852798343
2025-05-09,TSLA,298.26,0.047187697493153546
2025-05-12,TSLA,318.38,0.06745792261785022
2025-05-13,TSLA,334.07,0.049280733714429203
2025-05-14,TSLA,347.68,0.04073996467806151
2025-05-15,TSLA,342.82,-0.013978370915784688
2025-05-16,TSLA,349.98,0.020885595939560186
2025-05-19,TSLA,342.09,-0.022544145379736147
2025-05-20,TSLA,343.82,0.005057148703557557
2025-05-21,TSLA,334.62,-0.02675818742365188
2025-05-22,TSLA,341.04,0.019185942262865296
2025-05-23,TSLA,339.34,-0.004984752521698499
2025-05-27,TSLA,362.89,0.06939942240820418
2025-05-28,TSLA,356.9,-0.016506379343602773
2025-05-29,TSLA,358.43,0.004286915102269528
2025-05-30,TSLA,346.46,-0.033395642105850554
2025-06-02,TSLA,342.69,-0.010881487040350968
2025-06-03,TSLA,344.27,0.004610580991566637
2025-06-04,TSLA,332.05,-0.03549539605542151
2025-06-05,TSLA,284.7,-0.14259900617376908
2025-06-06,TSLA,295.14,0.03667017913593251
2025-06-09,TSLA,308.58,0.0455377109168531
2025-06-10,TSLA,326.09,0.05674379415386599
2025-06-11,TSLA,326.43,0.001042656935202002
2025-06-12,TSLA,319.11,-0.02242440952118374
2025-06-13,TSLA,325.31,0.01942903700918186
2025-06-16,TSLA,329.13,0.011742645476622293
2025-06-17,TSLA,316.35,-0.03882964178288206
2025-06-18,TSLA,322.05,0.018018018018018056
2025-06-20,TSLA,322.16,0.00034156186927503107
2025-06-23,TSLA,348.68,0.08231934442513023
2025-06-24,TSLA,340.47,-0.023545944705747335
2025-06-25,TSLA,327.55,-0.03794754310218229
2025-06-26,TSLA,325.78,-0.005403755151885292
2025-06-27,TSLA,323.63,-0.006599545705690879
2025-06-30,TSLA,317.66,-0.01844699193523458
2025-07-01,TSLA,300.71,-0.053358937228483394
2025-07-02,TSLA,315.65,0.04968241827674502
2025-07-03,TSLA,315.35,-0.0009504197687310034
2025-07-07,TSLA,293.94,-0.06789281750436027
2025-07-08,TSLA,297.81,0.013165952235149936
2025-07-09,TSLA,295.88,-0.006480642020079919
2025-07-10,TSLA,309.87,0.047282682168446666
2025-07-11,TSLA,313.51,0.011746861587117241
2025-07-14,TSLA,316.9,0.010813052215240315
2025-07-15,TSLA,310.78,-0.019312085831492576
2025-07-16,TSLA,321.67,0.03504086492052272
2025-07-17,TSLA,319.41,-0.0070258339291821015
2025-07-18,TSLA,329.65,0.03205910898218578
2025-07-21,TSLA,328.49,-0.0035188836644926003
2025-07-22,TSLA,332.11,0.011020122378154529
2025-07-23,TSLA,332.56,0.0013549727499924114
2025-07-24,TSLA,305.3,-0.08197017079624724
2025-07-25,TSLA,316.06,0.0352440222731738
2025-07-28,TSLA,325.59,0.03015250268936276
2025-07-29,TSLA,321.2,-0.013483215086458333
2025-07-30,TSLA,319.04,-0.006724782067247692
2025-07-31,TSLA,308.27,-0.03375752256770326
2025-08-01,TSLA,302.63,-0.018295649917280277
2025-08-04,TSLA,309.26,0.021907940389254144
2025-08-05,TSLA,308.72,-0.0017461036021469978
2025-08-06,TSLA,319.91,0.03624643690075158
2025-08-07,TSLA,322.27,0.007377074802288108
2025-08-08,TSLA,329.65,0.022900052750798983
2025-08-11,TSLA,339.03,0.02845442135598364
2025-08-12,TSLA,340.84,0.005338760581659496
2025-08-13,TSLA,339.38,-0.004283534796385324
2025-08-14,TSLA,335.58,-0.011196888443632536
2025-08-15,TSLA,330.56,-0.014959175159425464
2025-08-18,TSLA,335.16,0.013915779283639962
2025-08-19,TSLA,329.31,-0.017454350161117183
2025-08-20,TSLA,323.9,-0.016428289453706335
2025-08-21,TSLA,320.11,-0.011701142327878888
2025-08-22,TSLA,340.01,0.06216613039267749
2025-08-25,TSLA,346.6,0.019381782888738597
2025-08-26,TSLA,351.67,0.014627813040969384
2025-08-27,TSLA,349.6,-0.005886200130804431
2025-08-28,TSLA,345.98,-0.010354691075514899
2025-08-29,TSLA,333.87,-0.035002023238337565
2025-09-02,TSLA,329.36,-0.013508251714739239
2025-09-03,TSLA,334.09,0.014361185329123005
2025-09-04,TSLA,338.53,0.013289832081175623
2025-09-05,TSLA,350.84,0.036363099282190614
2025-09-08,TSLA,346.4,-0.012655341466195402
2025-09-09,TSLA,346.97,0.0016454965357968199
2025-09-10,TSLA,347.79,0.0023633167132603994
2025-09-11,TSLA,368.81,0.06043877052244162
2025-09-12,TSLA,395.94,0.07356091212277316
2025-09-15,TSLA,410.04,0.03561145628125484
2025-09-16,TSLA,421.62,0.028241147205150696
2025-09-17,TSLA,425.86,0.01005644893506008
2025-09-18,TSLA,416.85,-0.021157187808199862
2025-09-19,TSLA,426.07,0.022118267962096594
2025-09-22,TSLA,434.21,0.01910484192738271
2025-09-23,TSLA,425.85,-0.019253356670735244
2025-09-24,TSLA,442.79,0.03977926499941287
2025-09-25,TSLA,423.39,-0.043813094243320805
2025-09-26,TSLA,440.4,0.04017572450931772
2025-09-29,TSLA,443.21,0.006380563124432248
2025-09-30,TSLA,444.72,0.0034069628392863205
2025-10-01,TSLA,459.46,0.03314445044072656
2025-10-02,TSLA,436.0,-0.051059939929482434
2025-10-03,TSLA,429.83,-0.014151376146789074
2025-10-06,TSLA,453.25,0.054486657515762094
2025-10-07,TSLA,433.09,-0.04447876447876453
2025-10-08,TSLA,438.69,0.012930337805075132
2025-10-09,TSLA,435.54,-0.007180469123982736
2025-10-10,TSLA,413.49,-0.0506268081002893
2025-10-13,TSLA,435.9,0.05419719944859591
2025-10-14,TSLA,429.24,-0.015278733654507826
2025-10-15,TSLA,435.15,0.013768521107072829
2025-10-16,TSLA,428.75,-0.01470757210157414
2025-10-17,TSLA,439.31,0.024629737609329405
2025-10-20,TSLA,447.43,0.01848353099178257
2025-10-21,TSLA,442.6,-0.010794984690342568
2025-10-22,TSLA,438.97,-0.008201536375960217
2025-10-23,TSLA,448.98,0.022803380641046145
2025-10-24,TSLA,433.72,-0.033988150919862736
2025-10-27,TSLA,452.42,0.043115373973992455
2025-10-28,TSLA,460.55,0.01797002785022772
2025-10-29,TSLA,461.51,0.0020844642275539282
2025-10-30,TSLA,440.1,-0.04639119412363757
2025-10-31,TSLA,456.56,0.03740059077482383
2025-11-03,TSLA,468.37,0.025867355878745446
2025-11-04,TSLA,444.26,-0.051476396865725804
2025-11-05,TSLA,462.07,0.04008913699185168
2025-11-06,TSLA,445.91,-0.03497305603047152
2025-11-07,TSLA,429.52,-0.03675629611356557
2025-11-10,TSLA,445.23,0.03657571242317004
2025-11-11,TSLA,439.62,-0.012600229095074522
2025-11-12,TSLA,430.6,-0.020517719848960447
2025-11-13,TSLA,401.99,-0.06644217371110084
2025-11-14,TSLA,404.35,0.005870792805791281
2025-11-17,TSLA,408.92,0.011302089773710833
2025-11-18,TSLA,401.25,-0.018756725031791044
2025-11-19,TSLA,403.99,0.006828660436137168
2025-11-20,TSLA,395.23,-0.02168370504220396
2025-11-21,TSLA,391.09,-0.010474913341598668
2025-11-24,TSLA,417.78,0.06824516096039268
2025-11-25,TSLA,419.4,0.0038776389487289453
2025-11-26,TSLA,426.58,0.017119694802098184
2025-11-28,TSLA,430.17,0.008415771953678153
2025-12-01,TSLA,430.14,-6.97398702839136e-05
2025-12-02,TSLA,429.24,-0.0020923420281768745
2025-12-03,TSLA,446.74,0.040769732550554494
2025-12-04,TSLA,454.53,0.017437435644894084
2025-12-05,TSLA,455.0,0.0010340351571953565
2025-12-08,TSLA,439.58,-0.033890109890109876
2025-12-09,TSLA,445.17,0.012716684107557219
2025-12-10,TSLA,451.45,0.014106970370869387
2025-12-11,TSLA,446.89,-0.01010078635507805
2025-12-12,TSLA,458.96,0.027008883617892554
2025-12-15,TSLA,475.31,0.035624019522398465
2025-12-16,TSLA,489.88,0.03065367865182722
2025-12-17,TSLA,467.26,-0.04617457336490571
2025-12-18,TSLA,483.37,0.03447759277490059
2025-12-19,TSLA,481.2,-0.004489314603719707
2025-12-22,TSLA,488.73,0.015648379052369155
2025-12-23,TSLA,485.56,-0.006486198923741138
2025-12-24,TSLA,485.4,-0.00032951643463219327
2025-12-26,TSLA,475.19,-0.0210341985990935
2025-12-29,TSLA,459.64,-0.032723752604221445
2025-12-30,TSLA,454.43,-0.011334957793055378
2025-12-31,TSLA,449.72,-0.010364632616684633
2026-01-02,TSLA,438.07,-0.02590500756025982
2026-01-05,TSLA,451.67,0.031045266738192634
2026-01-06,TSLA,432.96,-0.04142404853100723
2026-01-07,TSLA,431.41,-0.0035800073909828534
2026-01-08,TSLA,435.8,0.010175934725666913
2026-01-09,TSLA,445.01,0.021133547498852545
2026-01-12,TSLA,448.96,0.00887620502910047
2026-01-13,TSLA,447.2,-0.003920171062009925
2026-01-14,TSLA,439.2,-0.017889087656529523
2026-01-15,TSLA,438.57,-0.0014344262295081789
2026-01-16,TSLA,437.5,-0.002439747360740596
2026-01-20,TSLA,419.25,-0.041714285714285704
2026-01-21,TSLA,431.44,0.029075730471079364
2026-01-22,TSLA,449.36,0.04153532356758771
2026-01-23,TSLA,449.06,-0.0006676161652128254
2026-01-26,TSLA,435.2,-0.030864472453569713
2026-01-27,TSLA,430.9,-0.00988051470588236
2026-01-28,TSLA,431.46,0.0012996054769087717
2026-01-29,TSLA,416.56,-0.03453390812589807
2026-01-30,TSLA,430.41,0.03324851161897446
2026-02-02,TSLA,421.81,-0.0199809483980391
2026-02-03,TSLA,421.96,0.0003556103458903781
2026-02-04,TSLA,406.01,-0.03779979144942647
2026-02-05,TSLA,397.21,-0.02167434299647797
2026-02-06,TSLA,411.11,0.034994083734045
2026-02-09,TSLA,417.32,0.015105446230935682
2026-02-10,TSLA,425.21,0.018906354835617645
2026-02-11,TSLA,428.27,0.0071964441099692245
2026-02-12,TSLA,417.07,-0.02615172671445576
2026-02-13,TSLA,417.44,0.000887141247272627
2026-02-17,TSLA,410.63,-0.016313721732464592
2026-02-18,TSLA,411.32,0.0016803448359836715
2026-02-19,TSLA,411.71,0.0009481668773703156
2026-02-20,TSLA,411.82,0.0002671783536956074
2026-02-23,TSLA,399.83,-0.029114661745422765
2026-02-24,TSLA,409.38,0.023885151189255494
2026-02-25,TSLA,417.4,0.019590600420147597
2026-02-26,TSLA,408.58,-0.02113080977479631
2026-02-27,TSLA,402.51,-0.014856331685349278
2026-03-02,TSLA,403.32,0.0020123723634195567
2026-03-03,TSLA,392.43,-0.027000892591490633
2026-03-04,TSLA,405.94,0.03442652192747753
2026-03-05,TSLA,405.55,-0.000960733113267942
2026-03-06,TSLA,396.73,-0.02174824312661816
2026-03-09,TSLA,398.68,0.00491518160965887
2026-03-10,TSLA,399.235,0.001392093909902803
2026-03-11,TSLA,407.82,0.021503625684120786
2026-03-12,TSLA,395.01,-0.031410916580844495
2026-03-13,TSLA,391.2,-0.009645325434799124
2026-03-16,TSLA,395.56,0.011145194274028603
2026-03-17,TSLA,399.27,0.009379108099908828
2026-03-18,TSLA,392.78,-0.016254664763192817
2026-03-19,TSLA,380.3,-0.03177351188960731
2026-03-20,TSLA,367.96,-0.032448067315277496
2026-03-23,TSLA,380.85,0.035030981628437985
2026-03-24,TSLA,383.03,0.00572403833530255
2026-03-25,TSLA,385.95,0.007623423752708636
2026-03-26,TSLA,372.11,-0.03585956730146389
2026-03-27,TSLA,361.83,-0.02762623955282051
2026-03-30,TSLA,355.28,-0.01810242379017779
2026-03-31,TSLA,371.75,0.046357802296780104
2026-04-01,TSLA,381.26,0.025581708137188963
2026-04-02,TSLA,360.59,-0.054214971410585955
2026-04-06,TSLA,352.82,-0.021548018525194723
2026-04-07,TSLA,346.65,-0.017487670766963337
2026-04-08,TSLA,343.25,-0.009808163854031382
2026-04-09,TSLA,345.62,0.006904588492352426
2026-04-10,TSLA,348.95,0.009634859093802461
2026-04-13,TSLA,352.42,0.009944118068491159
2026-04-14,TSLA,364.2,0.03342602576471254
2026-04-15,TSLA,391.95,0.07619439868204281
2026-04-16,TSLA,388.9,-0.007781604796530228
2026-04-17,TSLA,400.62,0.030136281820519528
2026-04-20,TSLA,392.5,-0.02026858369527229
2026-04-21,TSLA,386.42,-0.015490445859872581
2026-04-22,TSLA,387.51,0.002820764970757228
2026-04-23,TSLA,373.72,-0.03558617842120193
2026-04-24,TSLA,376.3,0.006903564165685605
2026-04-27,TSLA,378.67,0.006298166356630386
2026-04-28,TSLA,376.02,-0.006998177832941654
2026-04-29,TSLA,372.8,-0.008563374288601544
2026-04-30,TSLA,381.63,0.023685622317596522
2026-05-01,TSLA,390.82,0.024080916070539526
2026-05-04,TSLA,392.51,0.004324241338723667
2026-05-05,TSLA,389.37,-0.007999796183536745
2026-05-06,TSLA,398.73,0.024038831959318996
2026-05-07,TSLA,411.79,0.032753993930729974
2026-05-08,TSLA,428.35,0.040214672527258966
2026-05-11,TSLA,445.0,0.03887008287615257
2026-05-12,TSLA,433.45,-0.025955056179775338
2026-05-13,TSLA,445.27,0.027269581266581966
2026-05-14,TSLA,443.3,-0.004424281896377447
2026-05-15,TSLA,422.24,-0.0475073313782991
2026-05-18,TSLA,409.99,-0.029011936339522593
2026-05-19,TSLA,404.11,-0.014341813214956423
2026-05-20,TSLA,417.26,0.0325406448739205
2026-05-21,TSLA,417.85,0.0014139864832478644
2026-05-22,TSLA,426.01,0.019528538949383778
2025-01-10,USO,80.64,
2025-01-13,USO,82.23,0.019717261904761862
2025-01-14,USO,81.67,-0.006810166605861645
2025-01-15,USO,84.34,0.03269254316150372
2025-01-16,USO,82.94,-0.016599478302110615
2025-01-17,USO,82.52,-0.005063901615625754
2025-01-21,USO,81.11,-0.017086766844401358
2025-01-22,USO,80.43,-0.00838367648871896
2025-01-23,USO,79.21,-0.015168469476563584
2025-01-24,USO,79.6,0.004923620754955227
2025-01-27,USO,77.93,-0.020979899497487242
2025-01-28,USO,78.86,0.011933786731682217
2025-01-29,USO,77.78,-0.013695155972609618
2025-01-30,USO,77.75,-0.0003857032656210402
2025-01-31,USO,78.02,0.003472668810289292
2025-02-03,USO,77.82,-0.0025634452704434985
2025-02-04,USO,77.51,-0.003983551786173045
2025-02-05,USO,76.09,-0.018320216746226303
2025-02-06,USO,75.45,-0.008411092127743491
2025-02-07,USO,75.86,0.005434062292909214
2025-02-10,USO,77.4,0.020300553651463327
2025-02-11,USO,78.27,0.011240310077519355
2025-02-12,USO,76.32,-0.024913760061326173
2025-02-13,USO,76.39,0.0009171907756815312
2025-02-14,USO,75.82,-0.007461709647859749
2025-02-18,USO,76.96,0.015035610656818799
2025-02-19,USO,77.45,0.00636694386694403
2025-02-20,USO,77.76,0.004002582311168457
2025-02-21,USO,75.35,-0.030992798353909556
2025-02-24,USO,75.97,0.00822826808228272
2025-02-25,USO,74.13,-0.02422008687639865
2025-02-26,USO,73.85,-0.0037771482530689626
2025-02-27,USO,75.28,0.0193635748138119
2025-02-28,USO,75.22,-0.0007970244420829609
2025-03-03,USO,73.32,-0.025259239563945823
2025-03-04,USO,73.31,-0.00013638843426067027
2025-03-05,USO,71.42,-0.025780930296003257
2025-03-06,USO,71.13,-0.004060487258471079
2025-03-07,USO,72.09,0.013496415014761842
2025-03-10,USO,70.89,-0.016645859342488634
2025-03-11,USO,71.45,0.007899562702778917
2025-03-12,USO,72.8,0.018894331700489708
2025-03-13,USO,71.62,-0.01620879120879115
2025-03-14,USO,72.28,0.009215302987992224
2025-03-17,USO,72.71,0.005949086884338595
2025-03-18,USO,72.21,-0.006876633200385118
2025-03-19,USO,72.42,0.002908184461986041
2025-03-20,USO,73.73,0.018088925711129633
2025-03-21,USO,73.79,0.0008137800081378099
2025-03-24,USO,74.88,0.014771649274969434
2025-03-25,USO,74.82,-0.0008012820512820484
2025-03-26,USO,75.42,0.008019246190858142
2025-03-27,USO,75.48,0.0007955449482897059
2025-03-28,USO,74.77,-0.009406465288818389
2025-03-31,USO,77.33,0.03423833088136963
2025-04-01,USO,77.08,-0.003232897969740023
2025-04-02,USO,77.74,0.00856253243383498
2025-04-03,USO,72.25,-0.07062001543606888
2025-04-04,USO,67.92,-0.05993079584775085
2025-04-07,USO,65.98,-0.0285630153121319
2025-04-08,USO,63.34,-0.040012124886329214
2025-04-09,USO,67.58,0.06694032207136091
2025-04-10,USO,65.32,-0.03344184670020722
2025-04-11,USO,66.46,0.01745254133496643
2025-04-14,USO,66.66,0.0030093289196508888
2025-04-15,USO,66.48,-0.0027002700270025715
2025-04-16,USO,67.75,0.019103489771359783
2025-04-17,USO,69.48,0.02553505535055356
2025-04-21,USO,68.62,-0.012377662636730014
2025-04-22,USO,69.37,0.010929758088020991
2025-04-23,USO,68.05,-0.01902839844313109
2025-04-24,USO,68.46,0.006024981631153503
2025-04-25,USO,69.03,0.008326029798422452
2025-04-28,USO,67.76,-0.018397798058814918
2025-04-29,USO,65.85,-0.02818772136953973
2025-04-30,USO,63.56,-0.03477600607441145
2025-05-01,USO,64.52,0.01510383889238498
2025-05-02,USO,64.01,-0.007904525728456124
2025-05-05,USO,62.37,-0.025620996719262767
2025-05-06,USO,64.6,0.035754369087702464
2025-05-07,USO,63.51,-0.016873065015479805
2025-05-08,USO,65.6,0.032908203432530314
2025-05-09,USO,66.61,0.01539634146341462
2025-05-12,USO,67.6,0.014862633238252432
2025-05-13,USO,69.59,0.029437869822485307
2025-05-14,USO,68.73,-0.01235809742779137
2025-05-15,USO,67.59,-0.0165866433871672
2025-05-16,USO,68.1,0.00754549489569456
2025-05-19,USO,68.51,0.006020558002937104
2025-05-20,USO,68.66,0.002189461392497316
2025-05-21,USO,67.59,-0.015584037285173213
2025-05-22,USO,67.14,-0.0066577896138482195
2025-05-23,USO,67.99,0.012660113196306222
2025-05-27,USO,67.28,-0.010442712163553414
2025-05-28,USO,67.89,0.009066587395957226
2025-05-29,USO,67.19,-0.01031079687730152
2025-05-30,USO,67.15,-0.000595326685518538
2025-06-02,USO,69.55,0.035740878629932915
2025-06-03,USO,69.89,0.004888569374550622
2025-06-04,USO,69.34,-0.00786950922878804
2025-06-05,USO,69.93,0.008508797231035592
2025-06-06,USO,71.38,0.020735020735020537
2025-06-09,USO,72.05,0.009386382740263377
2025-06-10,USO,71.6,-0.006245662734212343
2025-06-11,USO,74.82,0.044972067039106056
2025-06-12,USO,75.05,0.003074044373162277
2025-06-13,USO,80.22,0.06888740839440377
2025-06-16,USO,78.59,-0.0203191224133632
2025-06-17,USO,82.3,0.0472070237943758
2025-06-18,USO,82.27,-0.00036452004860265674
2025-06-20,USO,83.12,0.010331834204448942
2025-06-23,USO,76.41,-0.08072666025024067
2025-06-24,USO,73.0,-0.04462766653579375
2025-06-25,USO,73.31,0.004246575342465864
2025-06-26,USO,73.59,0.0038193970808892974
2025-06-27,USO,73.28,-0.004212528876206045
2025-06-30,USO,73.11,-0.0023198689956331897
2025-07-01,USO,73.93,0.011215975926685884
2025-07-02,USO,75.59,0.022453672392803936
2025-07-03,USO,75.19,-0.005291705252017498
2025-07-07,USO,76.48,0.017156536773507147
2025-07-08,USO,76.96,0.006276150627614996
2025-07-09,USO,76.93,-0.0003898128898127684
2025-07-10,USO,75.39,-0.020018198362147466
2025-07-11,USO,77.29,0.025202281469691057
2025-07-14,USO,75.62,-0.021606934920429532
2025-07-15,USO,75.26,-0.004760645331922775
2025-07-16,USO,75.19,-0.0009301089556206232
2025-07-17,USO,76.16,0.012900651682404618
2025-07-18,USO,75.93,-0.0030199579831931
2025-07-21,USO,75.59,-0.0044778085078361896
2025-07-22,USO,75.35,-0.003175023151210543
2025-07-23,USO,75.28,-0.0009289980092899164
2025-07-24,USO,76.09,0.010759829968119083
2025-07-25,USO,74.85,-0.016296490997503077
2025-07-28,USO,77.17,0.03099532398129612
2025-07-29,USO,79.8,0.034080601269923516
2025-07-30,USO,81.04,0.01553884711779463
2025-07-31,USO,79.59,-0.017892398815399835
2025-08-01,USO,77.46,-0.02676215604975507
2025-08-04,USO,76.11,-0.01742835011618893
2025-08-05,USO,75.02,-0.01432137695440816
2025-08-06,USO,73.79,-0.016395627832577864
2025-08-07,USO,73.42,-0.00501422957040254
2025-08-08,USO,73.3,-0.0016344320348679053
2025-08-11,USO,73.8,0.006821282401091366
2025-08-12,USO,72.95,-0.011517615176151685
2025-08-13,USO,72.46,-0.006716929403701277
2025-08-14,USO,73.74,0.01766491857576602
2025-08-15,USO,72.8,-0.01274749118524543
2025-08-18,USO,73.17,0.005082417582417564
2025-08-19,USO,72.3,-0.011890118901189073
2025-08-20,USO,73.52,0.016874135546334657
2025-08-21,USO,74.13,0.008297062023939095
2025-08-22,USO,74.64,0.0068798057466612494
2025-08-25,USO,75.75,0.014871382636655994
2025-08-26,USO,74.05,-0.022442244224422425
2025-08-27,USO,74.68,0.008507765023632707
2025-08-28,USO,75.24,0.007498660953401126
2025-08-29,USO,74.84,-0.005316321105794719
2025-09-02,USO,76.76,0.0256547300908605
2025-09-03,USO,74.83,-0.02514330380406471
2025-09-04,USO,74.18,-0.008686355739676466
2025-09-05,USO,72.63,-0.020895119978430965
2025-09-08,USO,73.04,0.005645050254715844
2025-09-09,USO,73.39,0.004791894852135714
2025-09-10,USO,74.71,0.01798610164872594
2025-09-11,USO,73.0,-0.022888502208539552
2025-09-12,USO,73.31,0.004246575342465864
2025-09-15,USO,74.23,0.012549447551493786
2025-09-16,USO,75.67,0.01939916475818393
2025-09-17,USO,74.97,-0.009250693802035137
2025-09-18,USO,74.69,-0.0037348272642390157
2025-09-19,USO,73.52,-0.015664747623510555
2025-09-22,USO,73.45,-0.0009521218715994317
2025-09-23,USO,75.05,0.021783526208304815
2025-09-24,USO,76.39,0.01785476349100601
2025-09-25,USO,76.99,0.007854431208273338
2025-09-26,USO,77.02,0.0003896609949343155
2025-09-29,USO,74.59,-0.0315502466891715
2025-09-30,USO,73.75,-0.011261563212226933
2025-10-01,USO,73.14,-0.008271186440677925
2025-10-02,USO,71.54,-0.021875854525567284
2025-10-03,USO,71.71,0.002376292982946504
2025-10-06,USO,72.87,0.01617626551387552
2025-10-07,USO,73.2,0.0045286125977768155
2025-10-08,USO,73.53,0.004508196721311419
2025-10-09,USO,72.51,-0.013871889024887785
2025-10-10,USO,69.39,-0.04302854778651222
2025-10-13,USO,70.28,0.012826055627612076
2025-10-14,USO,69.0,-0.01821286283437684
2025-10-15,USO,68.99,-0.00014492753623196464
2025-10-16,USO,67.81,-0.017103928105522415
2025-10-17,USO,67.98,0.0025070048665389866
2025-10-20,USO,67.83,-0.0022065313327449543
2025-10-21,USO,68.27,0.006486805248415051
2025-10-22,USO,70.63,0.03456862457887788
2025-10-23,USO,73.29,0.03766105054509428
2025-10-24,USO,73.18,-0.001500886887706332
2025-10-27,USO,73.12,-0.0008198961464881416
2025-10-28,USO,71.39,-0.02365973741794314
2025-10-29,USO,71.8,0.005743101274688245
2025-10-30,USO,71.71,-0.001253481894150421
2025-10-31,USO,72.56,0.011853298005856994
2025-11-03,USO,72.74,0.0024807056229325664
2025-11-04,USO,71.93,-0.011135551278526057
2025-11-05,USO,71.03,-0.012512164604476683
2025-11-06,USO,70.88,-0.0021117837533437545
2025-11-07,USO,71.26,0.005361173814898645
2025-11-10,USO,71.68,0.005893909626718985
2025-11-11,USO,72.72,0.014508928571428381
2025-11-12,USO,69.79,-0.04029152915291523
2025-11-13,USO,69.85,0.0008597220232122726
2025-11-14,USO,71.38,0.02190408017179668
2025-11-17,USO,71.3,-0.0011207621182404148
2025-11-18,USO,72.5,0.016830294530154388
2025-11-19,USO,70.88,-0.022344827586206928
2025-11-20,USO,70.15,-0.010299097065462615
2025-11-21,USO,69.3,-0.012116892373485455
2025-11-24,USO,70.42,0.016161616161616266
2025-11-25,USO,69.25,-0.016614598125532565
2025-11-26,USO,70.04,0.011407942238267132
2025-11-28,USO,71.07,0.014705882352940902
2025-12-01,USO,71.06,-0.00014070634585605646
2025-12-02,USO,70.2,-0.012102448634956353
2025-12-03,USO,70.66,0.006552706552706455
2025-12-04,USO,71.39,0.010331163317294223
2025-12-05,USO,71.92,0.007424008964840967
2025-12-08,USO,70.49,-0.019883203559510676
2025-12-09,USO,69.86,-0.00893743793445867
2025-12-10,USO,70.54,0.009733753220727337
2025-12-11,USO,69.25,-0.018287496455911656
2025-12-12,USO,68.81,-0.006353790613718324
2025-12-15,USO,67.89,-0.013370149687545463
2025-12-16,USO,66.17,-0.02533510089851232
2025-12-17,USO,67.98,0.027353785703491118
2025-12-18,USO,67.19,-0.011621065019123411
2025-12-19,USO,68.03,0.012501860395892406
2025-12-22,USO,69.73,0.024988975452006512
2025-12-23,USO,70.3,0.008174386920980936
2025-12-24,USO,70.2,-0.0014224751066855834
2025-12-26,USO,68.48,-0.02450142450142445
2025-12-29,USO,69.61,0.016501168224299034
2025-12-30,USO,69.74,0.0018675477661254103
2025-12-31,USO,69.16,-0.008316604531115601
2026-01-02,USO,68.96,-0.0028918449971081506
2026-01-05,USO,70.22,0.018271461716937498
2026-01-06,USO,68.51,-0.0243520364568498
2026-01-07,USO,67.79,-0.010509414683987695
2026-01-08,USO,70.54,0.04056645522938496
2026-01-09,USO,70.78,0.0034023249220300755
2026-01-12,USO,71.65,0.012291607798813331
2026-01-13,USO,73.48,0.025540823447313343
2026-01-14,USO,72.61,-0.01183995645073499
2026-01-15,USO,71.13,-0.020382867373640035
2026-01-16,USO,71.65,0.00731055813299597
2026-01-20,USO,71.86,0.0029309141660851523
2026-01-21,USO,73.34,0.0205956025605345
2026-01-22,USO,71.82,-0.020725388601036454
2026-01-23,USO,73.95,0.02965747702589816
2026-01-26,USO,73.48,-0.006355645706558444
2026-01-27,USO,75.66,0.029667936853565502
2026-01-28,USO,76.62,0.012688342585249979
2026-01-29,USO,79.14,0.03288958496476102
2026-01-30,USO,79.52,0.004801617386909207
2026-02-02,USO,75.33,-0.05269114688128773
2026-02-03,USO,77.47,0.028408336652064214
2026-02-04,USO,77.88,0.005292371240480209
2026-02-05,USO,76.69,-0.015279917822290656
2026-02-06,USO,76.99,0.003911852914330494
2026-02-09,USO,78.02,0.013378360826081348
2026-02-10,USO,78.03,0.00012817226352224154
2026-02-11,USO,78.89,0.011021402024862237
2026-02-12,USO,76.38,-0.03181645328939031
2026-02-13,USO,76.22,-0.0020947892118354794
2026-02-17,USO,75.73,-0.006428758855943295
2026-02-18,USO,79.4,0.04846164003697351
2026-02-19,USO,81.19,0.022544080604533834
2026-02-20,USO,80.85,-0.004187707845793809
2026-02-23,USO,80.9,0.0006184291898578831
2026-02-24,USO,80.76,-0.001730531520395595
2026-02-25,USO,79.73,-0.012753838533927753
2026-02-26,USO,79.77,0.0005016932145991415
2026-02-27,USO,81.95,0.027328569637708577
2026-03-02,USO,87.19,0.06394142769981692
2026-03-03,USO,90.2,0.034522307604083036
2026-03-04,USO,91.56,0.015077605321507814
2026-03-05,USO,96.31,0.05187854958497162
2026-03-06,USO,108.77,0.12937389679161027
2026-03-09,USO,104.33,-0.04082007906591889
2026-03-10,USO,105.86,0.014665005271733866
2026-03-11,USO,108.05,0.020687700736822245
2026-03-12,USO,118.39,0.09569643683479878
2026-03-13,USO,119.89,0.012669989019342909
2026-03-16,USO,115.03,-0.040537159062473904
2026-03-17,USO,118.84,0.033121794314526554
2026-03-18,USO,121.67,0.023813530797711202
2026-03-19,USO,117.36,-0.03542368702227339
2026-03-20,USO,121.43,0.03467961826857535
2026-03-23,USO,110.56,-0.0895165939224245
2026-03-24,USO,114.54,0.03599855282199704
2026-03-25,USO,113.39,-0.010040160642570295
2026-03-26,USO,117.26,0.03412999382661619
2026-03-27,USO,124.2,0.05918471772130296
2026-03-30,USO,129.83,0.04533011272141718
2026-03-31,USO,127.25,-0.01987214049141195
2026-04-01,USO,124.09,-0.024833005893909577
2026-04-02,USO,137.92,0.11145136594407279
2026-04-06,USO,138.94,0.007395591647331834
2026-04-07,USO,138.08,-0.00618972218223679
2026-04-08,USO,124.58,-0.09776940903823883
2026-04-09,USO,126.96,0.019104190078664374
2026-04-10,USO,124.82,-0.016855702583490895
2026-04-13,USO,128.47,0.029242108636436503
2026-04-14,USO,123.85,-0.035961703121351274
2026-04-15,USO,122.59,-0.010173597093257936
2026-04-16,USO,125.84,0.026511134676564074
2026-04-17,USO,116.04,-0.07787666878575972
2026-04-20,USO,121.32,0.045501551189244926
2026-04-21,USO,128.25,0.05712166172106836
2026-04-22,USO,129.4,0.008966861598440623
2026-04-23,USO,134.72,0.041112828438949034
2026-04-24,USO,132.4,-0.017220902612826605
2026-04-27,USO,134.72,0.017522658610271913
2026-04-28,USO,139.6,0.03622327790973867
2026-04-29,USO,150.63,0.07901146131805148
2026-04-30,USO,147.09,-0.023501294562836006
2026-05-01,USO,142.8,-0.029165816846828396
2026-05-04,USO,147.61,0.033683473389355845
2026-05-05,USO,144.17,-0.023304654156222626
2026-05-06,USO,133.95,-0.07088853436914755
2026-05-07,USO,134.97,0.007614781634938561
2026-05-08,USO,133.59,-0.01022449433207373
2026-05-11,USO,138.66,0.037951942510666914
2026-05-12,USO,144.3,0.04067503245348347
2026-05-13,USO,142.04,-0.015661815661815792
2026-05-14,USO,143.0,0.00675865953252619
2026-05-15,USO,148.23,0.03657342657342655
2026-05-18,USO,149.29,0.0071510490454025355
2026-05-19,USO,152.96,0.024583026324603185
2026-05-20,USO,144.27,-0.056812238493723854
2026-05-21,USO,142.54,-0.011991405004505573
2026-05-22,USO,140.92,-0.011365230812403593
2025-01-10,UUP,29.76,
2025-01-13,UUP,29.85,0.003024193548387011
2025-01-14,UUP,29.66,-0.006365159128978282
2025-01-15,UUP,29.61,-0.001685772083614312
2025-01-16,UUP,29.61,0.0
2025-01-17,UUP,29.72,0.0037149611617697254
2025-01-21,UUP,29.34,-0.012786002691789977
2025-01-22,UUP,29.39,0.001704158145875878
2025-01-23,UUP,29.38,-0.0003402517863219101
2025-01-24,UUP,29.2,-0.006126616746085722
2025-01-27,UUP,29.21,0.00034246575342478103
2025-01-28,UUP,29.33,0.004108182129407556
2025-01-29,UUP,29.39,0.002045687009887498
2025-01-30,UUP,29.39,0.0
2025-01-31,UUP,29.51,0.004083021435862477
2025-02-03,UUP,29.64,0.004405286343612369
2025-02-04,UUP,29.37,-0.009109311740890691
2025-02-05,UUP,29.32,-0.001702417432754566
2025-02-06,UUP,29.3,-0.0006821282401091588
2025-02-07,UUP,29.43,0.004436860068259385
2025-02-10,UUP,29.52,0.003058103975535076
2025-02-11,UUP,29.42,-0.003387533875338633
2025-02-12,UUP,29.44,0.0006798096532971698
2025-02-13,UUP,29.2,-0.00815217391304357
2025-02-14,UUP,29.12,-0.002739726027397249
2025-02-18,UUP,29.18,0.002060439560439553
2025-02-19,UUP,29.21,0.0010281014393420662
2025-02-20,UUP,28.98,-0.007874015748031482
2025-02-21,UUP,29.08,0.003450655624568588
2025-02-24,UUP,29.1,0.0006877579092161579
2025-02-25,UUP,28.99,-0.0037800687285224344
2025-02-26,UUP,29.05,0.002069679199724117
2025-02-27,UUP,29.26,0.0072289156626506035
2025-02-28,UUP,29.39,0.004442925495557137
2025-03-03,UUP,29.11,-0.009527050017012595
2025-03-04,UUP,28.85,-0.00893163861216073
2025-03-05,UUP,28.5,-0.012131715771230511
2025-03-06,UUP,28.48,-0.00070175438596487
2025-03-07,UUP,28.39,-0.003160112359550604
2025-03-10,UUP,28.41,0.0007044734061290026
2025-03-11,UUP,28.25,-0.005631819781766967
2025-03-12,UUP,28.32,0.002477876106194765
2025-03-13,UUP,28.42,0.003531073446327637
2025-03-14,UUP,28.39,-0.001055594651653835
2025-03-17,UUP,28.28,-0.00387460373370907
2025-03-18,UUP,28.26,-0.0007072135785006761
2025-03-19,UUP,28.33,0.002476999292285731
2025-03-20,UUP,28.41,0.002823861630780078
2025-03-21,UUP,28.5,0.0031678986272438703
2025-03-24,UUP,28.55,0.0017543859649122862
2025-03-25,UUP,28.52,-0.0010507880910682887
2025-03-26,UUP,28.65,0.004558204768583485
2025-03-27,UUP,28.56,-0.003141361256544517
2025-03-28,UUP,28.51,-0.0017507002801119276
2025-03-31,UUP,28.54,0.0010522623640827344
2025-04-01,UUP,28.57,0.0010511562718991119
2025-04-02,UUP,28.45,-0.004200210010500527
2025-04-03,UUP,27.95,-0.017574692442882234
2025-04-04,UUP,28.26,0.011091234347048395
2025-04-07,UUP,28.38,0.00424628450106157
2025-04-08,UUP,28.25,-0.004580690627202233
2025-04-09,UUP,28.29,0.001415929203539834
2025-04-10,UUP,27.7,-0.020855425945563777
2025-04-11,UUP,27.45,-0.009025270758122761
2025-04-14,UUP,27.36,-0.003278688524590123
2025-04-15,UUP,27.51,0.005482456140351033
2025-04-16,UUP,27.28,-0.008360596146855692
2025-04-17,UUP,27.3,0.0007331378299120228
2025-04-21,UUP,27.04,-0.009523809523809601
2025-04-22,UUP,27.19,0.005547337278106523
2025-04-23,UUP,27.44,0.009194556822361255
2025-04-24,UUP,27.32,-0.004373177842565634
2025-04-25,UUP,27.39,0.0025622254758419505
2025-04-28,UUP,27.22,-0.006206644760861746
2025-04-29,UUP,27.31,0.0033063923585598953
2025-04-30,UUP,27.41,0.0036616623947272053
2025-05-01,UUP,27.57,0.005837285662167124
2025-05-02,UUP,27.53,-0.0014508523757706948
2025-05-05,UUP,27.48,-0.0018162005085361477
2025-05-06,UUP,27.31,-0.006186317321688617
2025-05-07,UUP,27.51,0.007323324789454411
2025-05-08,UUP,27.74,0.008360596146855581
2025-05-09,UUP,27.66,-0.002883922134102268
2025-05-12,UUP,28.05,0.014099783080260275
2025-05-13,UUP,27.81,-0.008556149732620422
2025-05-14,UUP,27.87,0.0021574973031284195
2025-05-15,UUP,27.8,-0.0025116612845353936
2025-05-16,UUP,27.88,0.0028776978417266452
2025-05-19,UUP,27.69,-0.0068149210903872826
2025-05-20,UUP,27.61,-0.002889129649693123
2025-05-21,UUP,27.49,-0.004346251358203546
2025-05-22,UUP,27.57,0.002910149145143759
2025-05-23,UUP,27.37,-0.007254261878853807
2025-05-27,UUP,27.52,0.005480453050785483
2025-05-28,UUP,27.61,0.003270348837209225
2025-05-29,UUP,27.46,-0.005432814197754432
2025-05-30,UUP,27.45,-0.0003641660597233365
2025-06-02,UUP,27.26,-0.006921675774134717
2025-06-03,UUP,27.44,0.006603081438004477
2025-06-04,UUP,27.32,-0.004373177842565634
2025-06-05,UUP,27.3,-0.0007320644216690653
2025-06-06,UUP,27.44,0.00512820512820511
2025-06-09,UUP,27.37,-0.0025510204081632404
2025-06-10,UUP,27.4,0.001096090610156919
2025-06-11,UUP,27.3,-0.0036496350364962904
2025-06-12,UUP,27.1,-0.0073260073260073
2025-06-13,UUP,27.17,0.0025830258302583786
2025-06-16,UUP,27.2,0.0011041589988958211
2025-06-17,UUP,27.38,0.006617647058823506
2025-06-18,UUP,27.43,0.0018261504747991708
2025-06-20,UUP,27.4,-0.001093693036821053
2025-06-23,UUP,27.29,-0.004014598540145964
2025-06-24,UUP,27.15,-0.005130084279956093
2025-06-25,UUP,27.08,-0.0025782688766113893
2025-06-26,UUP,26.97,-0.004062038404726742
2025-06-27,UUP,27.02,0.0018539117538005634
2025-06-30,UUP,26.88,-0.005181347150259086
2025-07-01,UUP,26.87,-0.00037202380952372494
2025-07-02,UUP,26.85,-0.0007443245254931119
2025-07-03,UUP,26.98,0.004841713221601429
2025-07-07,UUP,27.07,0.0033358042994811044
2025-07-08,UUP,27.09,0.0007388252678242058
2025-07-09,UUP,27.09,0.0
2025-07-10,UUP,27.14,0.0018456995201181492
2025-07-11,UUP,27.22,0.0029476787030213725
2025-07-14,UUP,27.29,0.0025716385011020915
2025-07-15,UUP,27.44,0.005496518871381584
2025-07-16,UUP,27.34,-0.0036443148688046767
2025-07-17,UUP,27.46,0.004389173372348232
2025-07-18,UUP,27.42,-0.0014566642388929019
2025-07-21,UUP,27.24,-0.006564551422319598
2025-07-22,UUP,27.1,-0.0051395007342143195
2025-07-23,UUP,27.06,-0.0014760147601476925
2025-07-24,UUP,27.13,0.002586844050258774
2025-07-25,UUP,27.19,0.002211573903428077
2025-07-28,UUP,27.5,0.01140125045972784
2025-07-29,UUP,27.57,0.0025454545454546285
2025-07-30,UUP,27.84,0.009793253536452662
2025-07-31,UUP,27.9,0.0021551724137931494
2025-08-01,UUP,27.57,-0.011827956989247213
2025-08-04,UUP,27.56,-0.00036271309394275697
2025-08-05,UUP,27.56,0.0
2025-08-06,UUP,27.4,-0.005805515239477477
2025-08-07,UUP,27.38,-0.0007299270072992359
2025-08-08,UUP,27.43,0.0018261504747991708
2025-08-11,UUP,27.54,0.004010207801677046
2025-08-12,UUP,27.4,-0.005083514887436524
2025-08-13,UUP,27.33,-0.002554744525547492
2025-08-14,UUP,27.43,0.0036589828027808746
2025-08-15,UUP,27.34,-0.0032810791104629367
2025-08-18,UUP,27.41,0.002560351133869876
2025-08-19,UUP,27.48,0.002553812477198214
2025-08-20,UUP,27.46,-0.0007278020378457262
2025-08-21,UUP,27.6,0.005098324836125379
2025-08-22,UUP,27.33,-0.009782608695652284
2025-08-25,UUP,27.55,0.008049762166117969
2025-08-26,UUP,27.48,-0.002540834845735085
2025-08-27,UUP,27.49,0.00036390101892269655
2025-08-28,UUP,27.39,-0.0036376864314295876
2025-08-29,UUP,27.37,-0.0007301935012777871
2025-09-02,UUP,27.55,0.006576543660942624
2025-09-03,UUP,27.5,-0.001814882032667886
2025-09-04,UUP,27.54,0.001454545454545375
2025-09-05,UUP,27.4,-0.005083514887436524
2025-09-08,UUP,27.31,-0.003284671532846728
2025-09-09,UUP,27.42,0.004027828634199926
2025-09-10,UUP,27.44,0.0007293946024800047
2025-09-11,UUP,27.35,-0.003279883381924198
2025-09-12,UUP,27.39,0.001462522851919612
2025-09-15,UUP,27.3,-0.003285870755750264
2025-09-16,UUP,27.13,-0.006227106227106316
2025-09-17,UUP,27.22,0.003317360855142004
2025-09-18,UUP,27.35,0.004775900073475503
2025-09-19,UUP,27.43,0.002925045703839002
2025-09-22,UUP,27.33,-0.0036456434560701023
2025-09-23,UUP,27.31,-0.0007317965605561083
2025-09-24,UUP,27.51,0.007323324789454411
2025-09-25,UUP,27.7,0.006906579425663306
2025-09-26,UUP,27.6,-0.0036101083032490378
2025-09-29,UUP,27.54,-0.0021739130434783593
2025-09-30,UUP,27.51,-0.0010893246187363426
2025-10-01,UUP,27.5,-0.00036350418029817977
2025-10-02,UUP,27.54,0.001454545454545375
2025-10-03,UUP,27.49,-0.0018155410312273856
2025-10-06,UUP,27.62,0.004728992360858664
2025-10-07,UUP,27.78,0.005792903692976026
2025-10-08,UUP,27.84,0.002159827213822796
2025-10-09,UUP,28.03,0.006824712643678232
2025-10-10,UUP,27.89,-0.0049946485907955696
2025-10-13,UUP,27.99,0.0035855145213337103
2025-10-14,UUP,27.91,-0.0028581636298677937
2025-10-15,UUP,27.83,-0.002866356144751059
2025-10-16,UUP,27.72,-0.0039525691699604515
2025-10-17,UUP,27.75,0.0010822510822510178
2025-10-20,UUP,27.82,0.0025225225225224968
2025-10-21,UUP,27.93,0.003953989935298274
2025-10-22,UUP,27.9,-0.0010741138560688146
2025-10-23,UUP,27.91,0.00035842293906807043
2025-10-24,UUP,27.91,0.0
2025-10-27,UUP,27.88,-0.001074883554281647
2025-10-28,UUP,27.86,-0.0007173601147776321
2025-10-29,UUP,28.02,0.005743000717875146
2025-10-30,UUP,28.13,0.003925767309064909
2025-10-31,UUP,28.21,0.0028439388553147538
2025-11-03,UUP,28.23,0.0007089684509038463
2025-11-04,UUP,28.32,0.0031880977683316214
2025-11-05,UUP,28.33,0.0003531073446327859
2025-11-06,UUP,28.18,-0.005294740557712618
2025-11-07,UUP,28.16,-0.0007097232079489313
2025-11-10,UUP,28.18,0.0007102272727272929
2025-11-11,UUP,28.14,-0.0014194464158977516
2025-11-12,UUP,28.15,0.0003553660270076975
2025-11-13,UUP,28.07,-0.002841918294848922
2025-11-14,UUP,28.11,0.0014250089063057025
2025-11-17,UUP,28.18,0.0024902170046245953
2025-11-18,UUP,28.21,0.001064584811923286
2025-11-19,UUP,28.39,0.006380716058135505
2025-11-20,UUP,28.41,0.0007044734061290026
2025-11-21,UUP,28.39,-0.0007039774727208847
2025-11-24,UUP,28.39,0.0
2025-11-25,UUP,28.31,-0.002817893624515788
2025-11-26,UUP,28.23,-0.0028258565877781194
2025-11-28,UUP,28.21,-0.000708466170740385
2025-12-01,UUP,28.2,-0.0003544842254520342
2025-12-02,UUP,28.19,-0.00035460992907798694
2025-12-03,UUP,28.05,-0.00496630010642074
2025-12-04,UUP,28.11,0.002139037433155133
2025-12-05,UUP,28.08,-0.0010672358591249376
2025-12-08,UUP,28.12,0.0014245014245015675
2025-12-09,UUP,28.16,0.0014224751066855834
2025-12-10,UUP,28.01,-0.005326704545454475
2025-12-11,UUP,27.91,-0.003570153516601282
2025-12-12,UUP,27.95,0.0014331780723755294
2025-12-15,UUP,27.93,-0.0007155635062611188
2025-12-16,UUP,27.9,-0.0010741138560688146
2025-12-17,UUP,27.96,0.0021505376344086446
2025-12-18,UUP,27.98,0.0007153075822603494
2025-12-19,UUP,28.07,0.0032165832737669486
2025-12-22,UUP,27.03,-0.03705023156394727
2025-12-23,UUP,26.94,-0.0033296337402886067
2025-12-24,UUP,26.95,0.000371195248700662
2025-12-26,UUP,26.97,0.0007421150278292821
2025-12-29,UUP,26.98,0.0003707823507601571
2025-12-30,UUP,27.05,0.0025945144551520194
2025-12-31,UUP,27.03,-0.0007393715341958984
2026-01-02,UUP,27.11,0.002959674435812021
2026-01-05,UUP,27.07,-0.0014754703061600205
2026-01-06,UUP,27.16,0.003324713705208815
2026-01-07,UUP,27.2,0.0014727540500736325
2026-01-08,UUP,27.27,0.0025735294117648078
2026-01-09,UUP,27.33,0.002200220022002153
2026-01-12,UUP,27.28,-0.0018294914013903263
2026-01-13,UUP,27.35,0.002565982404692191
2026-01-14,UUP,27.33,-0.0007312614259599171
2026-01-15,UUP,27.43,0.0036589828027808746
2026-01-16,UUP,27.43,0.0
2026-01-20,UUP,27.21,-0.00802041560335398
2026-01-21,UUP,27.27,0.0022050716648289725
2026-01-22,UUP,27.15,-0.004400440044004417
2026-01-23,UUP,26.91,-0.008839779005524795
2026-01-26,UUP,26.78,-0.004830917874396046
2026-01-27,UUP,26.47,-0.011575802837938798
2026-01-28,UUP,26.63,0.00604457876841713
2026-01-29,UUP,26.59,-0.0015020653398422068
2026-01-30,UUP,26.85,0.009778112072207579
2026-02-02,UUP,26.99,0.005214152700186103
2026-02-03,UUP,26.92,-0.002593553167839824
2026-02-04,UUP,27.01,0.0033432392273402556
2026-02-05,UUP,27.09,0.0029618659755645815
2026-02-06,UUP,27.01,-0.0029531192321888833
2026-02-09,UUP,26.79,-0.00814513143280271
2026-02-10,UUP,26.8,0.00037327360955585753
2026-02-11,UUP,26.83,0.0011194029850745135
2026-02-12,UUP,26.82,-0.000372717107715137
2026-02-13,UUP,26.82,0.0
2026-02-17,UUP,26.91,0.003355704697986628
2026-02-18,UUP,27.08,0.006317354143440923
2026-02-19,UUP,27.12,0.001477104874446189
2026-02-20,UUP,27.09,-0.0011061946902655162
2026-02-23,UUP,27.09,0.0
2026-02-24,UUP,27.11,0.0007382798080473041
2026-02-25,UUP,27.08,-0.0011066027296201542
2026-02-26,UUP,27.1,0.0007385524372232055
2026-02-27,UUP,27.08,-0.0007380073800739018
2026-03-02,UUP,27.33,0.00923190546528807
2026-03-03,UUP,27.46,0.004756677643615204
2026-03-04,UUP,27.41,-0.0018208302986162384
2026-03-05,UUP,27.48,0.002553812477198214
2026-03-06,UUP,27.47,-0.0003639010189229186
2026-03-09,UUP,27.46,-0.00036403349108116156
2026-03-10,UUP,27.45,-0.0003641660597233365
2026-03-11,UUP,27.55,0.0036429872495447047
2026-03-12,UUP,27.68,0.004718693284936348
2026-03-13,UUP,27.89,0.007586705202312194
2026-03-16,UUP,27.73,-0.0057368232341341585
2026-03-17,UUP,27.68,-0.0018031013342950653
2026-03-18,UUP,27.85,0.006141618497109924
2026-03-19,UUP,27.58,-0.009694793536804469
2026-03-20,UUP,27.68,0.0036258158085569203
2026-03-23,UUP,27.56,-0.00433526011560692
2026-03-24,UUP,27.65,0.0032656023222061847
2026-03-25,UUP,27.7,0.001808318264014508
2026-03-26,UUP,27.81,0.003971119133574064
2026-03-27,UUP,27.84,0.0010787486515642097
2026-03-30,UUP,27.98,0.005028735632183867
2026-03-31,UUP,27.78,-0.0071479628305932685
2026-04-01,UUP,27.73,-0.0017998560115191076
2026-04-02,UUP,27.86,0.004688063469166837
2026-04-06,UUP,27.83,-0.001076812634601576
2026-04-07,UUP,27.75,-0.002874595759971177
2026-04-08,UUP,27.53,-0.007927927927927847
2026-04-09,UUP,27.48,-0.0018162005085361477
2026-04-10,UUP,27.44,-0.0014556040756913413
2026-04-13,UUP,27.38,-0.0021865889212828726
2026-04-14,UUP,27.32,-0.0021913805697588717
2026-04-15,UUP,27.29,-0.001098096632503709
2026-04-16,UUP,27.37,0.0029314767314034818
2026-04-17,UUP,27.36,-0.00036536353671912103
2026-04-20,UUP,27.32,-0.0014619883040934978
2026-04-21,UUP,27.47,0.0054904831625182116
2026-04-22,UUP,27.48,0.0003640334910812726
2026-04-23,UUP,27.53,0.001819505094614371
2026-04-24,UUP,27.48,-0.0018162005085361477
2026-04-27,UUP,27.45,-0.0010917030567686448
2026-04-28,UUP,27.53,0.0029143897996357637
2026-04-29,UUP,27.61,0.002905920813657703
2026-04-30,UUP,27.36,-0.00905469032959072
2026-05-01,UUP,27.41,0.001827485380117011
2026-05-04,UUP,27.48,0.002553812477198214
2026-05-05,UUP,27.5,0.0007278020378456151
2026-05-06,UUP,27.35,-0.005454545454545379
2026-05-07,UUP,27.41,0.002193784277879196
2026-05-08,UUP,27.34,-0.002553812477198103
2026-05-11,UUP,27.35,0.00036576444769576
2026-05-12,UUP,27.45,0.003656307129798808
2026-05-13,UUP,27.51,0.002185792349726823
2026-05-14,UUP,27.62,0.003998545983278756
2026-05-15,UUP,27.77,0.005430847212165135
2026-05-18,UUP,27.7,-0.0025207057976233127
2026-05-19,UUP,27.79,0.003249097472924234
2026-05-20,UUP,27.73,-0.0021590500179919925
2026-05-21,UUP,27.73,0.0
2026-05-22,UUP,27.77,0.0014424810674360522
2025-01-10,VXX,49.45,
2025-01-13,VXX,48.52,-0.018806875631951492
2025-01-14,VXX,47.42,-0.022671063478977738
2025-01-15,VXX,43.55,-0.08161113454238722
2025-01-16,VXX,43.62,0.0016073478760045834
2025-01-17,VXX,43.96,0.007794589637780902
2025-01-21,VXX,42.11,-0.042083712465878054
2025-01-22,VXX,42.75,0.015198290192353303
2025-01-23,VXX,41.93,-0.019181286549707632
2025-01-24,VXX,41.74,-0.0045313617934652495
2025-01-27,VXX,44.49,0.06588404408241488
2025-01-28,VXX,43.02,-0.03304113283884014
2025-01-29,VXX,42.91,-0.002556950255695134
2025-01-30,VXX,42.68,-0.005360055931018293
2025-01-31,VXX,44.12,0.03373945641986875
2025-02-03,VXX,45.07,0.02153218495013598
2025-02-04,VXX,43.69,-0.030619037053472464
2025-02-05,VXX,42.8,-0.02037079423208976
2025-02-06,VXX,42.53,-0.00630841121495318
2025-02-07,VXX,43.96,0.03362332471196794
2025-02-10,VXX,42.85,-0.025250227479526877
2025-02-11,VXX,42.9,0.001166861143523823
2025-02-12,VXX,42.87,-0.0006993006993006867
2025-02-13,VXX,42.06,-0.018894331700489708
2025-02-14,VXX,42.0,-0.0014265335235378318
2025-02-18,VXX,41.8,-0.004761904761904856
2025-02-19,VXX,41.27,-0.012679425837320402
2025-02-20,VXX,41.49,0.005330748727889523
2025-02-21,VXX,44.33,0.06845022897083619
2025-02-24,VXX,44.7,0.008346492217460089
2025-02-25,VXX,45.14,0.009843400447427264
2025-02-26,VXX,44.1,-0.023039432875498478
2025-02-27,VXX,46.57,0.056009070294784635
2025-02-28,VXX,45.83,-0.015890057977238636
2025-03-03,VXX,49.29,0.0754963997381628
2025-03-04,VXX,50.59,0.02637451815784142
2025-03-05,VXX,48.45,-0.042300849970349885
2025-03-06,VXX,53.73,0.1089783281733745
2025-03-07,VXX,51.23,-0.04652894100130278
2025-03-10,VXX,56.48,0.1024790162014444
2025-03-11,VXX,56.94,0.008144475920679906
2025-03-12,VXX,53.97,-0.05216016859852479
2025-03-13,VXX,56.28,0.04280155642023353
2025-03-14,VXX,51.53,-0.0843994314143568
2025-03-17,VXX,49.51,-0.03920046574810798
2025-03-18,VXX,50.8,0.02605534235507978
2025-03-19,VXX,49.18,-0.03188976377952746
2025-03-20,VXX,48.33,-0.01728344855632369
2025-03-21,VXX,48.1,-0.004758948893027082
2025-03-24,VXX,45.45,-0.05509355509355507
2025-03-25,VXX,45.8,0.007700770077007535
2025-03-26,VXX,46.94,0.024890829694323102
2025-03-27,VXX,47.18,0.005112910097997414
2025-03-28,VXX,51.42,0.08986858838490885
2025-03-31,VXX,51.47,0.0009723842862698895
2025-04-01,VXX,51.48,0.00019428793471920613
2025-04-02,VXX,50.09,-0.027000777000776854
2025-04-03,VXX,62.49,0.24755440207626278
2025-04-04,VXX,74.85,0.19779164666346594
2025-04-07,VXX,74.35,-0.006680026720106924
2025-04-08,VXX,85.42,0.14889038332212512
2025-04-09,VXX,67.79,-0.2063919456801685
2025-04-10,VXX,79.2,0.1683139106062841
2025-04-11,VXX,77.12,-0.02626262626262621
2025-04-14,VXX,68.03,-0.11786825726141081
2025-04-15,VXX,68.32,0.004262825224165656
2025-04-16,VXX,73.36,0.07377049180327888
2025-04-17,VXX,71.34,-0.02753544165757904
2025-04-21,VXX,76.52,0.07261003644519204
2025-04-22,VXX,70.94,-0.07292211186617881
2025-04-23,VXX,68.38,-0.03608683394417822
2025-04-24,VXX,65.86,-0.0368528809593448
2025-04-25,VXX,63.34,-0.038262982083206776
2025-04-28,VXX,63.68,0.005367856015156214
2025-04-29,VXX,63.02,-0.010364321608040128
2025-04-30,VXX,64.64,0.025706125039669958
2025-05-01,VXX,63.42,-0.018873762376237613
2025-05-02,VXX,61.01,-0.03800063071586257
2025-05-05,VXX,62.13,0.018357646287493923
2025-05-06,VXX,64.55,0.03895058747786884
2025-05-07,VXX,62.83,-0.026646010844306733
2025-05-08,VXX,60.44,-0.0380391532707306
2025-05-09,VXX,59.95,-0.008107213765717991
2025-05-12,VXX,52.17,-0.12977481234361965
2025-05-13,VXX,51.82,-0.006708836496070569
2025-05-14,VXX,52.94,0.021613276727132424
2025-05-15,VXX,52.07,-0.0164336985266339
2025-05-16,VXX,51.83,-0.004609179950067266
2025-05-19,VXX,52.47,0.012348060968551122
2025-05-20,VXX,52.09,-0.007242233657327901
2025-05-21,VXX,55.66,0.06853522749088103
2025-05-22,VXX,55.1,-0.010061085159899341
2025-05-23,VXX,58.79,0.06696914700544454
2025-05-27,VXX,52.88,-0.10052730056131987
2025-05-28,VXX,53.49,0.011535552193645993
2025-05-29,VXX,53.55,0.0011217049915870358
2025-05-30,VXX,53.83,0.005228758169934622
2025-06-02,VXX,53.28,-0.010217350919561552
2025-06-03,VXX,52.11,-0.02195945945945954
2025-06-04,VXX,52.02,-0.0017271157167529916
2025-06-05,VXX,53.02,0.01922337562475973
2025-06-06,VXX,50.81,-0.04168238400603552
2025-06-09,VXX,50.32,-0.009643770911238025
2025-06-10,VXX,50.08,-0.004769475357710662
2025-06-11,VXX,50.51,0.008586261980830567
2025-06-12,VXX,51.16,0.0128687388635913
2025-06-13,VXX,55.15,0.07799061767005488
2025-06-16,VXX,51.29,-0.06999093381686305
2025-06-17,VXX,54.22,0.057126145447455645
2025-06-18,VXX,52.9,-0.024345260051641504
2025-06-20,VXX,53.46,0.010586011342154977
2025-06-23,VXX,52.79,-0.012532734754956976
2025-06-24,VXX,49.15,-0.06895245311612053
2025-06-25,VXX,48.52,-0.012817904374364142
2025-06-26,VXX,48.41,-0.0022671063478979514
2025-06-27,VXX,48.27,-0.0028919644701506098
2025-06-30,VXX,48.05,-0.00455769629169267
2025-07-01,VXX,48.04,-0.0002081165452653133
2025-07-02,VXX,47.91,-0.0027060782681099793
2025-07-03,VXX,47.57,-0.00709663953245665
2025-07-07,VXX,48.14,0.011982341812066366
2025-07-08,VXX,46.85,-0.026796842542584076
2025-07-09,VXX,45.26,-0.03393810032017086
2025-07-10,VXX,44.95,-0.006849315068493067
2025-07-11,VXX,45.2,0.005561735261401468
2025-07-14,VXX,45.87,0.01482300884955734
2025-07-15,VXX,45.61,-0.005668192718552345
2025-07-16,VXX,45.91,0.006577504933128697
2025-07-17,VXX,45.85,-0.0013069048137659411
2025-07-18,VXX,45.01,-0.018320610687022953
2025-07-21,VXX,44.86,-0.0033325927571650205
2025-07-22,VXX,44.65,-0.004681230494873012
2025-07-23,VXX,42.81,-0.04120940649496074
2025-07-24,VXX,42.68,-0.003036673674375212
2025-07-25,VXX,42.33,-0.008200562324273686
2025-07-28,VXX,41.15,-0.027876210725253925
2025-07-29,VXX,42.1,0.023086269744835963
2025-07-30,VXX,42.39,0.0068883610451306865
2025-07-31,VXX,42.46,0.0016513328615239686
2025-08-01,VXX,45.91,0.08125294394724447
2025-08-04,VXX,42.92,-0.06512742321934206
2025-08-05,VXX,43.25,0.007688723205964587
2025-08-06,VXX,41.93,-0.030520231213872817
2025-08-07,VXX,42.21,0.006677796327211993
2025-08-08,VXX,40.81,-0.03316749585406298
2025-08-11,VXX,41.0,0.0046557216368536825
2025-08-12,VXX,39.3,-0.04146341463414638
2025-08-13,VXX,39.02,-0.007124681933842081
2025-08-14,VXX,39.18,0.004100461301896452
2025-08-15,VXX,39.04,-0.0035732516590096797
2025-08-18,VXX,38.1,-0.024077868852458995
2025-08-19,VXX,38.82,0.018897637795275646
2025-08-20,VXX,38.67,-0.003863987635239541
2025-08-21,VXX,39.27,0.015515903801396558
2025-08-22,VXX,35.98,-0.0837789661319075
2025-08-25,VXX,36.14,0.004446914952751735
2025-08-26,VXX,35.86,-0.007747648035417831
2025-08-27,VXX,36.01,0.004182933630786367
2025-08-28,VXX,35.45,-0.01555123576784212
2025-08-29,VXX,36.27,0.023131170662905598
2025-09-02,VXX,37.39,0.03087951475048234
2025-09-03,VXX,36.46,-0.02487296068467504
2025-09-04,VXX,35.38,-0.029621503017004835
2025-09-05,VXX,35.47,0.0025438100621819615
2025-09-08,VXX,34.81,-0.018607273752466735
2025-09-09,VXX,34.64,-0.004883654122378678
2025-09-10,VXX,34.44,-0.005773672055427337
2025-09-11,VXX,33.68,-0.022067363530778095
2025-09-12,VXX,33.68,0.0
2025-09-15,VXX,33.91,0.006828978622327675
2025-09-16,VXX,34.53,0.01828369212621661
2025-09-17,VXX,33.32,-0.0350419924703157
2025-09-18,VXX,33.17,-0.004501800720288052
2025-09-19,VXX,33.18,0.00030147723846840613
2025-09-22,VXX,33.8,0.01868595539481599
2025-09-23,VXX,34.2,0.01183431952662728
2025-09-24,VXX,33.86,-0.009941520467836362
2025-09-25,VXX,34.3,0.012994683992911815
2025-09-26,VXX,32.84,-0.042565597667638344
2025-09-29,VXX,33.27,0.013093788063337275
2025-09-30,VXX,33.16,-0.003306281935677946
2025-10-01,VXX,32.97,-0.005729794933654886
2025-10-02,VXX,33.44,0.014255383682135303
2025-10-03,VXX,33.25,-0.005681818181818121
2025-10-06,VXX,33.05,-0.006015037593985029
2025-10-07,VXX,33.77,0.021785173978820183
2025-10-08,VXX,33.24,-0.01569440331655314
2025-10-09,VXX,33.23,-0.00030084235860428077
2025-10-10,VXX,37.47,0.12759554619319902
2025-10-13,VXX,34.62,-0.07606084867894325
2025-10-14,VXX,36.15,0.04419410745233976
2025-10-15,VXX,36.58,0.01189488243430148
2025-10-16,VXX,39.97,0.09267359212684534
2025-10-17,VXX,36.95,-0.0755566675006254
2025-10-20,VXX,33.99,-0.08010825439783498
2025-10-21,VXX,33.72,-0.007943512797881858
2025-10-22,VXX,34.25,0.015717674970344042
2025-10-23,VXX,33.47,-0.022773722627737247
2025-10-24,VXX,33.08,-0.01165222587391701
2025-10-27,VXX,32.0,-0.03264812575574361
2025-10-28,VXX,32.93,0.02906249999999999
2025-10-29,VXX,33.57,0.019435165502581286
2025-10-30,VXX,33.83,0.007745010425975529
2025-10-31,VXX,34.0,0.005025125628140836
2025-11-03,VXX,33.68,-0.009411764705882342
2025-11-04,VXX,34.89,0.0359263657957245
2025-11-05,VXX,33.66,-0.0352536543422185
2025-11-06,VXX,34.99,0.03951277480689264
2025-11-07,VXX,34.81,-0.005144326950557332
2025-11-10,VXX,32.85,-0.056305659293306554
2025-11-11,VXX,32.78,-0.002130898021308947
2025-11-12,VXX,32.91,0.003965832824893045
2025-11-13,VXX,35.22,0.0701914311759344
2025-11-14,VXX,34.57,-0.0184554230550823
2025-11-17,VXX,36.35,0.05148973098061904
2025-11-18,VXX,37.53,0.032462173314993015
2025-11-19,VXX,36.83,-0.018651745270450326
2025-11-20,VXX,39.48,0.07195221286994302
2025-11-21,VXX,37.32,-0.054711246200607855
2025-11-24,VXX,34.78,-0.06806002143622725
2025-11-25,VXX,33.68,-0.031627372052904
2025-11-26,VXX,32.77,-0.027019002375296863
2025-11-28,VXX,32.1,-0.020445529447665645
2025-12-01,VXX,32.06,-0.0012461059190030932
2025-12-02,VXX,31.7,-0.011228945726762363
2025-12-03,VXX,31.42,-0.008832807570977819
2025-12-04,VXX,31.09,-0.010502864417568536
2025-12-05,VXX,30.72,-0.011900932775812167
2025-12-08,VXX,31.08,0.01171875
2025-12-09,VXX,31.24,0.005148005148005064
2025-12-10,VXX,30.02,-0.0390524967989756
2025-12-11,VXX,29.48,-0.017988007994670152
2025-12-12,VXX,29.53,0.0016960651289010809
2025-12-15,VXX,29.56,0.0010159160176090865
2025-12-16,VXX,29.53,-0.0010148849797022574
2025-12-17,VXX,29.99,0.015577378936674435
2025-12-18,VXX,28.94,-0.03501167055685217
2025-12-19,VXX,27.86,-0.037318590186593004
2025-12-22,VXX,26.99,-0.031227566403445817
2025-12-23,VXX,27.1,0.004075583549462802
2025-12-24,VXX,27.06,-0.0014760147601476925
2025-12-26,VXX,26.97,-0.003325942350332567
2025-12-29,VXX,26.67,-0.011123470522803047
2025-12-30,VXX,26.28,-0.01462317210348707
2025-12-31,VXX,26.47,0.007229832572298145
2026-01-02,VXX,26.1,-0.01397808840196435
2026-01-05,VXX,26.38,0.010727969348658828
2026-01-06,VXX,26.02,-0.013646702047005244
2026-01-07,VXX,26.44,0.016141429669485063
2026-01-08,VXX,26.25,-0.007186081694402491
2026-01-09,VXX,25.75,-0.01904761904761909
2026-01-12,VXX,25.84,0.0034951456310678974
2026-01-13,VXX,26.53,0.026702786377708954
2026-01-14,VXX,27.13,0.022615906520919715
2026-01-15,VXX,26.32,-0.02985624769627715
2026-01-16,VXX,26.42,0.0037993920972645423
2026-01-20,VXX,29.38,0.1120363361090082
2026-01-21,VXX,26.76,-0.08917631041524843
2026-01-22,VXX,26.0,-0.02840059790732441
2026-01-23,VXX,26.53,0.020384615384615445
2026-01-26,VXX,26.57,0.0015077271013945737
2026-01-27,VXX,26.94,0.013925479864508983
2026-01-28,VXX,26.87,-0.0025983667409057443
2026-01-29,VXX,27.23,0.013397841458876014
2026-01-30,VXX,27.5,0.009915534337128218
2026-02-02,VXX,26.12,-0.050181818181818105
2026-02-03,VXX,27.27,0.04402756508422656
2026-02-04,VXX,27.65,0.01393472680601393
2026-02-05,VXX,29.35,0.061482820976491936
2026-02-06,VXX,27.62,-0.05894378194207839
2026-02-09,VXX,26.6,-0.03692976104272261
2026-02-10,VXX,27.17,0.021428571428571352
2026-02-11,VXX,27.12,-0.001840264998159813
2026-02-12,VXX,28.79,0.061578171091445366
2026-02-13,VXX,29.25,0.015977770059048213
2026-02-17,VXX,28.27,-0.03350427350427354
2026-02-18,VXX,28.26,-0.00035373187124154715
2026-02-19,VXX,28.98,0.02547770700636942
2026-02-20,VXX,28.37,-0.02104899930986881
2026-02-23,VXX,29.44,0.03771589707437428
2026-02-24,VXX,28.49,-0.03226902173913049
2026-02-25,VXX,27.38,-0.038961038961038974
2026-02-26,VXX,27.72,0.01241782322863405
2026-02-27,VXX,28.9,0.04256854256854248
2026-03-02,VXX,29.26,0.012456747404844482
2026-03-03,VXX,30.48,0.041695146958304896
2026-03-04,VXX,29.47,-0.03313648293963256
2026-03-05,VXX,31.37,0.0644723447573805
2026-03-06,VXX,35.67,0.13707363723302524
2026-03-09,VXX,32.28,-0.09503784693019346
2026-03-10,VXX,33.71,0.04429987608426278
2026-03-11,VXX,32.26,-0.04301394245031154
2026-03-12,VXX,34.45,0.06788592684438943
2026-03-13,VXX,35.1,0.018867924528301883
2026-03-16,VXX,32.46,-0.07521367521367528
2026-03-17,VXX,31.99,-0.01447935921133714
2026-03-18,VXX,34.68,0.0840887777430448
2026-03-19,VXX,33.77,-0.02623990772779694
2026-03-20,VXX,35.97,0.06514657980456007
2026-03-23,VXX,34.33,-0.04559355018070621
2026-03-24,VXX,35.01,0.019807748325080032
2026-03-25,VXX,34.25,-0.021708083404741396
2026-03-26,VXX,36.62,0.0691970802919708
2026-03-27,VXX,39.41,0.07618787547788086
2026-03-30,VXX,39.16,-0.0063435676224308235
2026-03-31,VXX,35.7,-0.08835546475995903
2026-04-01,VXX,34.73,-0.02717086834733906
2026-04-02,VXX,34.7,-0.0008638065073421908
2026-04-06,VXX,33.88,-0.023631123919308328
2026-04-07,VXX,35.02,0.03364817001180631
2026-04-08,VXX,31.66,-0.09594517418617943
2026-04-09,VXX,30.39,-0.04011370814908399
2026-04-10,VXX,30.77,0.012504113195130007
2026-04-13,VXX,29.58,-0.03867403314917128
2026-04-14,VXX,29.22,-0.012170385395537497
2026-04-15,VXX,29.33,0.0037645448323067043
2026-04-16,VXX,29.3,-0.001022843504943638
2026-04-17,VXX,28.98,-0.010921501706484649
2026-04-20,VXX,29.33,0.01207729468599017
2026-04-21,VXX,29.89,0.019093078758950055
2026-04-22,VXX,29.55,-0.011375041820006704
2026-04-23,VXX,29.5,-0.0016920473773266442
2026-04-24,VXX,29.79,0.009830508474576227
2026-04-27,VXX,28.89,-0.030211480362537735
2026-04-28,VXX,28.33,-0.019383869851159696
2026-04-29,VXX,29.02,0.02435580656547831
2026-04-30,VXX,28.19,-0.028600964851826283
2026-05-01,VXX,28.4,0.007449450159630944
2026-05-04,VXX,28.67,0.00950704225352128
2026-05-05,VXX,28.71,0.0013951866062085205
2026-05-06,VXX,28.07,-0.022291884360849945
2026-05-07,VXX,27.9,-0.006056287851799125
2026-05-08,VXX,28.06,0.005734767025089571
2026-05-11,VXX,28.47,0.014611546685673549
2026-05-12,VXX,27.78,-0.024236037934667998
2026-05-13,VXX,28.37,0.02123830093592516
2026-05-14,VXX,27.65,-0.025378921395840748
2026-05-15,VXX,27.87,0.00795660036166379
2026-05-18,VXX,27.2,-0.024040186580552625
2026-05-19,VXX,27.58,0.013970588235294068
2026-05-20,VXX,27.0,-0.02102973168963007
2026-05-21,VXX,26.21,-0.029259259259259207
2026-05-22,VXX,26.42,0.008012209080503707
2025-01-10,XLE,44.195,
2025-01-13,XLE,45.125,0.021043104423577264
2025-01-14,XLE,45.61,0.010747922437673196
2025-01-15,XLE,46.285,0.014799386099539458
2025-01-16,XLE,46.62,0.007237766014907665
2025-01-17,XLE,46.98,0.007722007722007707
2025-01-21,XLE,46.74,-0.005108556832694622
2025-01-22,XLE,45.89,-0.01818570817287124
2025-01-23,XLE,46.1,0.004576160383525929
2025-01-24,XLE,45.655,-0.009652928416485906
2025-01-27,XLE,45.18,-0.010404117840324245
2025-01-28,XLE,44.75,-0.009517485613103172
2025-01-29,XLE,44.85,0.0022346368715084886
2025-01-30,XLE,45.08,0.00512820512820511
2025-01-31,XLE,43.82,-0.02795031055900621
2025-02-03,XLE,44.095,0.006275673208580468
2025-02-04,XLE,45.02,0.020977435083342932
2025-02-05,XLE,45.115,0.00211017325633045
2025-02-06,XLE,44.285,-0.01839742879308448
2025-02-07,XLE,44.28,-0.00011290504685546043
2025-02-10,XLE,45.255,0.022018970189702003
2025-02-11,XLE,45.62,0.008065407137332725
2025-02-12,XLE,44.52,-0.02411223147742203
2025-02-13,XLE,44.855,0.007524707996406033
2025-02-14,XLE,45.035,0.00401293055400731
2025-02-18,XLE,45.65,0.013656045298101605
2025-02-19,XLE,46.01,0.007886089813800679
2025-02-20,XLE,46.43,0.009128450336883365
2025-02-21,XLE,45.465,-0.02078397587766523
2025-02-24,XLE,45.475,0.00021994941163527848
2025-02-25,XLE,44.82,-0.014403518416712502
2025-02-26,XLE,44.565,-0.00568942436412323
2025-02-27,XLE,44.805,0.005385392123864019
2025-02-28,XLE,45.5,0.015511661644905805
2025-03-03,XLE,43.91,-0.034945054945055065
2025-03-04,XLE,43.485,-0.009678888635845984
2025-03-05,XLE,42.85,-0.014602736575830666
2025-03-06,XLE,42.98,0.0030338389731621174
2025-03-07,XLE,43.715,0.017100977198697187
2025-03-10,XLE,44.04,0.00743451904380632
2025-03-11,XLE,43.69,-0.00794732061762038
2025-03-12,XLE,43.89,0.00457770656900891
2025-03-13,XLE,43.59,-0.006835269993164639
2025-03-14,XLE,44.88,0.02959394356503786
2025-03-17,XLE,45.595,0.01593137254901955
2025-03-18,XLE,45.67,0.001644917205833929
2025-03-19,XLE,46.415,0.016312677906721973
2025-03-20,XLE,46.585,0.0036626090703437697
2025-03-21,XLE,46.26,-0.00697649457980043
2025-03-24,XLE,46.425,0.003566796368352776
2025-03-25,XLE,46.615,0.004092622509423993
2025-03-26,XLE,46.89,0.00589938860881678
2025-03-27,XLE,46.435,-0.009703561526978044
2025-03-28,XLE,46.215,-0.004737805534618222
2025-03-31,XLE,46.725,0.011035378123985584
2025-04-01,XLE,47.0,0.005885500267522659
2025-04-02,XLE,47.065,0.0013829787234043156
2025-04-03,XLE,43.37,-0.07850844576649318
2025-04-04,XLE,39.38,-0.09199907770348159
2025-04-07,XLE,39.125,-0.00647536820721184
2025-04-08,XLE,38.22,-0.023130990415335506
2025-04-09,XLE,41.18,0.07744636316064879
2025-04-10,XLE,38.49,-0.06532297231665851
2025-04-11,XLE,39.445,0.0248116393868536
2025-04-14,XLE,39.585,0.003549245785270605
2025-04-15,XLE,39.525,-0.0015157256536567631
2025-04-16,XLE,39.85,0.008222643896268256
2025-04-17,XLE,40.75,0.02258469259723972
2025-04-21,XLE,39.685,-0.026134969325153357
2025-04-22,XLE,40.695,0.025450422073831414
2025-04-23,XLE,40.62,-0.0018429782528567307
2025-04-24,XLE,41.27,0.016001969473166122
2025-04-25,XLE,41.195,-0.001817300702689706
2025-04-28,XLE,41.485,0.00703968928267984
2025-04-29,XLE,41.365,-0.0028926117873929735
2025-04-30,XLE,40.25,-0.02695515532454984
2025-05-01,XLE,40.4,0.003726708074534235
2025-05-02,XLE,40.99,0.014603960396039728
2025-05-05,XLE,40.25,-0.0180531837033423
2025-05-06,XLE,40.26,0.0002484472049688602
2025-05-07,XLE,40.275,0.00037257824143077656
2025-05-08,XLE,40.805,0.013159528243327223
2025-05-09,XLE,41.215,0.01004778826124264
2025-05-12,XLE,42.29,0.026082736867645062
2025-05-13,XLE,42.885,0.014069519981082967
2025-05-14,XLE,42.625,-0.0060627258948350304
2025-05-15,XLE,42.805,0.004222873900293189
2025-05-16,XLE,42.74,-0.0015185141922672285
2025-05-19,XLE,42.185,-0.01298549368273283
2025-05-20,XLE,41.795,-0.009244992295839749
2025-05-21,XLE,41.025,-0.018423256370379337
2025-05-22,XLE,40.865,-0.003900060938452077
2025-05-23,XLE,40.995,0.0031812064113543315
2025-05-27,XLE,41.35,0.008659592633248003
2025-05-28,XLE,40.825,-0.012696493349455884
2025-05-29,XLE,41.13,0.007470912431108312
2025-05-30,XLE,40.765,-0.00887430099683939
2025-06-02,XLE,41.3,0.01312400343431852
2025-06-03,XLE,41.79,0.011864406779661163
2025-06-04,XLE,40.975,-0.01950227327111742
2025-06-05,XLE,40.935,-0.0009762050030506231
2025-06-06,XLE,41.705,0.018810309026505267
2025-06-09,XLE,41.785,0.0019182352235942446
2025-06-10,XLE,42.53,0.017829364604523334
2025-06-11,XLE,43.145,0.014460380907594717
2025-06-12,XLE,43.295,0.0034766485108355116
2025-06-13,XLE,44.05,0.017438503291373086
2025-06-16,XLE,43.92,-0.0029511918274687243
2025-06-17,XLE,44.33,0.009335154826958014
2025-06-18,XLE,44.04,-0.006541845251522682
2025-06-20,XLE,44.49,0.01021798365122617
2025-06-23,XLE,43.015,-0.03315351764441454
2025-06-24,XLE,42.455,-0.013018714401952902
2025-06-25,XLE,42.27,-0.004357555058296936
2025-06-26,XLE,42.875,0.014312751360302745
2025-06-27,XLE,42.65,-0.005247813411078717
2025-06-30,XLE,42.405,-0.005744431418522766
2025-07-01,XLE,42.73,0.007664190543567928
2025-07-02,XLE,43.465,0.017201029721507277
2025-07-03,XLE,43.515,0.0011503508570114285
2025-07-07,XLE,43.095,-0.009651844191658099
2025-07-08,XLE,44.255,0.026917275786054073
2025-07-09,XLE,44.03,-0.005084171280081429
2025-07-10,XLE,44.365,0.007608448784919286
2025-07-11,XLE,44.565,0.004508058153950056
2025-07-14,XLE,44.075,-0.010995175586222206
2025-07-15,XLE,43.44,-0.01440726035167339
2025-07-16,XLE,43.065,-0.008632596685082872
2025-07-17,XLE,43.33,0.006153488912109539
2025-07-18,XLE,42.98,-0.008077544426494332
2025-07-21,XLE,42.535,-0.010353652861796236
2025-07-22,XLE,42.735,0.004702010109321808
2025-07-23,XLE,43.405,0.015678015678015633
2025-07-24,XLE,43.715,0.00714203432784255
2025-07-25,XLE,43.55,-0.0037744481299326615
2025-07-28,XLE,44.045,0.011366245694603982
2025-07-29,XLE,44.475,0.009762742649563005
2025-07-30,XLE,43.84,-0.014277684092186549
2025-07-31,XLE,43.605,-0.005360401459854169
2025-08-01,XLE,42.795,-0.018575851393188736
2025-08-04,XLE,42.7,-0.00221988550064256
2025-08-05,XLE,42.755,0.0012880562060890721
2025-08-06,XLE,42.36,-0.009238685533855762
2025-08-07,XLE,42.195,-0.0038951841359773365
2025-08-08,XLE,42.465,0.006398862424457974
2025-08-11,XLE,42.125,-0.008006593665371597
2025-08-12,XLE,42.33,0.00486646884273001
2025-08-13,XLE,42.82,0.01157571462319873
2025-08-14,XLE,42.78,-0.0009341429238672871
2025-08-15,XLE,42.78,0.0
2025-08-18,XLE,42.525,-0.005960729312763036
2025-08-19,XLE,42.54,0.0003527336860671415
2025-08-20,XLE,42.895,0.008345086976963012
2025-08-21,XLE,43.19,0.0068772584217273725
2025-08-22,XLE,44.07,0.020375086825654254
2025-08-25,XLE,44.185,0.0026094849103699413
2025-08-26,XLE,44.115,-0.0015842480479800747
2025-08-27,XLE,44.61,0.01122067324039433
2025-08-28,XLE,44.95,0.007621609504595561
2025-08-29,XLE,45.195,0.005450500556173576
2025-09-02,XLE,45.26,0.0014382121916141077
2025-09-03,XLE,44.245,-0.02242598320813083
2025-09-04,XLE,44.54,0.006667420047463013
2025-09-05,XLE,43.68,-0.01930848675347996
2025-09-08,XLE,43.58,-0.0022893772893772812
2025-09-09,XLE,43.79,0.004818724185406076
2025-09-10,XLE,44.555,0.017469741950217
2025-09-11,XLE,44.565,0.00022444170126800778
2025-09-12,XLE,44.3,-0.0059463704700998266
2025-09-15,XLE,44.15,-0.003386004514672636
2025-09-16,XLE,44.89,0.016761041902604745
2025-09-17,XLE,44.995,0.0023390510135887776
2025-09-18,XLE,44.855,-0.0031114568285365296
2025-09-19,XLE,44.26,-0.013264964886857578
2025-09-22,XLE,43.835,-0.009602349751468564
2025-09-23,XLE,44.59,0.017223679707995876
2025-09-24,XLE,45.17,0.01300740076250273
2025-09-25,XLE,45.575,0.008966127961036019
2025-09-26,XLE,45.995,0.00921557871640144
2025-09-29,XLE,45.15,-0.018371562126318075
2025-09-30,XLE,44.67,-0.010631229235880335
2025-10-01,XLE,44.67,0.0
2025-10-02,XLE,44.22,-0.010073875083948969
2025-10-03,XLE,44.455,0.005314337403889535
2025-10-06,XLE,44.675,0.004948824654144701
2025-10-07,XLE,44.745,0.0015668718522663383
2025-10-08,XLE,44.485,-0.0058107051067157744
2025-10-09,XLE,43.88,-0.01360008991794981
2025-10-10,XLE,42.61,-0.028942570647219723
2025-10-13,XLE,43.19,0.013611828209340482
2025-10-14,XLE,43.185,-0.00011576753878206336
2025-10-15,XLE,43.16,-0.0005789047122845004
2025-10-16,XLE,42.64,-0.012048192771084265
2025-10-17,XLE,42.99,0.008208255159474653
2025-10-20,XLE,43.445,0.010583856710862927
2025-10-21,XLE,43.345,-0.002301760847048029
2025-10-22,XLE,43.9,0.01280424501095867
2025-10-23,XLE,44.485,0.013325740318906654
2025-10-24,XLE,44.035,-0.01011576936045866
2025-10-27,XLE,44.14,0.0023844669013286524
2025-10-28,XLE,43.68,-0.0104213864975079
2025-10-29,XLE,44.005,0.007440476190476275
2025-10-30,XLE,43.745,-0.005908419497784423
2025-10-31,XLE,44.065,0.007315121728197482
2025-11-03,XLE,44.07,0.0001134687393624656
2025-11-04,XLE,43.595,-0.010778307238484275
2025-11-05,XLE,43.71,0.0026379171923385236
2025-11-06,XLE,44.135,0.00972317547471957
2025-11-07,XLE,44.77,0.014387674181488785
2025-11-10,XLE,45.175,0.009046236318963397
2025-11-11,XLE,45.765,0.013060320973990125
2025-11-12,XLE,45.125,-0.013984485960887194
2025-11-13,XLE,45.24,0.002548476454293569
2025-11-14,XLE,46.01,0.017020335985853174
2025-11-17,XLE,45.17,-0.018256900673766507
2025-11-18,XLE,45.53,0.00796989152092098
2025-11-19,XLE,44.94,-0.012958488908412114
2025-11-20,XLE,44.43,-0.011348464619492571
2025-11-21,XLE,44.71,0.0063020481656539395
2025-11-24,XLE,44.585,-0.0027957951241333046
2025-11-25,XLE,44.305,-0.0062801390602220675
2025-11-26,XLE,44.64,0.007561223338223622
2025-11-28,XLE,45.225,0.013104838709677491
2025-12-01,XLE,45.66,0.009618573797678165
2025-12-02,XLE,45.07,-0.012921594393342062
2025-12-03,XLE,45.915,0.01874861326824928
2025-12-04,XLE,46.11,0.00424697811172825
2025-12-05,XLE,45.92,-0.004120581218824526
2025-12-08,XLE,45.42,-0.010888501742160273
2025-12-09,XLE,45.7,0.006164685160722216
2025-12-10,XLE,46.18,0.010503282275711179
2025-12-11,XLE,45.96,-0.0047639670853183436
2025-12-12,XLE,45.51,-0.009791122715404721
2025-12-15,XLE,45.19,-0.007031421665568027
2025-12-16,XLE,43.81,-0.030537729586191498
2025-12-17,XLE,44.78,0.022141063684090412
2025-12-18,XLE,44.13,-0.014515408664582341
2025-12-19,XLE,44.13,0.0
2025-12-22,XLE,44.21,0.00181282574212549
2025-12-23,XLE,44.5,0.0065596019000226935
2025-12-24,XLE,44.37,-0.0029213483146067754
2025-12-26,XLE,44.2,-0.003831417624520994
2025-12-29,XLE,44.62,0.00950226244343888
2025-12-30,XLE,44.96,0.007619901389511519
2025-12-31,XLE,44.71,-0.005560498220640531
2026-01-02,XLE,45.65,0.021024379333482335
2026-01-05,XLE,46.89,0.027163198247535547
2026-01-06,XLE,45.64,-0.026658136063126503
2026-01-07,XLE,45.13,-0.011174408413672121
2026-01-08,XLE,46.55,0.0314646576556612
2026-01-09,XLE,46.67,0.002577873254565155
2026-01-12,XLE,46.34,-0.0070709235054639
2026-01-13,XLE,47.0,0.014242555028053383
2026-01-14,XLE,48.06,0.022553191489361746
2026-01-15,XLE,47.61,-0.009363295880149836
2026-01-16,XLE,47.69,0.0016803192606595907
2026-01-20,XLE,47.6,-0.0018871880897461946
2026-01-21,XLE,48.75,0.024159663865546133
2026-01-22,XLE,48.91,0.0032820512820512793
2026-01-23,XLE,49.19,0.0057248006542629515
2026-01-26,XLE,49.22,0.0006098800569220852
2026-01-27,XLE,49.67,0.0091426249492077
2026-01-28,XLE,50.05,0.007650493255486168
2026-01-29,XLE,50.51,0.00919080919080928
2026-01-30,XLE,51.05,0.010690952286675826
2026-02-02,XLE,50.05,-0.019588638589618013
2026-02-03,XLE,51.67,0.032367632367632515
2026-02-04,XLE,52.83,0.022450164505515735
2026-02-05,XLE,52.21,-0.011735756199129255
2026-02-06,XLE,53.25,0.01991955564068193
2026-02-09,XLE,53.64,0.007323943661971866
2026-02-10,XLE,53.58,-0.0011185682326622093
2026-02-11,XLE,54.98,0.026129152668906253
2026-02-12,XLE,53.98,-0.01818843215714805
2026-02-13,XLE,54.35,0.006854390515005582
2026-02-17,XLE,53.75,-0.011039558417663353
2026-02-18,XLE,54.78,0.019162790697674348
2026-02-19,XLE,55.18,0.007301935012778316
2026-02-20,XLE,54.88,-0.0054367524465385175
2026-02-23,XLE,55.15,0.00491982507288613
2026-02-24,XLE,55.1,-0.0009066183136898776
2026-02-25,XLE,54.87,-0.004174228675136171
2026-02-26,XLE,55.05,0.0032804811372335596
2026-02-27,XLE,55.92,0.01580381471389658
2026-03-02,XLE,57.04,0.02002861230329045
2026-03-03,XLE,56.52,-0.009116409537166859
2026-03-04,XLE,56.19,-0.0058386411889597145
2026-03-05,XLE,56.48,0.005161060686954988
2026-03-06,XLE,56.57,0.0015934844192635467
2026-03-09,XLE,56.32,-0.004419303517765649
2026-03-10,XLE,55.6,-0.01278409090909094
2026-03-11,XLE,56.98,0.024820143884892065
2026-03-12,XLE,57.51,0.009301509301509414
2026-03-13,XLE,57.7,0.003303773256825071
2026-03-16,XLE,57.9,0.0034662045060658286
2026-03-17,XLE,58.51,0.01053540587219337
2026-03-18,XLE,58.43,-0.001367287643137871
2026-03-19,XLE,59.36,0.015916481259626858
2026-03-20,XLE,59.31,-0.0008423180592991297
2026-03-23,XLE,59.63,0.005395380205698963
2026-03-24,XLE,60.84,0.020291799429817292
2026-03-25,XLE,60.57,-0.004437869822485285
2026-03-26,XLE,61.52,0.015684332177645643
2026-03-27,XLE,62.56,0.016905071521456483
2026-03-30,XLE,61.96,-0.009590792838874651
2026-03-31,XLE,61.26,-0.011297611362169224
2026-04-01,XLE,58.97,-0.037381651975187724
2026-04-02,XLE,59.25,0.004748177039172408
2026-04-06,XLE,59.68,0.007257383966244646
2026-04-07,XLE,60.16,0.008042895442359255
2026-04-08,XLE,58.05,-0.035073138297872286
2026-04-09,XLE,57.33,-0.012403100775193798
2026-04-10,XLE,56.94,-0.006802721088435382
2026-04-13,XLE,57.11,0.0029855988760099095
2026-04-14,XLE,55.95,-0.020311679215548883
2026-04-15,XLE,55.76,-0.003395889186774026
2026-04-16,XLE,56.58,0.014705882352941124
2026-04-17,XLE,55.02,-0.02757158006362659
2026-04-20,XLE,55.07,0.0009087604507451719
2026-04-21,XLE,55.87,0.014526965680043524
2026-04-22,XLE,56.54,0.011992124574906171
2026-04-23,XLE,56.98,0.0077821011673151474
2026-04-24,XLE,56.87,-0.0019305019305019266
2026-04-27,XLE,56.77,-0.0017583963425354954
2026-04-28,XLE,57.71,0.016558041218953656
2026-04-29,XLE,59.03,0.02287298561774387
2026-04-30,XLE,59.65,0.010503133999661074
2026-05-01,XLE,58.85,-0.013411567476948827
2026-05-04,XLE,59.39,0.009175870858113777
2026-05-05,XLE,59.45,0.0010102710894090983
2026-05-06,XLE,57.0,-0.04121110176619014
2026-05-07,XLE,55.95,-0.018421052631578894
2026-05-08,XLE,55.7,-0.0044682752457551045
2026-05-11,XLE,57.17,0.026391382405745123
2026-05-12,XLE,57.57,0.006996676578625127
2026-05-13,XLE,57.63,0.0010422094841062712
2026-05-14,XLE,58.07,0.007634912372028513
2026-05-15,XLE,59.44,0.023592216290683643
2026-05-18,XLE,60.58,0.019179004037685132
2026-05-19,XLE,61.29,0.011720039617035383
2026-05-20,XLE,59.8,-0.024310654266601395
2026-05-21,XLE,59.13,-0.011204013377926314
2026-05-22,XLE,59.49,0.0060882800608828
2025-01-10,XLV,139.64,
2025-01-13,XLV,141.46,0.013033514752220254
2025-01-14,XLV,140.0,-0.01032093878128093
2025-01-15,XLV,140.57,0.004071428571428504
2025-01-16,XLV,141.13,0.003983780322970754
2025-01-17,XLV,140.18,-0.006731382413377673
2025-01-21,XLV,142.5,0.016550149807390557
2025-01-22,XLV,142.18,-0.0022456140350877174
2025-01-23,XLV,144.08,0.013363342242228127
2025-01-24,XLV,144.31,0.001596335369239199
2025-01-27,XLV,147.55,0.022451666551174698
2025-01-28,XLV,146.52,-0.006980684513724134
2025-01-29,XLV,145.66,-0.005869505869505964
2025-01-30,XLV,147.34,0.01153370863655101
2025-01-31,XLV,146.87,-0.003189900909461141
2025-02-03,XLV,147.44,0.0038809831824062613
2025-02-04,XLV,147.04,-0.0027129679869778434
2025-02-05,XLV,148.45,0.009589227421109792
2025-02-06,XLV,147.12,-0.00895924553721783
2025-02-07,XLV,146.43,-0.004690048939641089
2025-02-10,XLV,146.3,-0.0008877962166222719
2025-02-11,XLV,146.03,-0.001845522898154539
2025-02-12,XLV,145.82,-0.0014380606724646583
2025-02-13,XLV,146.39,0.003908928816348967
2025-02-14,XLV,144.8,-0.010861397636450443
2025-02-18,XLV,144.52,-0.001933701657458542
2025-02-19,XLV,146.4,0.013008580127318092
2025-02-20,XLV,147.22,0.00560109289617472
2025-02-21,XLV,146.43,-0.005366118733867609
2025-02-24,XLV,147.62,0.00812674998292695
2025-02-25,XLV,148.89,0.008603170302126983
2025-02-26,XLV,147.82,-0.007186513533481098
2025-02-27,XLV,147.22,-0.004058990664321471
2025-02-28,XLV,148.93,0.011615269664447814
2025-03-03,XLV,149.58,0.004364466527899014
2025-03-04,XLV,148.19,-0.009292686187993171
2025-03-05,XLV,149.68,0.010054659558674794
2025-03-06,XLV,149.27,-0.00273917691074288
2025-03-07,XLV,149.28,6.699269779586459e-05
2025-03-10,XLV,147.67,-0.010785101822079368
2025-03-11,XLV,146.06,-0.010902688426897678
2025-03-12,XLV,144.6,-0.009995892099137427
2025-03-13,XLV,143.83,-0.005325034578146481
2025-03-14,XLV,144.93,0.007647917680595029
2025-03-17,XLV,146.77,0.012695784171669056
2025-03-18,XLV,146.84,0.00047693670368609276
2025-03-19,XLV,146.92,0.0005448106782892648
2025-03-20,XLV,147.01,0.0006125782738906072
2025-03-21,XLV,146.6,-0.0027889259234065156
2025-03-24,XLV,147.15,0.003751705320600429
2025-03-25,XLV,145.27,-0.012776078831124638
2025-03-26,XLV,144.74,-0.0036483788807049056
2025-03-27,XLV,144.97,0.0015890562387728124
2025-03-28,XLV,144.52,-0.00310409050148297
2025-03-31,XLV,146.01,0.010309991696650922
2025-04-01,XLV,143.34,-0.0182864187384425
2025-04-02,XLV,144.3,0.006697362913352878
2025-04-03,XLV,143.13,-0.008108108108108247
2025-04-04,XLV,135.28,-0.054845245580940394
2025-04-07,XLV,134.47,-0.005987581312832613
2025-04-08,XLV,132.98,-0.011080538410054408
2025-04-09,XLV,138.76,0.04346518273424582
2025-04-10,XLV,134.89,-0.02788988181032004
2025-04-11,XLV,136.87,0.014678627029431457
2025-04-14,XLV,138.54,0.01220135895375174
2025-04-15,XLV,137.69,-0.006135412155334197
2025-04-16,XLV,136.29,-0.010167768174885627
2025-04-17,XLV,135.49,-0.005869836378310844
2025-04-21,XLV,132.57,-0.02155140600782357
2025-04-22,XLV,135.06,0.018782529984159302
2025-04-23,XLV,135.73,0.004960758181548952
2025-04-24,XLV,137.39,0.012230162823251955
2025-04-25,XLV,138.05,0.0048038430744596905
2025-04-28,XLV,138.6,0.003984063745019695
2025-04-29,XLV,139.28,0.0049062049062049695
2025-04-30,XLV,140.47,0.00854394026421601
2025-05-01,XLV,136.64,-0.027265608314942735
2025-05-02,XLV,138.53,0.01383196721311486
2025-05-05,XLV,138.14,-0.002815274669746737
2025-05-06,XLV,134.33,-0.027580715216446894
2025-05-07,XLV,135.36,0.007667684061639202
2025-05-08,XLV,134.14,-0.009013002364066436
2025-05-09,XLV,132.68,-0.010884150887132682
2025-05-12,XLV,135.96,0.02472113355441663
2025-05-13,XLV,131.87,-0.030082377169755814
2025-05-14,XLV,128.77,-0.023508000303329002
2025-05-15,XLV,130.46,0.013124174885454698
2025-05-16,XLV,133.09,0.02015943584240376
2025-05-19,XLV,134.37,0.009617552032459287
2025-05-20,XLV,134.7,0.002455905336012476
2025-05-21,XLV,131.58,-0.023162583518930746
2025-05-22,XLV,130.55,-0.007827937376501004
2025-05-23,XLV,130.34,-0.0016085790884718953
2025-05-27,XLV,132.16,0.013963480128893702
2025-05-28,XLV,131.48,-0.005145278450363278
2025-05-29,XLV,132.36,0.006693033160937167
2025-05-30,XLV,132.64,0.0021154427319429736
2025-06-02,XLV,132.72,0.0006031363088059294
2025-06-03,XLV,133.03,0.0023357444243521375
2025-06-04,XLV,133.29,0.001954446365481477
2025-06-05,XLV,133.11,-0.0013504388926399713
2025-06-06,XLV,134.38,0.009540981143415062
2025-06-09,XLV,134.15,-0.0017115642208661574
2025-06-10,XLV,135.68,0.011405143496086456
2025-06-11,XLV,135.75,0.0005159198113207086
2025-06-12,XLV,136.81,0.007808471454880284
2025-06-13,XLV,136.13,-0.004970396900811358
2025-06-16,XLV,135.71,-0.003085286123558295
2025-06-17,XLV,133.47,-0.01650578439319139
2025-06-18,XLV,133.24,-0.0017232336854723362
2025-06-20,XLV,132.6,-0.004803362353647644
2025-06-23,XLV,132.16,-0.0033182503770738947
2025-06-24,XLV,133.78,0.012257869249394648
2025-06-25,XLV,133.9,0.0008969950665271842
2025-06-26,XLV,134.22,0.002389843166542116
2025-06-27,XLV,133.93,-0.0021606317985396473
2025-06-30,XLV,134.79,0.006421264839841623
2025-07-01,XLV,136.71,0.01424438014689522
2025-07-02,XLV,135.36,-0.009874917709019049
2025-07-03,XLV,135.5,0.001034278959810786
2025-07-07,XLV,134.36,-0.008413284132841259
2025-07-08,XLV,134.97,0.004540041679071072
2025-07-09,XLV,135.49,0.0038527080091872445
2025-07-10,XLV,136.32,0.006125913351538781
2025-07-11,XLV,135.19,-0.008289319248826255
2025-07-14,XLV,135.03,-0.0011835194910866376
2025-07-15,XLV,132.6,-0.017996000888691466
2025-07-16,XLV,134.25,0.012443438914027105
2025-07-17,XLV,132.72,-0.011396648044692759
2025-07-18,XLV,131.84,-0.006630500301386344
2025-07-21,XLV,131.09,-0.005688713592232997
2025-07-22,XLV,133.53,0.018613166526813663
2025-07-23,XLV,136.27,0.020519733393244977
2025-07-24,XLV,135.76,-0.003742569897996817
2025-07-25,XLV,136.48,0.005303476723629963
2025-07-28,XLV,135.29,-0.008719226260257895
2025-07-29,XLV,134.43,-0.00635671520437564
2025-07-30,XLV,134.19,-0.0017853157777282247
2025-07-31,XLV,130.43,-0.02801997168194348
2025-08-01,XLV,131.13,0.005366863451659709
2025-08-04,XLV,133.01,0.014336917562723928
2025-08-05,XLV,132.5,-0.0038342981730695724
2025-08-06,XLV,130.51,-0.015018867924528334
2025-08-07,XLV,129.01,-0.011493372155390369
2025-08-08,XLV,130.16,0.008914037671498454
2025-08-11,XLV,130.29,0.0009987707437000282
2025-08-12,XLV,131.19,0.006907667510937188
2025-08-13,XLV,133.29,0.016007317630917006
2025-08-14,XLV,133.96,0.005026633655938362
2025-08-15,XLV,136.21,0.01679605852493271
2025-08-18,XLV,135.89,-0.002349313559944388
2025-08-19,XLV,136.76,0.00640223710353971
2025-08-20,XLV,137.5,0.00541093887101507
2025-08-21,XLV,137.04,-0.0033454545454546514
2025-08-22,XLV,138.17,0.008245767659077696
2025-08-25,XLV,136.2,-0.014257798364333829
2025-08-26,XLV,137.05,0.006240822320117578
2025-08-27,XLV,136.97,-0.0005837285662168012
2025-08-28,XLV,136.43,-0.003942469153829231
2025-08-29,XLV,137.43,0.007329766180458774
2025-09-02,XLV,137.56,0.0009459361129302568
2025-09-03,XLV,136.91,-0.00472521081709798
2025-09-04,XLV,137.43,0.0037981155503616915
2025-09-05,XLV,137.9,0.003419922869824621
2025-09-08,XLV,137.85,-0.00036258158085578085
2025-09-09,XLV,138.59,0.005368153790351826
2025-09-10,XLV,137.33,-0.009091565047983141
2025-09-11,XLV,139.72,0.017403335032403655
2025-09-12,XLV,138.11,-0.011523046092184241
2025-09-15,XLV,136.93,-0.008543914271233133
2025-09-16,XLV,136.93,0.0
2025-09-17,XLV,137.2,0.001971810414080011
2025-09-18,XLV,137.47,0.0019679300291546298
2025-09-19,XLV,137.29,-0.001309376591256295
2025-09-22,XLV,136.63,-0.004807342122514324
2025-09-23,XLV,136.94,0.002268901412574076
2025-09-24,XLV,136.39,-0.004016357528844883
2025-09-25,XLV,134.13,-0.016570129774910125
2025-09-26,XLV,135.5,0.010213971520167009
2025-09-29,XLV,135.9,0.002952029520295163
2025-09-30,XLV,139.17,0.024061810154525354
2025-10-01,XLV,143.47,0.030897463533807734
2025-10-02,XLV,143.19,-0.0019516275179479736
2025-10-03,XLV,144.82,0.011383476499755574
2025-10-06,XLV,144.12,-0.004833586521198696
2025-10-07,XLV,144.23,0.0007632528448513476
2025-10-08,XLV,144.51,0.0019413436871662526
2025-10-09,XLV,144.19,-0.00221437962770743
2025-10-10,XLV,142.11,-0.014425410916152237
2025-10-13,XLV,141.95,-0.0011258883963128907
2025-10-14,XLV,142.34,0.002747446283902777
2025-10-15,XLV,142.56,0.0015455950540959051
2025-10-16,XLV,142.32,-0.0016835016835017313
2025-10-17,XLV,143.27,0.006675098369870902
2025-10-20,XLV,144.79,0.010609339010260177
2025-10-21,XLV,145.13,0.002348228468816993
2025-10-22,XLV,145.96,0.00571901054227264
2025-10-23,XLV,146.04,0.0005480953685941259
2025-10-24,XLV,146.03,-6.84743905778884e-05
2025-10-27,XLV,146.37,0.002328288707799775
2025-10-28,XLV,145.45,-0.006285441005670633
2025-10-29,XLV,143.98,-0.010106565830182213
2025-10-30,XLV,144.3,0.0022225309070704746
2025-10-31,XLV,144.25,-0.0003465003465004113
2025-11-03,XLV,144.45,0.001386481802426287
2025-11-04,XLV,145.1,0.004499826929733608
2025-11-05,XLV,145.66,0.00385940730530665
2025-11-06,XLV,145.94,0.0019222847727584647
2025-11-07,XLV,146.14,0.0013704262025489022
2025-11-10,XLV,147.28,0.0078007390173806535
2025-11-11,XLV,150.68,0.023085279739272213
2025-11-12,XLV,152.82,0.014202282983806658
2025-11-13,XLV,152.74,-0.0005234916895693331
2025-11-14,XLV,151.83,-0.00595783684692941
2025-11-17,XLV,151.7,-0.0008562207732333293
2025-11-18,XLV,152.59,0.005866842452208365
2025-11-19,XLV,152.33,-0.0017039124451142529
2025-11-20,XLV,151.42,-0.005973872513621914
2025-11-21,XLV,154.61,0.02106723022057877
2025-11-24,XLV,155.26,0.004204126511868411
2025-11-25,XLV,158.77,0.022607239469277562
2025-11-26,XLV,158.42,-0.0022044466838825327
2025-11-28,XLV,157.65,-0.004860497411942832
2025-12-01,XLV,155.29,-0.014969869965112625
2025-12-02,XLV,154.36,-0.005988795157447213
2025-12-03,XLV,155.08,0.004664420834413097
2025-12-04,XLV,153.9,-0.007608976012380753
2025-12-05,XLV,153.26,-0.004158544509421769
2025-12-08,XLV,151.43,-0.011940493279394393
2025-12-09,XLV,149.96,-0.009707455590041603
2025-12-10,XLV,152.14,0.014537209922645955
2025-12-11,XLV,153.58,0.009464966478243797
2025-12-12,XLV,154.06,0.0031254069540302964
2025-12-15,XLV,156.1,0.013241594184083993
2025-12-16,XLV,154.07,-0.013004484304932729
2025-12-17,XLV,153.79,-0.0018173557473875057
2025-12-18,XLV,153.91,0.0007802848039535348
2025-12-19,XLV,154.94,0.006692222727568087
2025-12-22,XLV,155.3,0.0023234800567961678
2025-12-23,XLV,154.99,-0.0019961365099806505
2025-12-24,XLV,155.8,0.0052261436221692215
2025-12-26,XLV,156.05,0.0016046213093710016
2025-12-29,XLV,155.81,-0.0015379685998078152
2025-12-30,XLV,155.68,-0.0008343495282715496
2025-12-31,XLV,154.8,-0.00565262076053441
2026-01-02,XLV,155.51,0.0045865633074932965
2026-01-05,XLV,155.04,-0.003022313677576993
2026-01-06,XLV,158.09,0.019672342621259054
2026-01-07,XLV,159.66,0.00993105193244359
2026-01-08,XLV,158.12,-0.009645496680445897
2026-01-09,XLV,157.31,-0.005122691626612719
2026-01-12,XLV,157.38,0.00044498124721892296
2026-01-13,XLV,156.74,-0.004066590418096205
2026-01-14,XLV,157.86,0.007145591425290254
2026-01-15,XLV,156.96,-0.005701254275940704
2026-01-16,XLV,155.74,-0.007772680937818577
2026-01-20,XLV,155.4,-0.0021831257223577927
2026-01-21,XLV,158.26,0.018404118404118375
2026-01-22,XLV,158.29,0.00018956148110693682
2026-01-23,XLV,157.48,-0.005117189967780655
2026-01-26,XLV,158.1,0.003937007874015741
2026-01-27,XLV,155.45,-0.0167615433270083
2026-01-28,XLV,154.31,-0.007333547764554416
2026-01-29,XLV,153.82,-0.0031754260903377185
2026-01-30,XLV,154.74,0.005981016772851566
2026-02-02,XLV,155.69,0.006139330489853823
2026-02-03,XLV,154.1,-0.010212601965444157
2026-02-04,XLV,156.03,0.012524334847501706
2026-02-05,XLV,154.84,-0.007626738447734427
2026-02-06,XLV,157.71,0.018535262206148317
2026-02-09,XLV,156.32,-0.008813645298332506
2026-02-10,XLV,155.33,-0.006333162743090925
2026-02-11,XLV,156.25,0.0059228738814136594
2026-02-12,XLV,156.0,-0.0016000000000000458
2026-02-13,XLV,157.67,0.010705128205128034
2026-02-17,XLV,157.37,-0.0019027081879874341
2026-02-18,XLV,157.67,0.001906335387939162
2026-02-19,XLV,157.26,-0.002600367856916308
2026-02-20,XLV,156.82,-0.002797914282080649
2026-02-23,XLV,158.54,0.010967988776941606
2026-02-24,XLV,157.87,-0.004226062823262211
2026-02-25,XLV,157.83,-0.000253373028441084
2026-02-26,XLV,157.42,-0.0025977317366788766
2026-02-27,XLV,160.2,0.01765976368949307
2026-03-02,XLV,158.53,-0.010424469413233384
2026-03-03,XLV,156.74,-0.011291238251434965
2026-03-04,XLV,157.05,0.001977797626642852
2026-03-05,XLV,153.91,-0.019993632601082556
2026-03-06,XLV,152.7,-0.007861737378987765
2026-03-09,XLV,154.26,0.010216110019646285
2026-03-10,XLV,153.15,-0.0071956437183974264
2026-03-11,XLV,152.85,-0.0019588638589618235
2026-03-12,XLV,150.16,-0.017598953222113134
2026-03-13,XLV,149.79,-0.002464038359083709
2026-03-16,XLV,151.01,0.008144735963682592
2026-03-17,XLV,149.64,-0.009072246871068224
2026-03-18,XLV,147.14,-0.016706762897620964
2026-03-19,XLV,146.61,-0.003602011689547213
2026-03-20,XLV,145.33,-0.008730645931382619
2026-03-23,XLV,144.77,-0.003853299387600595
2026-03-24,XLV,144.79,0.00013815016923390822
2026-03-25,XLV,146.24,0.010014503764072202
2026-03-26,XLV,145.74,-0.0034190371991247304
2026-03-27,XLV,143.26,-0.017016604912858613
2026-03-30,XLV,143.82,0.0039089766857463015
2026-03-31,XLV,146.61,0.01939924906132684
2026-04-01,XLV,147.73,0.007639315189959639
2026-04-02,XLV,146.81,-0.006227577337033718
2026-04-06,XLV,146.28,-0.0036101083032491488
2026-04-07,XLV,146.57,0.0019824993163795046
2026-04-08,XLV,149.67,0.021150303609196897
2026-04-09,XLV,149.33,-0.002271664328188483
2026-04-10,XLV,147.31,-0.01352708765820676
2026-04-13,XLV,147.97,0.004480347566356624
2026-04-14,XLV,148.83,0.005811988916672339
2026-04-15,XLV,147.77,-0.007122219982530376
2026-04-16,XLV,146.61,-0.007850037220003991
2026-04-17,XLV,148.8,0.014937589523224881
2026-04-20,XLV,147.42,-0.00927419354838721
2026-04-21,XLV,145.92,-0.010175010175010213
2026-04-22,XLV,146.38,0.003152412280701844
2026-04-23,XLV,146.24,-0.0009564148107663595
2026-04-24,XLV,144.18,-0.014086433260393938
2026-04-27,XLV,143.46,-0.004993757802746579
2026-04-28,XLV,143.84,0.0026488219712812455
2026-04-29,XLV,142.84,-0.006952169076752002
2026-04-30,XLV,145.99,0.0220526463175581
2026-05-01,XLV,145.16,-0.005685320912391378
2026-05-04,XLV,144.73,-0.002962248553320501
2026-05-05,XLV,145.3,0.003938367995578229
2026-05-06,XLV,145.4,0.0006882312456986117
2026-05-07,XLV,144.72,-0.004676753782668519
2026-05-08,XLV,143.49,-0.00849917081260354
2026-05-11,XLV,143.04,-0.003136107045787262
2026-05-12,XLV,145.85,0.019644854586129856
2026-05-13,XLV,146.71,0.0058964689749743115
2026-05-14,XLV,146.63,-0.0005452934360303807
2026-05-15,XLV,145.1,-0.01043442678851536
2026-05-18,XLV,145.72,0.004272915230875363
2026-05-19,XLV,147.32,0.010979961570134478
2026-05-20,XLV,147.13,-0.001289709475970624
2026-05-21,XLV,148.15,0.006932644600013749
2026-05-22,XLV,149.89,0.011744853189334936
